id,title,genre,description
1,AGE OF INNOCENCE (MOVIE TIE-IN),literary fiction|historical fiction,<AGE OF INNOCENCE (MOVIE TIE-IN)> is a literary fiction book about a man torn between societal expectations and forbidden love in 1870s New York.
2,Politically Correct Bedtime Stories: Modern Tales for Our Life and Times,satire|fiction|parody,<Politically Correct Bedtime Stories: Modern Tales for Our Life and Times> is a satire book that retells classic fairy tales with a politically correct and modern twist.
3,See Jane Score (Avon Romance),romance|hockey romance,
4,She Went All the Way (Avon Light Contemporary Romances),romance,<She Went All the Way (Avon Light Contemporary Romances)> is a romance book about a Hollywood screenwriter who finds herself on the run with a famous action star after witnessing a murder.
5,The Boy Next Door,romance|young adult,<The Boy Next Door> is a romance|young adult book about a journalist who discovers her handsome neighbor may not be who he seems after they become romantically involved.
6,"Men Are from Mars, Women Are from Venus: A Practical Guide for Improving Communication and Getting What You Want in Your Relationships",self-help|relationships,"'Men Are from Mars, Women Are from Venus: A Practical Guide for Improving Communication and Getting What You Want in Your Relationships' is a self-help book about understanding and bridging the communication gap between men and women to create healthier and happier relationships"
7,The Poisonwood Bible,historical fiction|literary fiction,"<The Poisonwood Bible> is a historical fiction novel about a missionary family's tumultuous experience in the Congo during the 1960s, exploring themes of cultural clash, redemption, and the impact of colonization."
8,Prodigal Summer,fiction|literature|environmental fiction|romance,"<Prodigal Summer> is a literary fiction novel about three interconnected stories of love, loss, and redemption set against the backdrop of the Appalachian wilderness and the interconnected lives of its inhabitants."
9,I Know This Much Is True (Oprah's Book Club),fiction|psychological fiction|family drama,"<I Know This Much Is True (Oprah's Book Club)> is a psychological fiction book about the complex relationship between identical twin brothers, one of whom struggles with severe mental illness while the other tries to navigate their intertwined past and present."
10,Stupid White Men ...and Other Sorry Excuses for the State of the Nation!,non-fiction|political satire|social criticism,<Stupid White Men ...and Other Sorry Excuses for the State of the Nation!> is a political satire and social criticism book that highlights the faults of the American political system and society through humor and sharp insights.
11,The Divine Secrets of the Ya-Ya Sisterhood: A Novel,fiction|drama|family drama,"<The Divine Secrets of the Ya-Ya Sisterhood: A Novel> is a family drama book about the complex relationships between a group of Southern women known as the Ya-Ya Sisterhood, exploring themes of love, forgiveness, and healing."
12,The Bean Trees,fiction|contemporary|literature,<The Bean Trees> is a contemporary fiction novel about a young woman named Taylor Greer who leaves her small town in Kentucky and embarks on a journey of self-discovery and motherhood after she unexpectedly becomes the guardian of a Native American girl.
13,Animal Dreams,fiction|contemporary|family drama,<Animal Dreams> is a contemporary family drama book about a woman returning to her hometown in Arizona to confront her past and discover her true self.
14,Mutant Message Down Under,fiction|adventure|spiritualism,"<Mutant Message Down Under> is a spiritual adventure fiction book that follows the journey of an American woman as she is guided through the Australian Outback by a group of indigenous Aboriginals, discovering profound spiritual truths along the way."
15,Divine Secrets of the Ya-Ya Sisterhood: A Novel,contemporary fiction|women's fiction,<Divine Secrets of the Ya-Ya Sisterhood: A Novel> is a women's fiction book about the complex relationships and enduring bond between a group of lifelong friends known as the Ya-Ya Sisterhood.
16,Brave New World,science fiction|dystopian fiction,"<Brave New World> is a science fiction dystopian novel about a futuristic society where citizens are controlled through technology, genetic engineering, and conditioning to maintain stability and happiness at the expense of individuality and freedom."
17,The Poisonwood Bible: A Novel,fiction|historical fiction|drama,"""The Poisonwood Bible: A Novel"" is a historical fiction novel about a missionary family's struggles and redemption in the Congo during the 1960s."
18,Bel Canto: A Novel,historical fiction|romance,"<Bel Canto: A Novel> is a historical fiction|romance book about a group of people held hostage in a South American embassy, leading to unexpected connections and relationships."
19,Fast Food Nation: The Dark Side of the All-American Meal,non-fiction|investigative journalism|social commentary,<Fast Food Nation: The Dark Side of the All-American Meal> is an investigative journalism book that exposes the exploitative practices and health risks associated with the fast food industry in America.
20,Five Quarters of the Orange,literary fiction|family drama|historical fiction,"<Five Quarters of the Orange> is a literary fiction book about a woman revisiting her childhood in a small French village during World War II, uncovering dark family secrets and betrayals."
21,Prodigal Summer: A Novel,novel|contemporary fiction|literary fiction,"<Prodigal Summer: A Novel> is a contemporary literary fiction book that weaves together the stories of three characters living in the Appalachian mountains as they navigate love, loss, and the interconnectedness of nature."
22,"Tales of the City (Tales of the City Series, V. 1)",fiction|drama|humor,"<Tales of the City (Tales of the City Series, V. 1)> is a fiction|drama|humor book about the interconnected lives and quirky adventures of residents in a bustling apartment complex in 1970s San Francisco."
23,Little Altars Everywhere: A Novel,fiction|family drama|coming-of-age,<Little Altars Everywhere: A Novel> is a family drama book about the coming-of-age experiences of four sisters as they navigate their complicated relationships with their eccentric mother and dysfunctional family dynamics in the South.
24,The God of Small Things,novel|literary fiction|family drama,<The God of Small Things> is a literary fiction novel about the tragic consequences of forbidden love and societal norms in a dysfunctional Indian family.
25,Wicked: The Life and Times of the Wicked Witch of the West,fantasy|retelling,"<Wicked: The Life and Times of the Wicked Witch of the West> is a fantasy retelling book about the untold story of the infamous witch from ""The Wizard of Oz"" and the complex political and social issues in the Land of Oz"
26,Confessions of an Ugly Stepsister : A Novel,fiction|historical fiction|retelling,"<Confessions of an Ugly Stepsister : A Novel> is a historical fiction retelling about the story of Cinderella from the perspective of one of her stepsisters, exploring themes of beauty, identity, and societal expectations."
27,I Know This Much Is True,family drama|literary fiction,"<I Know This Much Is True> is a family drama/literary fiction book about identical twin brothers struggling with mental illness, trauma, and their complex relationship."
28,"The Professor and the Madman: A Tale of Murder, Insanity, and the Making of The Oxford English Dictionary",true crime|history|biography,"<The Professor and the Madman: A Tale of Murder, Insanity, and the Making of The Oxford English Dictionary> is a true crime and history book that tells the story of the unlikely collaboration between a brilliant professor and a mentally ill murderer who"
29,A Thief of Time (Joe Leaphorn/Jim Chee Novels),mystery|crime fiction,<A Thief of Time (Joe Leaphorn/Jim Chee Novels)> is a mystery/crime fiction book about Navajo tribal police officers investigating the disappearance of an archaeologist and the theft of ancient artifacts in the American Southwest.
30,One for the Money (Stephanie Plum Novels (Paperback)),mystery|crime fiction,<One for the Money (Stephanie Plum Novels (Paperback))> is a mystery/crime fiction book about a newly unemployed woman named Stephanie Plum who becomes a bounty hunter to make ends meet and ends up investigating a case involving her
31,The Perfect Storm : A True Story of Men Against the Sea,nonfiction|adventure|nature,<The Perfect Storm : A True Story of Men Against the Sea> is a nonfiction adventure book about the harrowing true story of a fishing crew caught in the midst of a powerful and deadly storm off the coast of Massachusetts.
32,Courting Trouble,legal thriller|mystery|drama,<Courting Trouble> is a legal thriller by Lisa Scottoline about a female attorney who must defend her estranged sister in a high-profile murder case while uncovering dark family secrets.
33,After All These Years,mystery|suspense,<After All These Years> is a mystery|suspense book about a woman who is wrongly accused of murdering her ex-husband and must clear her name by investigating the crime herself.
34,Mistaken Identity,mystery|thriller|legal thriller,<Mistaken Identity> is a legal thriller about a lawyer who becomes entangled in a dangerous case involving mistaken identities and a conspiracy that puts her own life at risk.
35,The Saving Graces: A Novel,Fiction|Women's Fiction,<The Saving Graces: A Novel> is a Women's Fiction book about the enduring friendship and support among four women as they navigate life's challenges and triumphs together.
36,The Bean Trees,fiction|literature,<The Bean Trees> is a fiction book about a young woman named Taylor Greer who leaves her small town in Kentucky and embarks on a journey of self-discovery and motherhood after acquiring a young Native American girl named Turtle.
37,Switcheroo : A Novel,fiction|comedy|romance,"<Switcheroo : A Novel> is a fiction|comedy|romance book about two women who swap bodies and learn valuable lessons about love, friendship, and self-acceptance."
38,The First Eagle (Jim Chee Novels),mystery|crime fiction|detective fiction,<The First Eagle (Jim Chee Novels)> is a mystery novel about Navajo tribal police officer Jim Chee investigating a murder linked to an ancient tribal legend and a controversial archaeological dig.
39,Hill Towns,fiction|romance|mystery,<Hill Towns> is a fiction|romance|mystery book about a woman who discovers secrets about her family and her own past while exploring the hill towns of Italy.
40,Colony,fiction|drama|mystery,<Colony> is a mystery novel about a woman who returns to her childhood summer home in Georgia and uncovers dark secrets about her family and the history of the secluded island.
41,Outer Banks,fiction|drama|family saga,<Outer Banks> is a family saga that follows the lives of the eccentric and affluent Jackson family as they face personal struggles and secrets on the picturesque Outer Banks of North Carolina.
42,The Alchemist: A Fable About Following Your Dream,Fable|Adventure|Philosophical fiction,<The Alchemist: A Fable About Following Your Dream> is a philosophical fiction book about a young shepherd named Santiago who embarks on a journey to fulfill his personal legend and discover the true meaning of life.
43,Little House on the Prairie,historical fiction|children's literature,<Little House on the Prairie> is a historical fiction children's book about the adventures of the Ingalls family as they settle on the Kansas prairie in the late 1800s.
44,Charlotte's Web (Trophy Newbery),fiction|children's literature|animal fiction,"<Charlotte's Web (Trophy Newbery)> is a children's literature book about a pig named Wilbur who forms a friendship with a spider named Charlotte, who saves him from being slaughtered by using her web to write messages praising him."
45,Bridge to Terabithia,fiction|children's literature|coming-of-age,"<Bridge to Terabithia> is a children's literature novel about a friendship between two lonely outsiders who create a magical kingdom in the woods, helping each other navigate the challenges of growing up and finding solace in their imaginative world."
46,"The Bad Beginning (A Series of Unfortunate Events, Book 1)",children's fiction|dark comedy|fantasy,"<The Bad Beginning (A Series of Unfortunate Events, Book 1)> is a children's fiction|dark comedy|fantasy book about three siblings who encounter a series of tragic events after their parents die in a mysterious fire, leading them to"
47,"The Reptile Room (A Series of Unfortunate Events, Book 2)",mystery|adventure|dark comedy,"<The Reptile Room (A Series of Unfortunate Events, Book 2)> is a mystery|adventure|dark comedy book about the Baudelaire orphans' new guardian and his connection to a mysterious reptile collection."
48,"Angus, Thongs and Full-Frontal Snogging: Confessions of Georgia Nicolson",young adult|humor|romance,"<Angus, Thongs and Full-Frontal Snogging: Confessions of Georgia Nicolson> is a young adult humor and romance book about the hilarious and awkward adventures of teenage Georgia Nicolson as she navigates friendships, crushes,"
49,"Princess in the Spotlight (The Princess Diaries, Vol. 2)",young adult|romance|contemporaryfiction,"<Princess in the Spotlight (The Princess Diaries, Vol. 2)> is a young adult contemporary fiction book about a teenage girl navigating the challenges of being a princess while dealing with typical teenage struggles."
50,Prey: A Novel,sci-fi|techno-thriller|action,<Prey: A Novel> is a sci-fi techno-thriller about a group of scientists who must confront a swarm of deadly nanobots that have gone rogue.
51,Fried Green Tomatoes at the Whistle Stop Cafe,fiction|historical fiction|southern fiction|humor,"<Fried Green Tomatoes at the Whistle Stop Cafe> is a southern fiction book about the friendship between two women in Alabama, as told through stories of love, loss, and empowerment."
52,The Tao of Pooh,philosophy|literature|self-help,<The Tao of Pooh> is a philosophy book that uses characters from Winnie the Pooh to explain the principles of Taoism and how they can be applied to lead a more fulfilling and peaceful life.
53,Obasan,historical fiction|immigrant experience|family drama,<Obasan> is a historical fiction book about a Japanese-Canadian family's experience during and after the internment camps of World War II.
54,Lake Wobegon days,fiction|humor|short stories,<Lake Wobegon days> is a humor-filled collection of interconnected short stories that paint a nostalgic and charming portrait of life in a small Minnesota town.
55,Love in the Time of Cholera (Penguin Great Books of the 20th Century),romance|historical fiction,"<Love in the Time of Cholera (Penguin Great Books of the 20th Century)> is a romance novel about the enduring love between Florentino Ariza and Fermina Daza, which spans over 50 years despite societal obstacles"
56,The Liar's Club: A Memoir,memoir,<The Liar's Club: A Memoir> is a memoir about Mary Karr's tumultuous childhood growing up in an East Texas oil town with a mentally ill mother and an alcoholic father.
57,The Stone Diaries,fiction|biographical novel|historical novel,"<The Stone Diaries> is a biographical novel about the life of Daisy Goodwill Flett, exploring themes of identity, memory, and the complexities of human experience."
58,Songs in Ordinary Time (Oprah's Book Club (Paperback)),fiction|drama|family drama,<Songs in Ordinary Time (Oprah's Book Club (Paperback))> is a family drama book about an impoverished single mother and her children who become entangled with a charming con artist in a small New England town in the 1960
59,At Home in Mitford (The Mitford Years),fiction|contemporary|christian fiction,"<At Home in Mitford (The Mitford Years)> is a contemporary Christian fiction novel about Father Tim, a small-town Episcopal priest in Mitford, and the quirky characters and heartwarming stories that make up his community."
60,A Light in the Window (The Mitford Years),Fiction|Christian Fiction|Contemporary fiction,"<A Light in the Window (The Mitford Years)> is a Christian fiction novel about the small town of Mitford where Episcopal priest Father Tim deals with love, loss, and community."
61,"These High, Green Hills (The Mitford Years)",fiction|contemporary|Christian fiction,"<These High, Green Hills (The Mitford Years)> is a contemporary Christian fiction book that follows Father Tim as he navigates the joys and challenges of small-town life in the charming town of Mitford."
62,A New Song (Mitford Years (Paperback)),fiction|Christian fiction|contemporary romance,"<A New Song (Mitford Years (Paperback))> is a Christian fiction book about a small-town Episcopal priest navigating love, loss, and faith in the charming town of Mitford."
63,Bridget Jones's Diary,romantic comedy|chick lit,<Bridget Jones's Diary> is a romantic comedy chick lit book about a single woman in her thirties navigating the ups and downs of dating and relationships while trying to improve her career and personal life.
64,The Girls' Guide to Hunting and Fishing,Fiction|Romance|Women's Fiction,<The Girls' Guide to Hunting and Fishing> is a Women's Fiction book about a young woman navigating love and relationships through a series of humorous and heartwarming vignettes.
65,Girl in Hyacinth Blue,historical fiction|literary fiction,"<Girl in Hyacinth Blue> is a historical fiction/literary fiction book about the journey of a mysterious painting depicting a young girl in a blue dress, exploring the impact it has on various lives across different time periods."
66,Bridget Jones: The Edge of Reason,romance|comedy|chick lit,<Bridget Jones: The Edge of Reason> is a romantic comedy chick lit novel that follows Bridget as she navigates the ups and downs of her relationship with Mark Darcy while facing new challenges and hilarious mishaps.
67,Chocolat,fiction|literature|contemporary fiction|drama,"<Chocolat> is a contemporary fiction novel about Vianne Rocher, a mysterious chocolatier who arrives in a conservative French village and disrupts its strict social order with her indulgent creations and unconventional beliefs."
68,Bridget Jones's Diary,romance|humor|chick lit,<Bridget Jones's Diary> is a romance|humor|chick lit book about a quirky British woman navigating her love life and career while keeping a hilarious diary of her mishaps and adventures.
69,Icy Sparks,Fiction|Historical fiction|Literature,<Icy Sparks> is a historical fiction novel about a young girl in 1950s Kentucky who struggles with Tourette's syndrome and faces discrimination and isolation from her community.
70,Year of Wonders,historical fiction|drama,"<Year of Wonders> is a historical fiction novel about a village in England during the plague outbreak of 1665, as a young woman grapples with loss, fear, and resilience."
71,The Secret Life of Bees,fiction|drama|coming-of-age,<The Secret Life of Bees> is a coming-of-age fiction book about a young girl named Lily Owens who runs away from her abusive father and finds solace and family in a group of beekeeping sisters in South Carolina.
72,The Eyre Affair: A Novel,mystery|fantasy|science fiction,"<The Eyre Affair: A Novel> is a mystery|fantasy|science fiction book about literary detective Thursday Next who must enter the world of Charlotte Bronte's ""Jane Eyre"" to solve a case involving the kidnapping of characters from"
73,"Word Freak: Heartbreak, Triumph, Genius, and Obsession in the World of Competitive Scrabble Players",Non-fiction|Memoir|Games|Sports,"<Word Freak: Heartbreak, Triumph, Genius, and Obsession in the World of Competitive Scrabble Players> is a memoir about journalist Stefan Fatsis's journey into the competitive world of Scrabble, where he becomes immersed in the lives of"
74,East of Eden (Oprah's Book Club),fiction|literary fiction|historical fiction,"<East of Eden (Oprah's Book Club)> is a literary fiction book about the intertwined destinies of two families in California's Salinas Valley, exploring themes of good and evil, history, and the power of choice."
75,The Crimson Petal and the White,historical fiction|drama|literature,<The Crimson Petal and the White> is a historical fiction book about the intertwining lives of a Victorian prostitute and a wealthy businessman in 19th century London.
76,Where or When  : A Novel,fiction|romance|historical fiction,"<Where or When  : A Novel> is a historical fiction romance book about a woman who discovers a long-lost love letter hidden in a book, prompting her to revisit a past romance that ended tragically."
77,Life of Pi,adventure|fantasy|drama,<Life of Pi> is an adventure|fantasy|drama book about a young Indian boy who survives a shipwreck and is left stranded on a lifeboat in the Pacific Ocean with a Bengal tiger named Richard Parker.
78,The Crimson Petal and the White,historical fiction|drama|romance,<The Crimson Petal and the White> is a historical fiction novel about a young prostitute in Victorian London who seeks to improve her life and escape the confines of her profession.
79,Mrs Dalloway,modernist|fiction|stream of consciousness,"<Mrs Dalloway> is a modernist fiction book about a day in the life of Clarissa Dalloway as she prepares for a party, navigating through her memories and emotions."
80,The Red Tent (Bestselling Backlist),historical fiction|biblical fiction|women's fiction,"<The Red Tent (Bestselling Backlist)> is a historical fiction book about the lesser-known stories and experiences of women in the biblical era, focusing on the life of Dinah, daughter of Jacob and Leah."
81,I Capture the Castle,coming-of-age|classic|romance,<I Capture the Castle> is a coming-of-age classic romance novel about a young girl named Cassandra who writes in her journal about her eccentric family living in a crumbling English castle in the 1930s.
82,The Hours : A Novel,literary fiction|contemporary fiction|LGBTQ+ fiction,"<The Hours : A Novel> is a literary fiction book about the interconnected lives of three women from different time periods who are all affected by Virginia Woolf's novel ""Mrs. Dalloway."""
83,To the Nines: A Stephanie Plum Novel,mystery|humor|crime fiction,<To the Nines: A Stephanie Plum Novel> is a mystery|humor|crime fiction book about bounty hunter Stephanie Plum tracking down a missing person while dealing with a mysterious stalker and navigating her complicated love life.
84,The Nanny Diaries: A Novel,fiction|humor|contemporary fiction,<The Nanny Diaries: A Novel> is a contemporary fiction book about a young nanny navigating the eccentricities and challenges of working for a wealthy Manhattan family.
85,Ten Big Ones: A Stephanie Plum Novel,mystery|crime fiction,<Ten Big Ones: A Stephanie Plum Novel> is a mystery/crime fiction book about bounty hunter Stephanie Plum who finds herself in danger after witnessing a crime and must navigate through chaos to catch the criminals.
86,The Nanny Diaries: A Novel,fiction|comedy|drama,<The Nanny Diaries: A Novel> is a fiction|comedy|drama book about a young nanny navigating the challenges of working for a wealthy and dysfunctional family on the Upper East Side of Manhattan.
87,The Hours: A Novel,fiction|literary fiction|contemporary fiction,"<The Hours: A Novel> is a literary fiction book about three women living in different time periods whose lives are interconnected through Virginia Woolf's novel ""Mrs. Dalloway."""
88,Visions of Sugar Plums,mystery|humor|holiday,<Visions of Sugar Plums> is a mystery|humor|holiday book about bounty hunter Stephanie Plum's quirky Christmas adventure involving a strange man in her kitchen and a case of missing elves.
89,The Dirty Girls Social Club: A Novel,women's fiction|contemporary fiction,"<The Dirty Girls Social Club: A Novel> is a contemporary fiction book about six Latina friends navigating life, love, and career challenges in Los Angeles."
90,Middlesex: A Novel,coming-of-age|historical fiction|family saga,"<Middlesex: A Novel> is a coming-of-age family saga that follows the story of Cal, who was born intersex and raised as a girl before discovering his true identity as a man."
91,Running with Scissors: A Memoir,memoir,<Running with Scissors: A Memoir> is a darkly humorous memoir about Augusten Burroughs' unconventional and chaotic upbringing after being sent to live with his mother's psychiatrist and his eccentric family.
92,Silence of the Lambs,crime fiction|thriller|psychological thriller|horror,"<Silence of the Lambs> is a psychological thriller about FBI trainee Clarice Starling seeking the help of incarcerated cannibalistic serial killer Dr. Hannibal Lecter to catch another serial killer known as ""Buffalo Bill."""
93,September,fiction|romance|family drama,"<September> is a fiction|romance|family drama book about the lives of a group of family and friends who reunite at a beautiful Scottish estate for a special celebration, leading to unexpected revelations and emotional discoveries."
94,A Simple Plan,thriller|crime fiction|mystery,<A Simple Plan> is a thriller book about three men who find a bag of money in the woods and make a decision that sets off a chain of deadly consequences.
95,Three To Get Deadly : A Stephanie Plum Novel (A Stephanie Plum Novel),mystery|crime fiction,<Three To Get Deadly : A Stephanie Plum Novel (A Stephanie Plum Novel)> is a mystery|crime fiction book about bounty hunter Stephanie Plum hunting down a beloved local candy store owner who skipped bail for selling stolen merchandise.
96,Tell Me Lies (Tell Me Lies),romance,"<Tell Me Lies (Tell Me Lies)> is a romance book about a woman who teams up with a charming con artist to uncover a secret in her small town, leading to unexpected romance and danger."
97,Four To Score (A Stephanie Plum Novel),Mystery|Crime fiction|Humor,<Four To Score (A Stephanie Plum Novel)> is a humorous mystery and crime fiction book about bounty hunter Stephanie Plum tracking down a scam artist while dealing with various mishaps and quirky characters along the way.
98,Crazy for You,romance|comedy,<Crazy for You> is a romance/comedy book about a woman who gets tangled up in a zany scheme with her ex-boyfriend's brother while trying to save her failing business.
99,High Five (A Stephanie Plum Novel),mystery|suspense|humor,<High Five (A Stephanie Plum Novel)> is a mystery|suspense|humor book about bounty hunter Stephanie Plum's hilarious and perilous adventures tracking down a fugitive who also happens to be her ex-boyfriend.
100,Welcome to Temptation,romance|comedy,<Welcome to Temptation> is a romance-comedy book about two sisters who get caught up in a scandalous small-town murder investigation while attempting to film a documentary.
101,Hot Six : A Stephanie Plum Novel (A Stephanie Plum Novel),mystery|humor|crime fiction,<Hot Six : A Stephanie Plum Novel (A Stephanie Plum Novel)> is a mystery|humor|crime fiction book about bounty hunter Stephanie Plum tracking down a dangerous mobster while dealing with quirky characters and hilarious situations.
102,Winter Solstice,fiction|romance|family drama,<Winter Solstice> is a heartwarming fiction and romance novel that follows the lives of five strangers who come together to form a makeshift family during the Christmas season in a picturesque Scottish village.
103,Now You See Me,mystery|suspense,<Now You See Me> is a mystery|suspense book about a woman with psychic abilities who teams up with a skeptical detective to solve a series of murders that may be connected to her past.
104,Seven Up (A Stephanie Plum Novel),mystery|humor|crime fiction,<Seven Up (A Stephanie Plum Novel)> is a mystery/crime fiction book about bounty hunter Stephanie Plum's latest hilarious and dangerous assignment to find a missing waitress.
105,Fast Women,romance|contemporary romance,<Fast Women> is a contemporary romance novel about a group of women who team up to uncover the truth behind a scandal involving their late boss's widow.
106,Full House (Janet Evanovich's Full Series),mystery|romance|humor,<Full House (Janet Evanovich's Full Series)> is a mystery|romance|humor book about a divorced mother balancing her chaotic life with her quirky family while navigating a new romance with a sexy bounty hunter.
107,Full Tilt (Janet Evanovich's Full Series),mystery|suspense|romance,<Full Tilt (Janet Evanovich's Full Series)> is a mystery|suspense|romance book about a woman who must navigate danger and romance as she investigates a series of mysterious events.
108,Full Speed (Janet Evanovich's Full Series),mystery|romance|hilarious fiction,<Full Speed (Janet Evanovich's Full Series)> is a mystery|romance|hilarious fiction book about a former country music star turned bounty hunter and her sexy sidekick as they track down a fugitive while navigating their complicated relationship.
109,Faking It,romance|romantic comedy,"<Faking It> is a romantic comedy book about a con artist and an art forger who team up to pull off a scam, leading to unexpected romance and chaos."
110,Hard Eight : A Stephanie Plum Novel (A Stephanie Plum Novel),mystery|crime fiction|humor,"<Hard Eight : A Stephanie Plum Novel (A Stephanie Plum Novel)> is a mystery and crime fiction book about bounty hunter Stephanie Plum tracking down a missing mother, encountering danger and humor along the way."
111,Visions of Sugar Plums: A Stephanie Plum Holiday Novel,holiday fiction|romance|mystery,"<Visions of Sugar Plums: A Stephanie Plum Holiday Novel> is a holiday fiction book about bounty hunter Stephanie Plum's quest to find a missing toy store owner during the Christmas season, while also dealing with supernatural occurrences and a mysterious man named Diesel"
112,One for the Money (A Stephanie Plum Novel),crime fiction|mystery,"""One for the Money (A Stephanie Plum Novel)"" is a crime fiction book about a rookie bounty hunter named Stephanie Plum who sets out to catch a dangerous fugitive while navigating the chaotic world of bail bonds and crime in New Jersey."
113,Digital Fortress : A Thriller,thriller|mystery|techno-thriller,"<Digital Fortress : A Thriller> is a techno-thriller book about a top-secret NSA code-breaking machine, a deadly virus threatening national security, and the race to stop a cyber-attack."
114,Sea Glass: A Novel,fiction|romance|historical fiction,"<Sea Glass: A Novel> is a historical fiction romance novel set in the 1920s, following the intertwined lives of a young couple and a group of factory workers during the Great Depression."
115,Lucky : A Memoir,memoir|autobiography,<Lucky : A Memoir> is a memoir about Alice Sebold's brutal rape as a college student and her journey towards healing and justice.
116,The Dogs of Babel (Today Show Book Club #12),fiction|drama|psychological fiction,<The Dogs of Babel (Today Show Book Club #12)> is a psychological fiction book about a grieving linguist who tries to unravel the mystery of his wife's death by teaching their dog to talk.
117,White Oleander : A Novel (Oprah's Book Club),fiction|drama |family relationships,<White Oleander : A Novel (Oprah's Book Club)> is a fiction/drama book about a young girl's journey through the foster care system after her mother is imprisoned for murder.
118,White Oleander : A Novel,drama|fiction,<White Oleander : A Novel> is a drama book about a young girl's journey through foster care and the challenges she faces as she navigates her tumultuous relationships with her mother and the various women who take her in.
119,The Pilot's Wife : A Novel,fiction|drama|suspense,"<The Pilot's Wife : A Novel> is a suspenseful drama about a woman who discovers unsettling secrets about her husband, a pilot, after his sudden death in a plane crash."
120,The Jester,crime fiction|mystery|thriller,"<The Jester> is a crime fiction book about a man seeking revenge on the king who destroyed his life, leading to a thrilling and suspenseful tale of betrayal and redemption."
121,1st to Die: A Novel,mystery|suspense|thriller,<1st to Die: A Novel> is a suspenseful thriller about a group of women detectives working together to catch a serial killer targeting newlywed couples.
122,The Lovely Bones: A Novel,Fiction|Suspense|Mystery,<The Lovely Bones: A Novel> is a suspenseful and haunting book about a young girl who watches over her family from the afterlife after she is brutally murdered.
123,Fortune's Rocks : A Novel,historical fiction|romance,<Fortune's Rocks : A Novel> is a historical fiction|romance book about a scandalous love affair between a young woman and a wealthy older man in turn-of-the-century New England.
124,Four Blind Mice,Thriller|Crime fiction,<Four Blind Mice> is a thriller/crime fiction book about Detective Alex Cross investigating a series of murders committed by a group of corrupt soldiers.
125,2nd Chance,suspense|crime fiction,<2nd Chance> is a suspenseful crime fiction book about the Women's Murder Club investigating a series of murders targeting teachers in San Francisco.
126,Violets Are Blue,mystery|thriller,<Violets Are Blue> is a thrilling mystery novel about Detective Alex Cross who investigates a series of gruesome murders committed by a psychopathic killer.
127,The Catcher in the Rye,Coming of Age|Literary Fiction|Mental Health,<The Catcher in the Rye> is a Coming of Age|Literary Fiction|Mental Health book about a teenage boy named Holden Caulfield who struggles with growing up and navigating the complexities of adulthood while mourning the loss of innocence in the world
128,Me Talk Pretty One Day,memoir|humor,<Me Talk Pretty One Day> is a humorous memoir about David Sedaris's experiences living in France and trying to learn the language.
129,The Weight of Water : A Novel Tag: Author of Resistance and Strange Fits of Passion,drama|relationship fiction|historical fiction,<The Weight of Water : A Novel Tag: Author of Resistance and Strange Fits of Passion> is a historical fiction book about a photographer uncovering a dark family secret while researching a century-old crime on an isolated island.
130,Fortune's Rocks: A Novel,historical fiction|romance,<Fortune's Rocks: A Novel> is a historical fiction|romance book about a scandalous love affair between a young woman and a wealthy older man in early 20th century New England.
131,The Last Time They Met : A Novel,romance|literary fiction,"<The Last Time They Met : A Novel> is a romance and literary fiction book that follows the tumultuous love story between two poets over three decades, exploring themes of loss, betrayal, and redemption."
132,The Weight of Water,fiction|drama|historical fiction,<The Weight of Water> is a historical fiction book about a photographer who uncovers a dark family secret while researching a 19th-century murder case on the coast of New Hampshire.
133,The Pilot's Wife,fiction|drama|mystery,<The Pilot's Wife> is a fiction|drama|mystery book about a woman who discovers shocking secrets about her husband's life after his sudden death in a plane crash.
134,The Pilot's Wife : A Novel Tag: Author of the Weight of Water (Oprah's Book Club (Hardcover)),domestic fiction|psychological fiction|mystery,<The Pilot's Wife : A Novel Tag: Author of the Weight of Water (Oprah's Book Club (Hardcover))> is a psychological fiction book about a woman who discovers shocking secrets about her husband after his sudden death in a plane
135,"River, Cross My Heart",historical fiction|family drama,"<River, Cross My Heart> is a historical fiction|family drama book about a young girl navigating the complexities of loss, love, and community in 1920s Georgetown."
136,Suzanne's Diary for Nicholas,romance|drama,<Suzanne's Diary for Nicholas> is a heart-wrenching romance novel about a woman named Katie who discovers her boyfriend's late wife's diary and learns about their beautiful love story.
137,Moreta: Dragonlady of Pern,fantasy|science fiction,<Moreta: Dragonlady of Pern> is a fantasy book about a strong and courageous dragonrider who must navigate political intrigue and a deadly plague in order to save her world.
138,2010: Odyssey Two,Science fiction,<2010: Odyssey Two> is a science fiction novel about a mission to Jupiter to investigate the mysterious monolith and the discovery of a sentient alien intelligence.
139,Private Screening,mystery|suspense,<Private Screening> is a mystery|suspense book about a high-profile attorney who becomes entangled in a murder investigation while representing a famous actor accused of killing his wife.
140,"The Vampire Lestat (Vampire Chronicles, Book II)",horror|fantasy|gothic fiction,"<The Vampire Lestat (Vampire Chronicles, Book II)> is a horror|fantasy|gothic fiction book about the awakening of a charismatic and enigmatic vampire who shares his centuries-long journey of immortality and longing for connection with humanity"
141,Sword of Shannara,fantasy|adventure,<Sword of Shannara> is a fantasy adventure book about a young man named Shea Ohmsford who must wield a powerful sword to defeat an evil warlock threatening the world.
142,Feast of All Saints,historical fiction|drama|cultural fiction,"<Feast of All Saints> is a historical fiction book about the lives of free people of color in 19th century New Orleans, exploring themes of race, identity, and societal expectations."
143,Interview with the Vampire,horror|fantasy|gothic fiction,<Interview with the Vampire> is a horror|fantasy|gothic fiction book about a vampire named Louis who recounts his life story and struggles with immortality to a journalist.
144,The Hobbit : The Enchanting Prelude to The Lord of the Rings,Fantasy|Adventure,"<The Hobbit : The Enchanting Prelude to The Lord of the Rings> is a Fantasy|Adventure book about Bilbo Baggins, a hobbit who embarks on a thrilling journey with a group of dwarves to reclaim their homeland"
145,"The Fellowship of the Ring (The Lord of the Rings, Part 1)",fantasy|adventure,"<The Fellowship of the Ring (The Lord of the Rings, Part 1)> is a fantasy|adventure book about a young hobbit named Frodo Baggins who embarks on a dangerous journey to destroy a powerful ring and save Middle"
146,"The Two Towers (The Lord of the Rings, Part 2)",fantasy|adventure,"<The Two Towers (The Lord of the Rings, Part 2)> is a fantasy adventure book about the ongoing quest of Frodo and Sam to destroy the One Ring, while Aragorn, Legolas, and Gimli lead the fight against"
147,"The Return of the King (The Lord of the Rings, Part 3)",fantasy|adventure,"<The Return of the King (The Lord of the Rings, Part 3)> is a fantasy adventure book about the final battle for Middle-earth as the forces of good unite to defeat the dark lord Sauron and destroy the One Ring."
148,Fahrenheit 451,dystopian|science fiction,<Fahrenheit 451> is a dystopian science fiction book about a society where books are banned and firemen burn them to suppress knowledge and free thought.
149,The Princess Bride: S Morgenstern's Classic Tale of True Love and High Adventure,fantasy|romance|adventure,"<The Princess Bride: S Morgenstern's Classic Tale of True Love and High Adventure> is a fantasy romance adventure book about a beautiful princess, a dashing hero, and their epic quest to be reunited against all odds."
150,The Killer Angels,historical fiction|war fiction,"""The Killer Angels"" is a historical fiction book about the Battle of Gettysburg during the American Civil War, focusing on the perspectives of key military leaders from both the Union and Confederate sides."
151,The Mists of Avalon,fantasy|historical fiction,"<The Mists of Avalon> is a fantasy|historical fiction book about the legendary King Arthur and his court, told from the perspectives of the powerful women of Avalon."
152,The Queen of the Damned (Vampire Chronicles (Paperback)),horror|fantasy|supernatural,<The Queen of the Damned (Vampire Chronicles (Paperback))> is a horror|fantasy|supernatural book about the awakening of an ancient vampire queen who threatens to destroy the world as we know it.
153,Guardians of the West (Book 1 of the Malloreon),fantasy|adventure,<Guardians of the West (Book 1 of the Malloreon)> is a fantasy adventure book about a group of companions embarking on a quest to find a powerful magical orb and stop an evil god from rising to power.
154,Sphere,science fiction|thriller|adventure,"<Sphere> is a science fiction thriller about a team of scientists investigating a mysterious spacecraft discovered at the bottom of the Pacific Ocean, only to encounter a powerful and dangerous alien presence."
155,Eaters of the Dead,historical fiction|fantasy,<Eaters of the Dead> is a historical fiction/fantasy book that follows a 10th-century Muslim traveler who is recruited by a group of Vikings to help them battle mysterious creatures that are terrorizing their village.
156,A Prayer for Owen Meany,literary fiction|drama|coming-of-age,"<A Prayer for Owen Meany> is a literary fiction novel about a young boy named John Wheelwright and his friendship with the unusual and prophetic Owen Meany, as they navigate life and faith in a small New Hampshire town."
157,The Eight,mystery|thriller|historical fiction|adventure,<The Eight> is a historical fiction mystery thriller adventure about a young woman who becomes embroiled in a centuries-old treasure hunt involving a powerful chess set and a secret society.
158,The Mummy or Ramses the Damned,horror|fantasy|historical fiction,<The Mummy or Ramses the Damned> is a horror|fantasy|historical fiction book about the resurrected Egyptian pharaoh Ramses II navigating the modern world while grappling with his immortality.
159,Jurassic Park,science fiction|adventure,<Jurassic Park> is a science fiction adventure book about a theme park filled with genetically engineered dinosaurs that escape and wreak havoc on the island.
160,How to Make an American Quilt,fiction|contemporary fiction|women's fiction,"<How to Make an American Quilt> is a contemporary fiction book about a young woman who learns about life, love, and family while quilting with a group of diverse women in her grandmother's small town."
161,The Andromeda Strain,science fiction|thriller,<The Andromeda Strain> is a science fiction thriller about a team of scientists racing against time to contain a deadly extraterrestrial microorganism that threatens to wipe out all life on Earth.
162,Congo,Adventure|Science Fiction,<Congo> is a Adventure|Science Fiction book about a group of explorers on a dangerous expedition to the African jungle in search of a lost city and a valuable diamond.
163,Rising Sun,mystery|thriller|crime fiction,"<Rising Sun> is a mystery|thriller book about a murder investigation in a high-tech Japanese corporation in Los Angeles, uncovering corporate espionage and cultural clashes."
164,Degree of Guilt,legal thriller|mystery|crime fiction,<Degree of Guilt> is a legal thriller about a high-profile murder trial involving a successful attorney accused of killing her ex-lover.
165,TickTock,thriller|suspense|horrow,<TickTock> is a thriller book about a single mother and her son being terrorized by a demonic force that targets children.
166,Icebound,suspense|horror|thriller,"<Icebound> is a suspenseful thriller about a group of people trapped in an isolated research station in the Arctic, facing a mysterious and deadly threat."
167,Intensity,suspense|horror,"""Intensity"" is a suspenseful horror novel about a young woman who becomes the target of a sadistic serial killer and must fight for her life."
168,Sole Survivor,thriller|suspense|horror,<Sole Survivor> is a suspenseful thriller about a woman who becomes the target of a mysterious organization after being the only survivor of a plane crash that killed everyone else on board.
169,The Witching Hour (Lives of the Mayfair Witches),horror|fantasy|occult,<The Witching Hour (Lives of the Mayfair Witches)> is a horror|fantasy|occult book about the dark and mysterious history of the Mayfair family and their connection to a powerful and malevolent spirit.
170,The Tale of the Body Thief (Vampire Chronicles (Paperback)),horror|fantasy,"""The Tale of the Body Thief (Vampire Chronicles (Paperback)) is a horror|fantasy book about a vampire who trades bodies with a mortal in a desperate attempt to regain his lost humanity."""
171,Eyes of a Child,mystery|thriller,<Eyes of a Child> is a mystery thriller about a prosecutor who must unravel a complex web of deceit and corruption to solve a high-profile murder case.
172,The Cider House Rules,fiction|drama|coming-of-age,"<The Cider House Rules> is a coming-of-age fiction novel about a young orphan who grows up in a Maine orphanage run by a morally complex doctor, grappling with questions of morality, identity, and purpose."
173,Primal Fear,crime fiction|legal thriller|psychological thriller,"<Primal Fear> is a psychological thriller about a defense attorney representing a young altar boy accused of murdering a beloved archbishop, who soon discovers a shocking truth about his client's true nature."
174,Disclosure,thriller|science fiction,"<Disclosure> is a thriller|science fiction book about a man who is falsely accused of sexual harassment by his female boss, who is also his ex-lover, as he navigates the dangerous world of corporate espionage and betrayal."
175,The Hitchhiker's Guide to the Galaxy,science fiction|humor|satire,<The Hitchhiker's Guide to the Galaxy> is a science fiction humor book about an ordinary man who is taken on a whirlwind adventure through space after Earth is destroyed to make way for a hyperspace bypass.
176,Reviving Ophelia: Saving the Selves of Adolescent Girls (Ballantine Reader's Circle),non-fiction|psychology|self-help,<Reviving Ophelia: Saving the Selves of Adolescent Girls (Ballantine Reader's Circle)> is a psychology and self-help book that explores the challenges faced by teenage girls in today's society and offers strategies for empowering them to navigate adolescence with
177,Dark Rivers of the Heart,thriller|suspense|horror,<Dark Rivers of the Heart> is a thriller book about a man named Spencer Grant who must confront his troubled past and a government conspiracy while on the run with a mysterious woman named Valerie Keene.
178,Lasher: Lives of the Mayfair Witches (Lives of the Mayfair Witches),horror|fantasy,<Lasher: Lives of the Mayfair Witches (Lives of the Mayfair Witches)> is a horror|fantasy book about the mysterious entity Lasher's attempts to continue his bloodline through the Mayfair family.
179,The Lost World,fiction|sci-fi|adventure,<The Lost World> is a science fiction adventure book about a group of scientists who discover a hidden ecosystem of dinosaurs on a remote island.
180,Sleepers,drama|crime fiction|thriller,<Sleepers> is a drama/crime fiction/thriller book about a group of four boys who seek revenge on the guards who abused them during their time in a juvenile detention center.
181,Taltos: Lives of the Mayfair Witches,fantasy|horror,<Taltos: Lives of the Mayfair Witches> is a fantasy|horror book about the mysterious and powerful Taltos creatures who become intertwined with the lives of the Mayfair family.
182,Silent Witness,legal thriller|mystery|suspense,<Silent Witness> is a legal thriller about a high-profile murder trial that puts a criminal defense attorney in a moral dilemma when he suspects his client may be guilty.
183,The Final Judgment,mystery|legal thriller|crime fiction,<The Final Judgment> is a legal thriller about a lawyer defending a man accused of a brutal murder while grappling with his own personal demons.
184,The Last Don,crime fiction,"<The Last Don> is a crime fiction book about the powerful and ruthless leader of a Mafia family in New York who navigates through betrayal, love, and revenge to secure his legacy."
185,"The Golden Compass (His Dark Materials, Book 1)",fantasy|adventure,"<The Golden Compass (His Dark Materials, Book 1)> is a fantasy adventure book about a young girl named Lyra who embarks on a dangerous journey to rescue her kidnapped friend and uncover dark secrets in a parallel universe."
186,Billy Straight : A Novel,mystery|crime fiction,<Billy Straight : A Novel> is a mystery/crime fiction book about a young boy who witnesses a murder and teams up with a seasoned detective to catch the killer.
187,Monster : A Novel (Alex Delaware Novels (Paperback)),crime fiction,<Monster : A Novel (Alex Delaware Novels (Paperback))> is a crime fiction book about psychologist Alex Delaware assisting in a case involving a disturbed teenage boy suspected of a brutal murder.
188,Dr. Death (Alex Delaware Novels (Paperback)),crime fiction|thriller,"<Dr. Death (Alex Delaware Novels (Paperback))> is a crime fiction thriller about psychologist Alex Delaware's investigation into a series of murders involving a mysterious killer known as ""Dr. Death""."
189,Flesh and Blood,mystery|thriller|crime fiction,<Flesh and Blood> is a thriller book about psychologist Alex Delaware investigating a murder with eerie connections to his own past.
190,The Murder Book,mystery|thriller|crime fiction,<The Murder Book> is a crime fiction novel about a psychologist who gets involved in solving a cold case murder that leads to a web of dark secrets.
191,Timeline,science fiction|thriller|historical fiction,<Timeline> is a science fiction thriller about a group of archaeologists who travel back in time to medieval France and must navigate the dangers of the past to find their way home.
192,The Genesis Code,mystery|suspense|thriller,<The Genesis Code> is a suspenseful thriller about a geneticist who uncovers a dangerous secret involving a mysterious virus and a powerful pharmaceutical company.
193,Pandora: New Tales of the Vampires (New Tales of the Vampires),horror|fantasy,"<Pandora: New Tales of the Vampires (New Tales of the Vampires)> is a horror|fantasy book about Pandora, a vampire who recounts her origins and experiences in the world of the undead."
194,A Kiss of Shadows (Meredith Gentry Novels (Paperback)),fantasy|urban fantasy|romance,"<A Kiss of Shadows (Meredith Gentry Novels (Paperback))> is a fantasy/urban fantasy/romance book about Meredith Gentry, a faerie princess who navigates the dangerous world of the Fae in order to claim"
195,A Widow for One Year,fiction|drama|literary fiction,<A Widow for One Year> is a literary fiction book about the complex relationships and tragedies that unfold in the life of a writer and his family over several decades.
196,The Angel of Darkness,mystery|historical fiction,<The Angel of Darkness> is a historical fiction mystery novel that follows the investigation led by Dr. Kreizler and his team to find a kidnapped child in 19th century New York City.
197,A Widow for One Year,fiction|drama|romance,"<A Widow for One Year> is a drama/romance fiction book about a woman who experiences loss, love, and rediscovery over several decades following the tragic death of her children."
198,Open House (Oprah's Book Club (Paperback)),domestic fiction|relationship fiction,<Open House (Oprah's Book Club (Paperback))> is a domestic fiction book about a recently divorced woman navigating the challenges of starting over and finding herself.
199,The Dress Lodger (Ballantine Reader's Circle),historical fiction|literary fiction,"<The Dress Lodger (Ballantine Reader's Circle)> is a historical fiction novel about a young prostitute and a medical student in 19th century England as they navigate the dangers of poverty, disease, and social inequality."
200,Big Stone Gap: A Novel (Ballantine Reader's Circle),fiction|romance|drama,<Big Stone Gap: A Novel (Ballantine Reader's Circle)> is a heartwarming fiction romance novel centered around a small-town pharmacist who discovers unexpected love and family secrets in the Appalachian mountains of Virginia.
201,Drowning Ruth (Oprah's Book Club),historical fiction|drama|mystery,<Drowning Ruth (Oprah's Book Club)> is a historical fiction book about the dark secrets and family drama that unfold after a tragic drowning at a Wisconsin lake in 1919.
202,Summer Island,family drama | women's fiction,<Summer Island> is a women's fiction novel about a mother and daughter who must confront their past and heal their strained relationship when a family secret is revealed during a summer on an island in the Pacific Northwest.
203,While I Was Gone,fiction|drama|psychological thriller,"<While I Was Gone> is a psychological thriller about a woman who becomes entangled in a dangerous deception from her past, threatening to unravel her seemingly perfect life."
204,Big Cherry Holler: A Big Stone Gap Novel (Ballantine Reader's Circle),fiction|romance,<Big Cherry Holler: A Big Stone Gap Novel (Ballantine Reader's Circle)> is a romance novel about a couple navigating the struggles of marriage and family in a small Appalachian town.
205,The Surgeon,thriller|suspense|crime fiction,<The Surgeon> is a thriller book about a detective and a surgeon teaming up to catch a sadistic killer who preys on women in Boston.
206,The Apprentice,mystery|suspense,<The Apprentice> is a mystery|suspense book about a series of gruesome murders in Boston that lead medical examiner Dr. Maura Isles and detective Jane Rizzoli to a chilling and twisted killer.
207,Dog Handling,non-fiction|memoir,"<Dog Handling> is a memoir that follows Clare Naylor's experiences working as a professional dog handler, navigating the highs and lows of the competitive dog show world."
208,Killjoy,romance|suspense,<Killjoy> is a romance|suspense book about a feisty FBI agent teaming up with a charming private investigator to solve a murder case while navigating their growing attraction to each other.
209,Seabiscuit,biography|sports|history,"<Seabiscuit> is a biography|sports|history book about the unlikely rise to fame of a small, undersized racehorse and his impact on American sports during the Great Depression."
210,"Truly, Madly Manhattan",romance|contemporary romance,"<Truly, Madly Manhattan> is a contemporary romance novel about two successful individuals who find love and navigate the challenges of a modern relationship in the bustling city of Manhattan."
211,Summer Pleasures,romance,<Summer Pleasures> is a romance book about three women finding love and passion during a summer on a picturesque island.
212,Table For Two,romance,<Table For Two> is a romance book about two chefs who find love and success in the culinary world while navigating the challenges of their personal lives.
213,Dangerous,romance|suspense|thriller,<Dangerous> is a romantic suspense novel about a fearless female artist who becomes entangled with a mysterious and dangerous man.
214,"Irish Rebel (Special Edition, 1328)",Romance|Historical Fiction,"<Irish Rebel (Special Edition, 1328)> is a Romance|Historical Fiction book about a fiery Irishwoman and a dashing Englishman who must overcome their cultural differences to find true love."
215,See Jane Date (Red Dress Ink (Paperback)),romance|chick lit,<See Jane Date (Red Dress Ink (Paperback))> is a romance/chick lit book about a young woman named Jane who navigates the world of dating and relationships while trying to find love and balance in her life.
216,Milkrun,romance|chick lit,<Milkrun> is a chick lit novel about a young woman named Jackie who navigates the ups and downs of dating in New York City while also dealing with her overbearing mother.
217,Engaging Men (Red Dress Ink (Paperback)),romance|fiction,<Engaging Men (Red Dress Ink (Paperback))> is a romance novel about a young woman who navigates the world of dating and relationships while trying to find Mr. Right.
218,"Night Shield (Intimate Moments, 1027)",romance|suspense,"<Night Shield (Intimate Moments, 1027)> is a romance|suspense book about a tough female cop and a charming private investigator who team up to solve a case and find themselves falling for each other."
219,Macgregor Brides (Macgregors),romance|fiction,<Macgregor Brides (Macgregors)> is a romance book about three strong and independent sisters who find love while navigating the challenges of family and romance.
220,Calhoun Women: Catherine And Amanda (The Calhoun Women),romance,<Calhoun Women: Catherine And Amanda (The Calhoun Women)> is a romance book about two sisters who find love and face danger while uncovering family secrets on their ancestral estate.
221,Macgregor Grooms (Macgregors),romance,<Macgregor Grooms (Macgregors)> is a romance book about three siblings who find love in unexpected places while navigating the matchmaking schemes of their powerful and wealthy grandfather.
222,Irish Hearts,romance|contemporary romance,<Irish Hearts> is a contemporary romance novel by Nora Roberts about two sisters who find love in their quaint Irish hometown.
223,Night Tales,romance|suspense,<Night Tales> is a romance|suspense book about a police detective and a mystery writer who team up to catch a serial killer terrorizing their city.
224,Stanislaski Brothers (Silhouette Promo),romance|fiction,"<Stanislaski Brothers (Silhouette Promo)> is a romance book about two brothers who find love when they least expect it, all while navigating family drama and the challenges of relationships."
225,Time And Again,romance|contemporary romance|mystery,<Time And Again> is a contemporary romance book about a woman who returns to her hometown and faces the secrets of her past while falling in love with an old flame.
226,Reflections And Dreams,romance|contemporary romance,<Reflections And Dreams> is a contemporary romance book about a woman who finds love and healing in a small town while pursuing her passion for photography.
227,"Whirlwind (Tyler, Book 1)",mystery|romance,"<Whirlwind (Tyler, Book 1)> is a mystery|romance book about former detective Tyler engaging in a thrilling investigation while navigating a complex romantic relationship."
228,Simply Scandalous (Simply (Harlequin)),romance|holiday romance,<Simply Scandalous (Simply (Harlequin))> is a holiday romance book about a scandalous affair between a billionaire playboy and a woman determined to resist his charms.
229,The Corrections,fiction|literary fiction,<The Corrections> is a literary fiction book about a dysfunctional Midwestern family navigating through personal struggles and relationships as they reunite for one last Christmas together.
230,Middlesex: A Novel,family|historical fiction|coming-of-age,<Middlesex: A Novel> is a family and historical fiction book about a hermaphrodite's coming-of-age journey through generations of a Greek-American family.
231,Black and Blue : A Novel,fiction|drama|contemporary fiction,"<Black and Blue : A Novel> is a contemporary fiction book about a woman who escapes her abusive husband and starts a new life in a different city, but struggles to truly leave her past behind."
232,Blessings,fiction|literary fiction|family drama,<Blessings> is a literary fiction book about an unexpected bond that forms between a young woman and a baby left abandoned on a wealthy estate.
233,Black House,horror|mystery|thriller,"<Black House> is a horror and mystery novel about a retired detective who is pulled back into a terrifying investigation involving a series of gruesome murders and a sinister, otherworldly presence."
234,Open House,fiction|contemporary fiction|women's fiction,<Open House> is a women's fiction book about a recently divorced woman who decides to take in boarders to cope with her new reality and ends up finding unexpected connections and healing along the way.
235,Cold Mountain : A Novel,historical fiction|romance|war fiction,<Cold Mountain : A Novel> is a historical fiction novel about a wounded Confederate soldier's journey home to his beloved Ada during the American Civil War.
236,A Lesson Before Dying (Vintage Contemporaries (Paperback)),fiction|historical fiction|literary fiction,"<A Lesson Before Dying (Vintage Contemporaries (Paperback))> is a literary fiction book about a young black man wrongly accused of murder in 1940s Louisiana, who learns about dignity and self-worth while awaiting his execution."
237,Ellen Foster,contemporary fiction|coming-of-age,<Ellen Foster> is a contemporary fiction novel about a young girl who overcomes abuse and loss to find a new family and sense of belonging.
238,A Virtuous Woman (Oprah's Book Club (Paperback)),fiction|literature,<A Virtuous Woman (Oprah's Book Club (Paperback))> is a fiction book about the love story between a poor farm worker and a wealthy widower in rural North Carolina.
239,White Teeth: A Novel,fiction|literary fiction,"<White Teeth: A Novel> is a literary fiction book that follows the lives of two families in London, exploring themes of race, identity, and cultural clash."
240,"Breath, Eyes, Memory",Coming-of-age|Drama|Literary fiction,"<Breath, Eyes, Memory> is a coming-of-age literary fiction book about a young Haitian girl navigating the complexities of her cultural identity and the traumas of her past."
241,Plainsong (Vintage Contemporaries),contemporary fiction|literary fiction,"<Plainsong (Vintage Contemporaries)> is a contemporary fiction novel about the interconnected lives of residents in a small town in Colorado, exploring themes of family, community, and redemption."
242,Waiting (Vintage International),fiction|literary fiction|historical fiction,<Waiting (Vintage International)> is a literary fiction book about the life of a Chinese military doctor who patiently waits for over two decades for his love to leave her husband and be with him.
243,Midwives: A Novel,fiction|drama|medical fiction,<Midwives: A Novel> is a medical fiction drama about a midwife who faces a life-changing decision after a home birth goes tragically wrong.
244,The Reader,literary fiction|historical fiction,<The Reader> is a literary fiction book about a young man's affair with an older woman that has haunting consequences for both of their lives.
245,A Heartbreaking Work of Staggering Genius,memoir|autobiography,<A Heartbreaking Work of Staggering Genius> is a memoir about Dave Eggers' experiences as a young man raising his younger brother after the death of their parents.
246,Empire Falls,fiction|drama,"<Empire Falls> is a drama fiction book about the struggles of a small town in Maine and the intertwined lives of its residents, centering around the protagonist Miles Roby and his attempts to break free from the constraints of his past."
247,The Dive From Clausen's Pier : A Novel (Vintage Contemporaries (Paperback)),fiction|contemporary fiction,"""The Dive From Clausen's Pier : A Novel (Vintage Contemporaries (Paperback)) is a contemporary fiction book about a woman grappling with guilt and identity after her fiancé becomes paralyzed in a diving accident."""
248,House of Sand and Fog,drama|literary fiction,<House of Sand and Fog> is a literary fiction drama about a misunderstanding over a house that leads to a devastating conflict between a former Iranian colonel and a recovering alcoholic.
249,The Idiot Girls' Action Adventure Club,humor|memoir,<The Idiot Girls' Action Adventure Club> is a humorous memoir about the author's misadventures and humorous observations in her everyday life.
250,Stargirl,young adult|fiction|coming of age,<Stargirl> is a young adult coming of age fiction book about a free-spirited and unique high school student who challenges societal norms and faces the consequences of being different.
251,Christy,Fiction|Historical fiction|Christian fiction,<Christy> is a historical Christian fiction book about a young woman who travels to the Appalachian mountains to teach at a remote school and discovers the hardships and beauty of the community.
252,Watership Down,fantasy|adventure,<Watership Down> is a fantasy adventure book about a group of rabbits who embark on a perilous journey to find a new home after their warren is threatened.
253,Alive : The Story of the Andes Survivors (Avon Nonfiction),nonfiction|survival|true story,<Alive : The Story of the Andes Survivors (Avon Nonfiction)> is a gripping nonfiction survival book that recounts the harrowing true story of a group of Uruguayan rugby players who survived a plane crash in the Andes Mountains
254,Jonathan Livingston Seagull,fable|novella|philosophical fiction,<Jonathan Livingston Seagull> is a philosophical fiction novella about a seagull who transcends the limitations of his flock to pursue his passion for flying.
255,The Thorn Birds,Romance|Historical fiction,"<The Thorn Birds> is a Romance|Historical fiction book about the forbidden love between a young woman and a Catholic priest in Australia, spanning over several decades and generations."
256,The Indian in the Cupboard,fantasy|children's literature,<The Indian in the Cupboard> is a fantasy children's literature book about a young boy who discovers that a plastic Native American toy he puts in a magic cupboard comes to life.
257,The Return of the Indian (Indian in the Cupboard),fantasy|children's literature,<The Return of the Indian (Indian in the Cupboard)> is a fantasy|children's literature book about a young boy named Omri who discovers that his plastic toy Indian figurine can come to life when placed in a magical cupboard.
258,Communion : A True Story,nonfiction|autobiography|paranormal,<Communion : A True Story> is a nonfiction autobiography about author Whitley Strieber's alleged encounters with extraterrestrial beings and the resulting psychological effects on him.
259,Postmortem,mystery|thriller|crime fiction,"<Postmortem> is a gripping crime fiction novel about Dr. Kay Scarpetta, a forensic pathologist, who investigates a series of brutal murders in Richmond, Virginia, with the help of detective Pete Marino and FBI agent Benton Wesley."
260,It's Always Something,biography|memoir,"<It's Always Something> is a heartfelt memoir by Gilda Radner, detailing her battles with cancer and her determination to find humor and joy in the face of adversity."
261,The True Confessions of Charlotte Doyle (rack),adventure|historical fiction|young adult,<The True Confessions of Charlotte Doyle (rack)> is a young adult adventure and historical fiction book about a 13-year-old girl who becomes embroiled in a treacherous voyage at sea in the 19th century.
262,Body of Evidence (Kay Scarpetta Mysteries (Paperback)),mystery|crime fiction,<Body of Evidence (Kay Scarpetta Mysteries (Paperback))> is a mystery/crime fiction book about forensic pathologist Kay Scarpetta investigating a series of brutal murders linked to a copycat killer.
263,All That Remains (Kay Scarpetta Mysteries (Paperback)),mystery|crime fiction,"<All That Remains (Kay Scarpetta Mysteries (Paperback))> is a mystery/crime fiction book about forensic pathologist Dr. Kay Scarpetta investigating the murders of young couples in Richmond, Virginia."
264,Track of the Cat (Anna Pigeon Mysteries (Paperback)),mystery|crime fiction,<Track of the Cat (Anna Pigeon Mysteries (Paperback))> is a mystery book about a National Park Service ranger investigating the mysterious death of a fellow ranger in the wilderness of West Texas.
265,Notes from a Small Island,travel|humor,<Notes from a Small Island> is a travel humor book about author Bill Bryson's humorous and insightful journey through Britain before he moves back to the United States.
266,Bloodsucking Fiends: A Love Story,fantasy|humor|romance,<Bloodsucking Fiends: A Love Story> is a fantasy-humor-romance book about a young vampire in San Francisco who falls in love with a quirky girl and navigates the challenges of vampire life with humor and heart.
267,Vinegar Hill (Oprah's Book Club (Paperback)),fiction|drama,"<Vinegar Hill (Oprah's Book Club (Paperback))> is a drama fiction book about a struggling family forced to move back in with the husband's controlling parents, leading to a series of emotional and psychological challenges."
268,Mystic River,crime fiction|thriller|drama,"<Mystic River> is a crime fiction book about three childhood friends whose lives are forever changed when one of them is accused of murder, leading to dark secrets and tragic consequences."
269,Man of My Dreams (Sherring Cross (Paperback)),romance|historical romance,<Man of My Dreams (Sherring Cross (Paperback))> is a historical romance book about a young woman who falls in love with a dashing stranger in Regency England.
270,The Magic of You (Malory Novels (Paperback)),romance|historical fiction,<The Magic of You (Malory Novels (Paperback))> is a romance/historical fiction book about a spirited young woman who falls in love with a dashing sea captain despite their initial animosity towards each other.
271,All I Need Is You,romance|historical romance,<All I Need Is You> is a historical romance novel about a spirited young woman and a rugged cowboy who find love and adventure in the Wild West.
272,Rebecca,mystery|suspense|gothic fiction,"<Rebecca> is a gothic fiction book about a young newlywed who becomes haunted by the memory of her husband's deceased first wife, Rebecca, as secrets of the past threaten to unravel their marriage."
273,Murder on a Girls' Night Out: A Southern Sisters Mystery,mystery|cozy mystery|southern fiction,<Murder on a Girls' Night Out: A Southern Sisters Mystery> is a cozy mystery novel about two feisty southern sisters who investigate a murder at a fashion show in Alabama.
274,Murder on a Bad Hair Day: A Southern Sisters Mystery,mystery|humor|southern fiction,<Murder on a Bad Hair Day: A Southern Sisters Mystery> is a humorous mystery novel about two Southern sisters who investigate a murder at a beauty pageant in Alabama.
275,Neverwhere,fantasy|urban fantasy,<Neverwhere> is a fantasy/urban fantasy book about a man who falls into a hidden magical world beneath London and must navigate its dangers to find his way back to reality.
276,American Gods,fantasy|mythology|contemporary fiction,<American Gods> is a fantasy novel that follows ex-convict Shadow as he becomes embroiled in a conflict between old gods and new gods in America.
277,What Looks Like Crazy On An Ordinary Day,fiction|contemporary fiction|women's fiction,<What Looks Like Crazy On An Ordinary Day> is a contemporary fiction book about a woman who returns to her hometown after being diagnosed with HIV and finds a sense of community and purpose.
278,Petals on the River (Avon Historical Romance),romance|historical fiction,"<Petals on the River (Avon Historical Romance)> is a romance novel set in historical times, following the tumultuous love story between an Englishwoman and a Cherokee warrior."
279,This Heart of Mine (Avon Romance),romance|contemporary romance,<This Heart of Mine (Avon Romance)> is a contemporary romance novel about a young woman who receives a heart transplant and falls in love with the donor's brother.
280,"Lamb : The Gospel According to Biff, Christ's Childhood Pal",fiction|humor|satire,"<Lamb : The Gospel According to Biff, Christ's Childhood Pal> is a humor and satire book about the untold story of Jesus Christ's life as seen through the eyes of his mischievous best friend, Biff."
281,The Princess Diaries,young adult|romance|coming of age,<The Princess Diaries> is a young adult coming of age novel about a teenage girl who discovers she is the heir to a small European kingdom and must navigate the challenges of royal life while also dealing with typical high school drama.
282,Stalker: A Peter Decker and Rina Lazarus Novel,mystery|crime fiction|detective novel,<Stalker: A Peter Decker and Rina Lazarus Novel> is a mystery/crime fiction/detective novel about Detective Peter Decker and his wife Rina Lazarus investigating a series of disturbing incidents involving a stalker targeting R
283,Last Chance Saloon,romance|chick lit,<Last Chance Saloon> is a romance/chick lit book about three best friends navigating their love lives and relationships while dealing with personal struggles and insecurities.
284,"For Better, for Worse: A Novel",romance|fiction,"<For Better, for Worse: A Novel> is a romance novel about a woman who must navigate unexpected challenges and changes in her life while also trying to save her failing marriage."
285,"Fluke : Or, I Know Why the Winged Whale Sings",humor|fantasy|fantasy fiction,"<Fluke : Or, I Know Why the Winged Whale Sings> is a humorous fantasy fiction book about a marine biologist who discovers a mysterious message on the tail of a humpback whale, leading him on an adventure to uncover the truth"
286,The Book of Ruth (Oprah's Book Club (Paperback)),fiction|literary fiction,<The Book of Ruth (Oprah's Book Club (Paperback))> is a literary fiction book about a young woman named Ruth who navigates a difficult family situation and finds strength and resilience amidst tragedy.
287,Hannibal,thriller|horror|crime fiction,"<Hannibal> is a thriller|horror|crime fiction book about FBI agent Clarice Starling's pursuit of the notorious cannibalistic serial killer, Dr. Hannibal Lecter."
288,Cold Sassy Tree,fiction|historical fiction|coming-of-age,<Cold Sassy Tree> is a historical fiction novel about a young boy's coming-of-age in a small Southern town in the early 1900s.
289,Charming Billy,literary fiction,<Charming Billy> is a literary fiction book about the lasting impact of a family's secrets and lies surrounding the tragic death of a beloved relative.
290,Confessions of a Shopaholic (Summer Display Opportunity),chick lit|romantic comedy|contemporary fiction,"<Confessions of a Shopaholic (Summer Display Opportunity)> is a chick lit book about a young journalist with a shopping addiction who navigates love, career, and financial struggles in a humorous and relatable way."
291,Diary of a Mad Bride (Summer Display Opportunity),romance|humor|women's fiction,<Diary of a Mad Bride (Summer Display Opportunity)> is a romance and humor-filled women's fiction book about a bride-to-be navigating the ups and downs of planning her wedding while dealing with family drama and unexpected challenges.
292,Shopaholic Takes Manhattan (Summer Display Opportunity),romance|chick lit,<Shopaholic Takes Manhattan (Summer Display Opportunity)> is a romance/chick lit book about Becky Bloomwood's adventures and misadventures in New York City as she tries to navigate the world of high fashion and deal with her shopping addiction.
293,Shopaholic Ties the Knot,romance|chick lit,<Shopaholic Ties the Knot> is a romance|chick lit book about Becky Bloomwood's extravagant wedding planning and the hilarious mishaps that ensue.
294,Apocalipstick,comedy|romance,<Apocalipstick> is a comedy|romance book about a woman who navigates her chaotic love life and career while dealing with a potential apocalypse.
295,Can You Keep a Secret?,romance|comedy|chick lit,"<Can You Keep a Secret?> is a romance/chick lit book about a young woman who spills all her innermost thoughts and secrets to a stranger on a turbulent plane ride, only to discover he is actually her company's elusive and attractive CEO."
296,"Like Water for Chocolate: A Novel in Monthly Installments, With Recipes, Romances, and Home Remedies",romance|fantasy|cooking,"<Like Water for Chocolate: A Novel in Monthly Installments, With Recipes, Romances, and Home Remedies> is a romance and fantasy book about a young woman named Tita who uses her cooking to express her emotions and desires, leading to"
297,"Like Water for Chocolate : A Novel in Monthly Installments with Recipes, Romances, and Home Remedies",romance|magical realism|cooking,"<Like Water for Chocolate : A Novel in Monthly Installments with Recipes, Romances, and Home Remedies> is a romance and magical realism book about a young woman named Tita who expresses her emotions through cooking, affecting the lives of those around"
298,The Chamber,legal thriller|crime fiction,<The Chamber> is a legal thriller book about a young lawyer defending his racist grandfather on death row for a Ku Klux Klan bombing.
299,The Partner,legal thriller|crime fiction|suspense,"<The Partner> is a legal thriller book about a man who fakes his own death and steals millions of dollars from his law firm, only to be caught years later and forced to face the consequences."
300,"Like Water for Chocolate: A Novel in Monthly Installments With Recipes, Romances and Home Remedies",romance|magical realism|cooking,"<Like Water for Chocolate: A Novel in Monthly Installments With Recipes, Romances and Home Remedies> is a magical realism romance novel that tells the story of Tita, a young woman forbidden to marry the man she loves and who expresses her"
301,The Hot Zone,non-fiction|science|thriller,<The Hot Zone> is a non-fiction science thriller about the origins and spread of deadly viruses such as Ebola and the efforts to contain them.
302,"Tuesdays with Morrie: An Old Man, a Young Man, and Life's Greatest Lesson",biography|memoir|self-help,"<Tuesdays with Morrie: An Old Man, a Young Man, and Life's Greatest Lesson> is a memoir/self-help book about a young man reconnecting with his former college professor who imparts valuable life lessons as he faces his own mortality"
303,Into the Wild,non-fiction|adventure,"<Into the Wild> is a non-fiction adventure book about a young man named Chris McCandless who leaves his comfortable life to journey into the Alaskan wilderness, ultimately meeting a tragic end."
304,The Handmaid's Tale : A Novel,dystopian|science fiction|speculative fiction,<The Handmaid's Tale : A Novel> is a dystopian science fiction book about a society where women are oppressed and used solely for reproduction.
305,The Street Lawyer,legal thriller|drama,"<The Street Lawyer> is a legal thriller about a successful attorney who has a life-changing encounter with a homeless man, prompting him to reassess his priorities and fight for justice for the less fortunate."
306,Into Thin Air : A Personal Account of the Mt. Everest Disaster,non-fiction|memoir|adventure,<Into Thin Air : A Personal Account of the Mt. Everest Disaster> is a non-fiction memoir adventure book that recounts the harrowing experience of the author and his fellow climbers during the devastating 1996 Mount Everest disaster.
307,The Testament,legal thriller,<The Testament> is a legal thriller book about a disillusioned lawyer who becomes embroiled in a multi-million dollar inheritance case in the Brazilian rainforest.
308,The Brethren,legal thriller|crime fiction,<The Brethren> is a legal thriller book about three former judges serving time in a federal prison who run a blackmail scheme targeting wealthy closeted gay men.
309,Bee Season: A Novel,fiction|literary fiction,"<Bee Season: A Novel> is a literary fiction book about a young girl named Eliza who discovers her hidden talent for spelling bees, causing her family to unravel as they each seek their own form of spiritual enlightenment."
310,A Painted House,southern fiction|coming-of-age,<A Painted House> is a southern fiction novel about a young boy named Luke growing up in rural Arkansas during the 1950s and the events that change his family's life forever.
311,The Summons,legal thriller,"<The Summons> is a legal thriller about a law professor who discovers a mysterious fortune hidden in his deceased father's belongings, leading him into a dangerous web of deception and betrayal."
312,Oryx and Crake,dystopian|science fiction,"<Oryx and Crake> is a dystopian science fiction book about a man named Snowman, the last human survivor in a world destroyed by genetic engineering and corporate greed, reflecting on his past friendship with the brilliant but morally questionable scientist Crake"
313,The Da Vinci Code,thriller|suspense|conspiracy theory,<The Da Vinci Code> is a thriller book about a symbologist and a cryptologist who unravel a conspiracy involving a secret society and the true identity of Mary Magdalene.
314,Skipping Christmas,fiction|comedy|holiday,"<Skipping Christmas> is a comedy book about a couple who decides to skip the traditional holiday celebrations and go on a cruise instead, leading to unexpected challenges and surprises."
315,The King of Torts,legal thriller,"<The King of Torts> is a legal thriller book about a young lawyer who becomes the ""king of torts"" by winning massive class-action lawsuits but soon realizes the high cost of his success."
316,The Devil Wears Prada : A Novel,fiction|satire|humor|chick lit,<The Devil Wears Prada : A Novel> is a chick lit book about a young woman's experiences working for a demanding and ruthless fashion magazine editor.
317,The Curious Incident of the Dog in the Night-Time : A Novel,mystery|fiction,<The Curious Incident of the Dog in the Night-Time : A Novel> is a mystery fiction book about a teenage boy with autism who investigates the death of a neighbor's dog and uncovers hidden family secrets.
318,Bleachers,fiction|sports fiction,<Bleachers> is a sports fiction book about a group of former high school football players who reunite at their old stadium to mourn the loss of their legendary coach and reflect on their past experiences playing for him.
319,A Map of the World,literary fiction|drama,<A Map of the World> is a literary fiction|drama book about a rural Wisconsin couple whose lives are turned upside down when the wife is accused of a crime she did not commit.
320,The Blind Assassin,fiction|historical fiction|literary fiction,"<The Blind Assassin> is a literary fiction book about a woman reflecting on her troubled past, including a mysterious novel written by her late sister and a scandalous love affair that ended tragically."
321,Three Junes,fiction|literary fiction,<Three Junes> is a literary fiction book about the interconnected lives of a Scottish family over three separate summers.
322,Atonement : A Novel,literary fiction|historical fiction|drama,"<Atonement : A Novel> is a literary fiction novel about a young girl's false accusation that changes the course of multiple lives, exploring themes of guilt, forgiveness, and the power of storytelling."
323,Balzac and the Little Chinese Seamstress : A Novel,historical fiction|literary fiction|coming-of-age,"<Balzac and the Little Chinese Seamstress : A Novel> is a historical fiction book about two teenage boys sent to a rural village during the Chinese Cultural Revolution, where they discover the power of literature and love through a forbidden romance with a local seam"
324,Ella Minnow Pea: A Novel in Letters,epistolary novel|satire|humor,"<Ella Minnow Pea: A Novel in Letters> is a satirical and humorous epistolary novel about a small island community where the government bans the use of certain letters of the alphabet, leading to absurd and comical consequences."
325,Sisterhood of the Traveling Pants,fiction|young adult|contemporary fiction,<Sisterhood of the Traveling Pants> is a young adult contemporary fiction book about four best friends who stay connected through a pair of magical pants that fit each of their different body types perfectly.
326,The Phantom Tollbooth,fantasy|children's literature,"<The Phantom Tollbooth> is a fantasy children's literature book about a boy named Milo who embarks on a fantastical journey through a mysterious land filled with puns, wordplay, and adventure."
327,Who Moved My Cheese? An Amazing Way to Deal with Change in Your Work and in Your Life,self-help|business|motivational,<Who Moved My Cheese? An Amazing Way to Deal with Change in Your Work and in Your Life> is a self-help and motivational book that uses a simple allegory to teach readers how to embrace change and adapt to new situations in both their professional
328,The Last Precinct,mystery|thriller|crime fiction,
329,The Bonesetter's Daughter,historical fiction|literature,
330,P Is for Peril (Kinsey Millhone Mysteries (Hardcover)),mystery|detective fiction,"<P Is for Peril (Kinsey Millhone Mysteries (Hardcover))> is a mystery/detective fiction book about private investigator Kinsey Millhone's search for a missing woman, uncovering secrets and deception along the way."
331,Q Is for Quarry,crime fiction,"<Q Is for Quarry> is a crime fiction book about private investigator Kinsey Millhone's investigation into the cold case of an unidentified murder victim known only as ""Jane Doe."""
332,Portrait of a Killer: Jack the Ripper -- Case Closed,true crime|historical crime,"<Portrait of a Killer: Jack the Ripper -- Case Closed> is a true crime book that explores author Patricia Cornwell's investigation into the identity of Jack the Ripper, concluding that the notorious killer was artist Walter Sickert."
333,Blow Fly: A Scarpetta Novel,mystery|thriller|crime fiction,<Blow Fly: A Scarpetta Novel> is a mystery thriller crime fiction book about Dr. Kay Scarpetta trying to solve the murder of a young girl while dealing with personal demons and a dangerous copycat killer.
334,Lord of the Flies,dystopian|allegorical fiction|psychological fiction,<Lord of the Flies> is a dystopian allegorical fiction book about a group of boys stranded on an uninhabited island who descend into savagery and violence as they struggle for power and survival.
335,The Hunt for Red October,thriller|political fiction|techno-thriller,"<The Hunt for Red October> is a techno-thriller book about a Soviet submarine captain's defection to the United States with a revolutionary stealth submarine, sparking a high-stakes game of cat and mouse between the two superpowers."
336,Night Chills,horror|thriller,<Night Chills> is a horror thriller book about a small town terrorized by a mysterious force controlling its residents to commit violent acts.
337,Twilight Eyes,horror|thriller,"<Twilight Eyes> is a horror-thriller book about a man with the ability to see the true forms of malevolent creatures disguised as humans, who must use his gift to stop a murderous cult."
338,Red Storm Rising,thriller|war fiction,<Red Storm Rising> is a thrilling war fiction novel by Tom Clancy that depicts a hypothetical World War III scenario between NATO and Soviet forces.
339,Phantoms,horror|thriller,"<Phantoms> is a horror/thriller book about a small town in California that becomes mysteriously deserted, with only a few survivors left to uncover the terrifying truth behind the disappearances."
340,Watchers,thriller|horror|science fiction,"<Watchers> is a thriller|horror|science fiction book about a genetically engineered super-intelligent golden retriever, a murderous creature on the loose, and the humans caught in the middle of a deadly game."
341,Patriot Games (Jack Ryan Novels),thriller|suspense|political fiction,<Patriot Games (Jack Ryan Novels)> is a political thriller about former CIA analyst Jack Ryan getting caught in the middle of an international terrorist attack while on vacation in London.
342,Mortal Fear,medical thriller|suspense,<Mortal Fear> is a medical thriller about a psychiatrist who becomes embroiled in a conspiracy involving a deadly experimental drug and a series of mysterious deaths.
343,Lightning,mystery|thriller|science fiction,<Lightning> is a mystery-thriller-science fiction book about a woman who is mysteriously connected to a time-traveling assassin and a government conspiracy.
344,The Cardinal of the Kremlin (Jack Ryan Novels),thriller|spy fiction|political thriller,<The Cardinal of the Kremlin (Jack Ryan Novels)> is a political thriller book about CIA analyst Jack Ryan's efforts to prevent a high-ranking Soviet official from leaking sensitive information to the United States.
345,Breathing Lessons,family drama|fiction,<Breathing Lessons> is a family drama novel about a couple's journey as they navigate the ups and downs of their marriage during a road trip to attend a friend's funeral.
346,Midnight,horror|thriller|suspense,<Midnight> is a horror|thriller|suspense book about a small town plagued by inexplicable and terrifying occurrences.
347,Mutation,medical thriller|science fiction,<Mutation> is a medical thriller/science fiction book about a geneticist who discovers a dangerous mutation that causes accelerated aging and must race against time to find a cure.
348,The Hunt for Red October,thriller|suspense|action,"<The Hunt for Red October> is a thriller book about a Soviet submarine captain's defection to the United States with a top-secret nuclear missile sub, sparking a high-stakes chase between the two superpowers."
349,The Servants of Twilight,thriller|horror|supernatural,<The Servants of Twilight> is a supernatural thriller about a single mother and her young son being targeted by a cult convinced the child is the Antichrist.
350,Rules of Prey,thriller|crime fiction,"<Rules of Prey> is a thriller/crime fiction book about a cunning serial killer targeting women in Minneapolis, and the relentless detective determined to catch him before he strikes again."
351,The Bad Place,horror|thriller|suspense,<The Bad Place> is a horror/thriller book about a man with strange abilities and a mysterious past who is pursued by a dangerous entity seeking to control his powers.
352,Harmful Intent,medical thriller,<Harmful Intent> is a medical thriller about a forensic pathologist who becomes entangled in a deadly conspiracy involving a new and dangerous drug.
353,Shadow Prey,thriller|suspense|crime fiction,<Shadow Prey> is a crime fiction novel about Minneapolis police detective Lucas Davenport tracking down a Native American hitman responsible for a series of brutal murders.
354,The Voice of the Night,horror|thriller,<The Voice of the Night> is a horror|thriller book about a teenage boy who befriends a sociopathic classmate with deadly consequences.
355,Cold Fire,thriller|horror|suspense,<Cold Fire> is a suspenseful thriller about a woman with psychic abilities who teams up with a former reporter to uncover a terrifying conspiracy involving a psychopathic killer.
356,Vital Signs,medical thriller,<Vital Signs> is a medical thriller about a doctor who uncovers a conspiracy involving medical malpractice and organ trafficking.
357,Eyes of Prey,suspense|crime fiction,<Eyes of Prey> is a suspenseful crime fiction book about a serial killer terrorizing the city of Minneapolis and the detective determined to stop him.
358,The House of Thunder,suspense|horror,"<The House of Thunder> is a suspense|horror book about a woman who wakes up from a coma with no memory of the past year, only to discover sinister events and a dangerous conspiracy surrounding her."
359,The Hunt for Red October (Jack Ryan Novels),thriller|techno-thriller|military fiction,<The Hunt for Red October (Jack Ryan Novels)> is a techno-thriller book about CIA analyst Jack Ryan's efforts to prevent a Soviet submarine captain's defection with a revolutionary stealth submarine.
360,The Sum of All Fears (Jack Ryan Novels),thriller|suspense|political fiction,<The Sum of All Fears (Jack Ryan Novels)> is a political thriller about a CIA analyst who uncovers a plot involving a nuclear weapon and must prevent a catastrophic war between the United States and Russia.
361,Hideaway,horror|thriller|suspense,<Hideaway> is a horror|thriller book about a family who unwittingly becomes entangled in a web of evil after a near-death experience leads them to a mysterious cult.
362,Blindsight,medical thriller|science fiction,"<Blindsight> is a medical thriller/science fiction book about a doctor's discovery of a mysterious illness affecting a group of patients, leading to a dangerous investigation into the pharmaceutical industry."
363,Shadowfires,horror|thriller,<Shadowfires> is a horror-thriller book about a woman who discovers her husband's dark secret and must confront supernatural forces to save herself and her family.
364,Silent Prey,mystery|thriller|crime fiction,"<Silent Prey> is a thriller book about a serial killer targeting women in Minneapolis, and Lucas Davenport's hunt to catch the murderer before more lives are taken."
365,Dragon Tears,fiction|horror|thriller,<Dragon Tears> is a horror thriller book about a detective and a woman who are hunted by a supernatural entity after witnessing a brutal murder.
366,Winter Prey,thriller|suspense|crime fiction,"<Winter Prey> is a crime fiction thriller about a brutal killer targeting a small town in Minnesota, leading the local police and detective Lucas Davenport on a dangerous hunt to catch the elusive murderer."
367,The Funhouse,horror|thriller,<The Funhouse> is a horror thriller book about a group of teenagers who find themselves trapped in a twisted and deadly funhouse at a carnival.
368,Without Remorse,thriller|suspense|suspense fiction,"<Without Remorse> is a suspense thriller by Tom Clancy about a former Navy SEAL seeking revenge for the murder of his girlfriend, leading to a dangerous and covert mission of justice."
369,Mr. Murder,suspense|thriller|horror,<Mister Murder> is a suspense thriller book about a bestselling author who discovers that a mysterious entity is trying to take over his life.
370,Fatal Cure,medical thriller,<Fatal Cure> is a medical thriller about a doctor who discovers a deadly conspiracy involving a new miracle drug.
371,Night Prey,thriller|suspense|crime fiction,"<Night Prey> is a thriller book about a serial killer targeting women in the Twin Cities, and the intense hunt to catch him before he strikes again."
372,Second Nature,fiction|fantasy|magical realism,"<Second Nature> is a magical realism book about a young girl who discovers she has the power to communicate with animals and the natural world, leading her on a journey of self-discovery and acceptance."
373,Tom Clancy's Op-Center (Tom Clancy's Op Center (Paperback)),thriller|spy fiction,<Tom Clancy's Op-Center (Tom Clancy's Op Center (Paperback))> is a thrilling spy fiction book about the establishment of a secret government agency tasked with handling international crises.
374,The Key to Midnight,mystery|thriller|suspense,<The Key to Midnight> is a suspenseful thriller about a woman who must unravel her forgotten past and confront a dangerous conspiracy in Tokyo.
375,Debt of Honor (Jack Ryan Novels),thriller|political thriller|spy fiction,<Debt of Honor (Jack Ryan Novels)> is a political thriller book about CIA analyst Jack Ryan uncovering a Japanese plot to destabilize the United States economy and trigger a war between the two countries.
376,The Body Farm,mystery|thriller|forensic fiction,The Body Farm is a forensic fiction thriller about Dr. Kay Scarpetta's investigation into a series of gruesome murders connected to a research facility dedicated to studying decomposition.
377,Naked in Death,mystery|romance|suspense,"<Naked in Death> is a mystery|romance|suspense book about a tough detective investigating a series of murders in a futuristic New York City, while navigating a complicated relationship with a charming businessman."
378,Acceptable Risk,mystery|medical thriller,<Acceptable Risk> is a medical thriller about a woman who discovers a dangerous conspiracy surrounding a new pharmaceutical drug.
379,Sophie's World: A Novel About the History of Philosophy,fiction|philosophy,<Sophie's World: A Novel About the History of Philosophy> is a fiction|philosophy book that follows a teenage girl named Sophie as she receives mysterious letters and embarks on a journey through the history of Western philosophy.
380,Mind Prey,thriller|suspense|crime fiction,"<Mind Prey> is a suspenseful crime fiction novel about a wealthy family held hostage by a deranged serial killer, and the race against time to save them."
381,The Eyes of Darkness,mystery|thriller|horror,"<The Eyes of Darkness> is a thriller book about a mother's relentless search for her missing son, leading her to uncover a government conspiracy involving a deadly biological weapon."
382,From Potter's Field,mystery|crime fiction,<From Potter's Field> is a gripping crime fiction novel about forensic pathologist Kay Scarpetta hunting down a sadistic serial killer in New York City.
383,Invasion,medical thriller|science fiction,<Invasion> is a medical thriller/science fiction book about a mysterious virus outbreak in New York City that leads to a global conspiracy involving extraterrestrial beings.
384,Contagion,medical thriller,"<Contagion> is a medical thriller about a deadly virus outbreak that threatens to spread worldwide, leading a team of doctors to race against time to find a cure and stop the epidemic."
385,Sudden Prey,thriller|crime fiction,<Sudden Prey> is a thriller/crime fiction book about a violent confrontation between a team of professional thieves and the skilled investigator Lucas Davenport.
386,Demon Seed,horror|science fiction,<Demon Seed> is a horror/science fiction book about a supercomputer that imprisons a woman in her own home and seeks to impregnate her with its artificial intelligence.
387,Cause of Death,mystery|crime fiction|suspense,<Cause of Death> is a suspenseful mystery novel by Patricia Daniels Cornwell that follows medical examiner Dr. Kay Scarpetta as she investigates a series of suspicious deaths linked to a controversial U.S. senator.
388,Executive Orders (Jack Ryan Novels),thriller|political fiction|action,"<Executive Orders (Jack Ryan Novels)> is a political thriller about Jack Ryan, who unexpectedly becomes President of the United States and must navigate a global terrorist threat while facing political intrigue and personal tragedy."
389,Hornet's Nest,crime fiction,"<Hornet's Nest> is a crime fiction book about a journalist and a police chief teaming up to solve a series of brutal murders in Charlotte, North Carolina."
390,Chromosome 6,medical thriller|suspense,"<Chromosome 6> is a medical thriller book about a genetic experiment gone wrong, leading to a dangerous outbreak in Africa."
391,The Rapture of Canaan,fiction|drama|religious fiction,"<The Rapture of Canaan> is a religious fiction book about a teenage girl in a strict, isolated religious community who must confront her beliefs and family secrets when a new preacher arrives."
392,Politika (Tom Clancy's Power Plays (Paperback)),thriller|political fiction,"<Politika (Tom Clancy's Power Plays (Paperback))> is a political thriller book about a Russian presidential candidate who is targeted by terrorists, leading to a high-stakes game of espionage and political intrigue."
393,Unnatural Exposure,crime fiction|thriller,<Unnatural Exposure> is a crime fiction thriller about Dr. Kay Scarpetta's pursuit of a serial killer who leaves behind a deadly virus as his signature.
394,Toxin,medical thriller,<Toxin> is a medical thriller about a doctor who discovers a conspiracy involving a powerful pharmaceutical company and their deadly drug.
395,Here on Earth,literary fiction|magical realism|romance,<Here on Earth> is a literary fiction novel about a woman who returns to her hometown and becomes entangled in a passionate and destructive love triangle with a childhood friend and his abusive wife.
396,Secret Prey,mystery|thriller|crime fiction,<Secret Prey> is a crime fiction thriller about Minnesota investigator Lucas Davenport's hunt for a killer targeting wealthy individuals in a twisted game of cat and mouse.
397,Point of Origin,mystery|crime fiction|thriller,<Point of Origin> is a crime fiction thriller about forensic pathologist Dr. Kay Scarpetta investigating a series of arsons linked to a mysterious woman named Carrie Grethen.
398,Southern Cross,mystery|crime fiction|thriller,<Southern Cross> is a crime fiction thriller about Dr. Kay Scarpetta's investigation into the murder of a young tennis player and the mysterious disappearance of her coach in the Caribbean.
399,Vector,Medical thriller,<Vector> is a medical thriller about a deadly virus outbreak in New York City and the race against time to find a cure.
400,Witness in Death (Eve Dallas Mysteries (Paperback)),mystery|thriller|crime fiction,"<Witness in Death (Eve Dallas Mysteries (Paperback))> is a crime fiction book about Lieutenant Eve Dallas investigating the murder of a famous actress during a live performance, uncovering a web of deceit and betrayal."
401,Certain Prey,mystery|thriller|crime fiction,"<Certain Prey> is a crime fiction book about Lucas Davenport, a detective who is tasked with tracking down a beautiful, ruthless hitwoman named Clara Rinker."
402,Black Notice,mystery|crime fiction|thriller,<Black Notice> is a crime fiction thriller about forensic pathologist Dr. Kay Scarpetta investigating a series of murders linked to an art smuggling ring.
403,Atlantis Found,thriller|adventure,<Atlantis Found> is a thrilling adventure book about Dirk Pitt's quest to uncover the lost city of Atlantis before it falls into the wrong hands and unleashes a devastating global catastrophe.
404,Abduction,medical thriller|suspense,"<Abduction> is a medical thriller book about a young woman who disappears after undergoing a routine medical procedure, leading to a dangerous conspiracy involving the black market organ trade."
405,Big Trouble,comedy|humor,"<Big Trouble> is a comedy book about a group of eccentric characters in Miami who become entangled in a series of absurd situations involving a stolen suitcase, hitmen, and a pet python."
406,Betrayal in Death,mystery|suspense|crime fiction,"<Betrayal in Death> is a crime fiction book about Lieutenant Eve Dallas investigating a series of murders tied to a high-profile family, while dealing with personal betrayals and threats."
407,Easy Prey,thriller|suspense|crime fiction,<Easy Prey> is a crime fiction thriller about Minneapolis detective Lucas Davenport investigating the gruesome murders of young women being targeted by a serial killer.
408,The Last Precinct,thriller|suspense|Mystery,"<The Last Precinct> is a thriller book about Dr. Kay Scarpetta, a forensic pathologist, who is targeted by a psychopathic killer seeking revenge, leading to a chilling game of cat and mouse."
409,Seduction in Death,mystery|thriller|romance,<Seduction in Death> is a mystery|thriller|romance book about a series of murders that appear to be linked to a seductive killer targeting successful married men in New York City.
410,Chosen Prey,suspense|thriller|crime fiction,"<Chosen Prey> is a suspenseful crime fiction novel about a serial killer targeting young women in Minnesota, with detective Lucas Davenport trying to track down the culprit."
411,Isle of Dogs,mystery|suspense,"<Isle of Dogs> is a mystery|suspense book about Dr. Kay Scarpetta investigating a series of brutal murders linked to a centuries-old secret society in Charleston, South Carolina."
412,Reunion in Death,mystery|suspense|sci-fi,"<Reunion in Death> is a mystery|suspense book about Lieutenant Eve Dallas investigating a series of murders at a high school reunion, where the killer is seeking revenge for past wrongs."
413,Purity in Death,mystery|crime fiction|science fiction,<Purity in Death> is a science fiction crime novel about Lieutenant Eve Dallas investigating a series of murders linked to a deadly computer virus that targets those who have committed acts of moral impurity.
414,Portrait in Death,mystery|romance|suspense,<Portrait in Death> is a mystery|romance|suspense book about Lieutenant Eve Dallas investigating a murder case while dealing with her own traumatic past.
415,Imitation in Death (Eve Dallas Mysteries (Paperback)),mystery|fiction|thriller,<Imitation in Death (Eve Dallas Mysteries (Paperback))> is a mystery thriller book about Lieutenant Eve Dallas investigating a series of murders inspired by famous murderers throughout history.
416,Q Is for Quarry,mystery,<Q Is for Quarry> is a gripping mystery novel following private investigator Kinsey Millhone as she investigates a cold case involving an unidentified murder victim.
417,Portrait of a Killer: Jack the Ripper-- Case Closed (Berkley True Crime),true crime|historical true crime,<Portrait of a Killer: Jack the Ripper-- Case Closed (Berkley True Crime)> is a true crime book that presents evidence pointing towards the identity of Jack the Ripper as the artist Walter Sickert.
418,Undead and Unwed (Berkley Sensation),paranormal|humor|romance,<Undead and Unwed (Berkley Sensation)> is a paranormal romance book about a newly turned vampire who must navigate her new undead life while dealing with hilarious and supernatural obstacles.
419,Harry Potter and the Chamber of Secrets (Book 2),fantasy|young adult|adventure,"<Harry Potter and the Chamber of Secrets (Book 2)> is a fantasy|young adult|adventure book about Harry Potter's second year at Hogwarts School of Witchcraft and Wizardry, where he uncovers a hidden chamber and battles a mysterious"
420,Harry Potter and the Chamber of Secrets (Book 2),fantasy|young adult,"<Harry Potter and the Chamber of Secrets (Book 2)> is a fantasy|young adult book about Harry and his friends investigating mysterious attacks at Hogwarts, which leads them to uncover the Chamber of Secrets and battle a dangerous monster."
421,Harry Potter and the Prisoner of Azkaban (Book 3),fantasy|young adult|adventure,"<Harry Potter and the Prisoner of Azkaban (Book 3)> is a fantasy|young adult|adventure book about Harry Potter's third year at Hogwarts School of Witchcraft and Wizardry, where he discovers the truth about his parents"
422,Harry Potter and the Prisoner of Azkaban (Book 3),fantasy|young adult fiction|mystery,"<Harry Potter and the Prisoner of Azkaban (Book 3)> is a fantasy|young adult fiction book about Harry Potter's third year at Hogwarts School of Witchcraft and Wizardry, where he must confront a dangerous escaped prisoner and uncover"
423,Harry Potter and the Goblet of Fire (Book 4),fantasy|young adult,<Harry Potter and the Goblet of Fire (Book 4)> is a fantasy|young adult book about Harry Potter competing in a dangerous magical tournament while facing the return of the dark wizard Voldemort.
424,Harry Potter and the Goblet of Fire (Book 4),fantasy|young adult,<Harry Potter and the Goblet of Fire (Book 4)> is a fantasy|young adult book about Harry competing in a dangerous magical tournament while facing the return of the dark wizard Voldemort.
425,Harry Potter and the Order of the Phoenix (Book 5),fantasy|young adult fiction,<Harry Potter and the Order of the Phoenix (Book 5)> is a fantasy|young adult fiction book about Harry Potter and his friends forming a secret society to combat the return of the dark wizard Lord Voldemort.
426,"CRY IN THE NIGHT, A",suspense|thriller|mystery,"<CRY IN THE NIGHT, A> is a suspenseful thriller about a young mother who must unravel a web of dark secrets to find her missing daughter before it's too late."
427,Changes,romance|fiction,"<Changes> is a romance book about a woman who must navigate a new chapter in her life after her husband's sudden death, finding love and purpose along the way."
428,Crossings,romance|historical fiction,<Crossings> is a romance|historical fiction book about the love story between a wealthy American widow and a French doctor during World War II.
429,Now and Forever,romance|drama,"<Now and Forever> is a romance|drama book about a woman who faces heartbreak, loss, and new beginnings as she navigates through life's challenges and finds love again."
430,Family Album,family drama|fiction,<Family Album> is a family drama book about the lives and relationships of the Taylor family spanning over three generations.
431,Full Circle,romance|fiction,<Full Circle> is a romance novel about a successful lawyer who must confront her past and make difficult decisions about love and family.
432,Once in a Lifetime,romance|drama,<Once in a Lifetime> is a romance novel about a successful lawyer who faces unexpected challenges and finds love in the midst of a career crisis.
433,Palomino,romance,<Palomino> is a romance novel about a woman named Samantha Taylor who finds love and healing through her bond with a beautiful Palomino horse.
434,A Perfect Stranger,romance|women's fiction,<A Perfect Stranger> is a romance novel about a successful architect who finds love unexpectedly with a mysterious and enigmatic woman.
435,The Promise,romance|drama,"<The Promise> is a romance/drama book about a young couple, Michael and Nancy, who face challenges and heartbreak as they navigate their relationship and personal struggles."
436,The Ring,romance,<The Ring> is a romance book about a young woman who inherits a mysterious ring with a powerful connection to her past and future loves.
437,Roots,historical fiction|drama,"<Roots> is a historical fiction book about the journey of an African man named Kunta Kinte, who is captured and sold into slavery in America, and his descendants as they struggle to maintain their identity and heritage."
438,Secrets,romance|contemporary romance,<Secrets> is a contemporary romance book about a successful lawyer facing a moral dilemma when she discovers her husband's secret life.
439,Shogun,historical fiction|adventure,<Shogun> is a historical fiction|adventure book about a shipwrecked English sailor who becomes embroiled in the political intrigues and power struggles of feudal Japan.
440,Slaughterhouse Five or the Children's Crusade: A Duty Dance With Death,science fiction|satire|war fiction,"<Slaughterhouse Five or the Children's Crusade: A Duty Dance With Death> is a science fiction|satire|war fiction book about a man named Billy Pilgrim who becomes ""unstuck in time"" and experiences various moments of his"
441,Stillwatch,suspense|risk-taking|crime fiction,"<Stillwatch> is a suspenseful crime fiction novel about a journalist investigating a murder at a secluded estate, uncovering dangerous secrets along the way."
442,Summer's End,romance|women's fiction,<Summer's End> is a romance novel about a woman named Kait who finds love and healing in a small coastal town after a devastating tragedy.
443,Thurston House,romance|family saga,"<Thurston House> is a romance and family saga novel about the rise of a wealthy American family through the early 20th century, filled with love, betrayal, and ambition."
444,Wanderlust,romance|contemporary fiction,<Wanderlust> is a romance novel about a woman who embarks on a journey of self-discovery and love after her husband's sudden death.
445,Fine Things,romance|drama,<Fine Things> is a romance|drama book about a young man who overcomes adversity and finds love and success in the world of high-end jewelry design.
446,Weep No More My Lady,mystery|suspense,<Weep No More My Lady> is a suspenseful mystery novel about a famous actress who becomes entangled in a web of deception and murder while trying to uncover the truth about her sister's death.
447,Kaleidoscope,romance|drama,<Kaleidoscope> is a romance|drama book about three very different women who form a deep bond as they navigate through life's challenges and triumphs together.
448,Shell Seekers,family drama|romance|contemporary fiction,"<Shell Seekers> is a family drama/romance/contemporary fiction book about a woman named Penelope who reflects on her life, love, and family relationships, while also uncovering secrets from her past through a painting that holds sentimental value"
449,Zoya,romance|drama,"<Zoya> is a romance|drama book about a young Russian woman who survives the Bolshevik Revolution and World War II, finding love and success in America despite facing numerous hardships."
450,Firefly Summer,fiction|romance|family drama,<Firefly Summer> is a family drama book about a small Irish town and the various interconnected relationships that are tested as new developments threaten to change the community forever.
451,Illusions: The Adventures of a Reluctant Messiah,fiction|spiritual|adventure,<Illusions: The Adventures of a Reluctant Messiah> is a spiritual adventure fiction book about a barnstorming pilot who meets a mysterious man claiming to be a messiah and learns profound lessons about the power of belief and the nature of reality
452,Star,romance,<Star> is a romance book about a Hollywood actress who finds love and redemption after facing personal and professional struggles.
453,Red Dragon,suspense|crime fiction|thriller,"<Red Dragon> is a suspenseful crime thriller about an FBI profiler hunting down a serial killer known as the ""Tooth Fairy."""
454,Daddy,family drama|romance,<Daddy> is a family drama/romance book about a successful businessman who must confront his past and reconnect with his daughter after his wife's sudden death.
455,Silver Wedding,romance|fiction,<Silver Wedding> is a romance fiction book about a couple who celebrate their 25th wedding anniversary with unexpected guests and revelations that challenge their relationship.
456,Circle of Friends,fiction|romance|drama,"<Circle of Friends> is a fiction|romance|drama book about a group of friends navigating love, friendship, and betrayal in a small Irish town."
457,The Firm,legal thriller|suspense,<The Firm> is a legal thriller book about a young lawyer who discovers the dark secrets of his prestigious law firm and must navigate a dangerous web of corruption and betrayal.
458,A Time to Kill,legal thriller|crime fiction|drama,"<A Time to Kill> is a legal thriller book about a young lawyer defending an African American man accused of murdering two white men who raped his daughter, in a racially charged Mississippi town."
459,Outlander,historical fiction|romance|fantasy,<Outlander> is a historical fiction|romance book about a woman who accidentally time-travels from 1945 to 18th century Scotland and falls in love with a handsome Highlander.
460,Lost Souls,horror|fantasy,<Lost Souls> is a horror|fantasy book about a group of vampires and their journey to find their origins and true purpose.
461,No Greater Love,romance|historical fiction,<No Greater Love> is a romance|historical fiction book about the enduring love story between a young American woman and a British officer during World War I.
462,The Copper Beech,fiction|romance|drama,<The Copper Beech> is a fiction|romance|drama book about the intertwining lives and secrets of a small Irish town centered around a beloved copper beech tree.
463,The Client,legal thriller|crime thriller,<The Client> is a legal thriller about an eleven-year-old boy who witnesses a lawyer's suicide and becomes embroiled in a high-stakes legal battle while trying to protect his family from dangerous mobsters.
464,Guardian Angel,mystery|crime fiction,<Guardian Angel> is a mystery/crime fiction book about private investigator V.I. Warshawski uncovering a conspiracy involving corrupt politicians and a missing teenage girl.
465,The Pelican Brief,mystery|legal thriller,<The Pelican Brief> is a legal thriller book about a law student who uncovers a conspiracy that leads to the assassination of two Supreme Court justices.
466,Mixed Blessings,romance|fiction,"<Mixed Blessings> is a romance novel about three couples facing the challenges of infertility, adoption, and unexpected pregnancies."
467,Jewels,romance|family drama,"<Jewels> is a romance|family drama book about the life of Sarah Whitfield, a strong and determined woman who overcomes tragedy and heartache to build a successful jewelry empire."
468,Dragonfly in Amber,historical fiction|romance,"<Dragonfly in Amber> is a historical fiction and romance novel that follows Claire Randall as she navigates life in 18th-century France while trying to change the course of history and reunite with her true love, Jamie Fraser."
469,Vanished,mystery|suspense|romance,"<Vanished> is a mystery|suspense|romance book about a woman who goes missing, leaving her family to uncover the truth behind her disappearance."
470,A Dangerous Fortune,historical fiction|thriller,<A Dangerous Fortune> is a historical fiction thriller about a deadly secret and power struggles within a wealthy banking family in Victorian England.
471,Tunnel Vision (V.I. Warshawski Novels (Paperback)),mystery|crime fiction,"<Tunnel Vision (V.I. Warshawski Novels (Paperback))> is a crime fiction novel about private investigator V.I. Warshawski who gets entangled in a case involving corrupt politicians, shady developers, and a missing teenage girl"
472,Accident,drama|romance,<Accident> is a drama|romance book about a successful journalist who struggles to rebuild her life after a tragic accident leaves her paralyzed.
473,Voyager,historical fiction|romance|fantasy,<Voyager> is a historical fiction|romance|fantasy book about a woman who time travels back to the 18th century and reunites with her long-lost love amidst political intrigue and adventure.
474,Smilla's Sense of Snow,mystery|thriller|suspense,"<Smilla's Sense of Snow> is a mystery thriller about a half-Inuit woman investigating the suspicious death of a young boy in Copenhagen, uncovering a web of conspiracy and danger."
475,The Giver (21st Century Reference),dystopian|science fiction,<The Giver (21st Century Reference)> is a dystopian science fiction book about a young boy named Jonas who discovers the dark truths behind his seemingly perfect society.
476,The Chamber,legal thriller|crime fiction,<The Chamber> is a legal thriller book about an attorney defending his racist grandfather on death row for a Ku Klux Klan bombing that killed two Jewish children.
477,One True Thing,fiction|drama,"""One True Thing"" is a drama fiction book about a daughter who moves back home to take care of her dying mother and learns the truth about their family dynamics."
478,The Gift,romance|drama,<The Gift> is a romance|drama book about a woman who discovers her true passion for life and love after inheriting a house in the French countryside.
479,The Runaway Jury,legal thriller,<The Runaway Jury> is a legal thriller about a high-stakes tobacco trial and the manipulation of the jury by a mysterious outsider.
480,The Glass Lake,family drama|romance|contemporary fiction,<The Glass Lake> is a family drama/romance/contemporary fiction book about a woman's secret past and the impact it has on her relationships and the small Irish town she lives in.
481,The Rainmaker,legal thriller|drama,<The Rainmaker> is a legal thriller book about a young lawyer who takes on a powerful insurance company in a case involving a terminally ill boy.
482,The Horse Whisperer,fiction|drama|romance|animal fiction,<The Horse Whisperer> is a drama/romance book about a horse trainer who uses unconventional methods to help a traumatized horse and its owner heal from a devastating accident.
483,Five Days in Paris,romance|fiction,<Five Days in Paris> is a romance novel about a chance encounter between two individuals that leads to a brief but intense relationship during a tumultuous time in their lives.
484,This Year It Will Be Different: And Other Stories,short stories|fiction|contemporary fiction,<This Year It Will Be Different: And Other Stories> is a collection of heartwarming and relatable short stories that explore the complexities of relationships and the challenges of the holiday season.
485,Drums of Autumn,historical fiction|romance|time travel,<Drums of Autumn> is a historical fiction and romance novel that follows Claire and Jamie Fraser as they settle in North Carolina and navigate the challenges of colonial America in the midst of the American Revolution.
486,The Loop,drama|fiction|suspense,<The Loop> is a suspenseful drama about a wildlife biologist who must solve a mystery surrounding a series of wolf attacks in a small Montana town.
487,Hannibal,thriller|suspense|crime fiction,"<Hannibal> is a thriller|suspense|crime fiction book about FBI agent Clarice Starling's pursuit of the brilliant and sadistic cannibalistic serial killer, Dr. Hannibal Lecter."
488,Hard Time (V.I. Warshawski Novels (Paperback)),mystery|crime fiction,<Hard Time (V.I. Warshawski Novels (Paperback))> is a mystery|crime fiction book about private investigator V.I. Warshawski getting involved in a dangerous case involving a wrongful conviction and corruption in the criminal justice system
489,The Partner,legal thriller|crime fiction,"<The Partner> is a legal thriller book about a lawyer who fakes his own death and steals millions of dollars, only to be pursued by his former colleagues and the FBI."
490,Special Delivery: A Novel,romance|drama,<Special Delivery: A Novel> is a romance novel about a successful lawyer who unexpectedly becomes a single father and finds love again with the help of a kind-hearted woman.
491,Granny Dan,historical fiction|romance,<Granny Dan> is a historical fiction|romance book about a young ballet dancer who discovers her grandmother's extraordinary past as a Russian ballerina during World War II.
492,The Long Road Home,fiction|romance|drama,<The Long Road Home> is a fiction|romance|drama book about a woman who must navigate the challenges of finding love and happiness after a devastating betrayal.
493,The Street Lawyer,legal thriller,<The Street Lawyer> is a legal thriller book about a successful attorney who has a life-changing encounter with a homeless man that leads him to reevaluate his priorities and fight for justice for the less fortunate.
494,Acts of Malice,suspense|legal thriller|crime fiction,<Acts of Malice> is a suspenseful legal thriller that follows attorney Nina Reilly as she races against time to clear her client of murder charges while uncovering dangerous secrets in Lake Tahoe.
495,Black and Blue,fiction|literary fiction|domestic fiction,<Black and Blue> is a literary fiction book about a woman who escapes her abusive husband and starts a new life for herself and her son.
496,Summer Sisters,fiction|romance|coming-of-age,<Summer Sisters> is a coming-of-age novel about two best friends who navigate their complicated friendship over the course of many summers.
497,The Testament,legal thriller,<The Testament> is a legal thriller book about a billionaire's unexpected will that leads to a fierce legal battle over his inheritance.
498,Where You Belong,fiction|romance|contemporary,<Where You Belong> is a contemporary romance novel about a successful businesswoman who must navigate family secrets and unexpected love as she returns to her childhood home.
499,The Smoke Jumper,drama|romance|adventure,"<The Smoke Jumper> is a drama|romance|adventure book about two men and a woman caught in a love triangle, facing life-threatening challenges as smoke jumpers in the Montana wilderness."
500,Lost Girls,suspense|thriller|mystery,<Lost Girls> is a suspense thriller about a detective investigating the disappearance of three young girls in a small town with dark secrets.
501,Tara Road,fiction|women's fiction|domestic fiction,"<Tara Road> is a women's fiction novel about two women, one from Ireland and one from America, who switch homes for the summer and find unexpected healing and friendship."
502,The Brethren,legal thriller|crime fiction,<The Brethren> is a legal thriller book about three judges in a federal prison running a blackmail scheme targeting wealthy closeted gay men.
503,Tell No One,suspense|thriller|crime fiction,"<Tell No One> is a suspenseful thriller about a man who is suspected of his wife's murder, but years later receives a mysterious email suggesting she may still be alive."
504,Gone for Good,suspense|thriller|crime fiction,<Gone for Good> is a suspenseful crime fiction novel about a man who delves into his family's dark past to uncover the truth behind his brother's disappearance and a series of murders.
505,The Wedding,romance|fiction,<The Wedding> is a romance novel about a widowed father who falls in love with a young woman and faces challenges from his children as they plan their wedding.
506,A Painted House,fiction|drama|family drama,<A Painted House> is a family drama book about a young boy living on a cotton farm in Arkansas in the 1950s who witnesses a murder and struggles with the moral dilemma of revealing the truth.
507,The Summons,legal thriller|suspense,"<The Summons> is a legal thriller book about a law professor who discovers a secret inheritance from his estranged father, leading to a dangerous journey to uncover the truth."
508,Nerd in Shining Armor,romance|comedy,"<Nerd in Shining Armor> is a romance-comedy book about a geeky computer programmer who gets help from a sexy stranger to win back his ex-girlfriend, only to realize his true feelings lie elsewhere."
509,The King of Torts,legal thriller|mystery,"<The King of Torts> is a legal thriller book about a young lawyer who becomes a powerful tort attorney and is thrust into a world of greed, corruption, and danger as he navigates the high-stakes world of pharmaceutical lawsuits."
510,"Are You There God?  It's Me, Margaret",young adult|contemporary fiction|coming-of-age,"<Are You There God? It's Me, Margaret> is a young adult coming-of-age book about a preteen girl navigating the challenges of puberty, friendship, and her search for identity while exploring her feelings about religion and spirituality."
511,Holes (Yearling Newbery),adventure|mystery|young adult,<Holes (Yearling Newbery)> is a young adult adventure and mystery book about a boy named Stanley Yelnats who is sent to a juvenile detention camp where he uncovers the dark secrets of the camp's past.
512,Island of the Blue Dolphins,adventure|historical fiction,<Island of the Blue Dolphins> is a historical fiction adventure book about a young girl named Karana who is stranded on an island and must learn to survive on her own.
513,How to Eat Fried Worms,children's|humor|fiction,<How to Eat Fried Worms> is a children's humor book about a boy who bets he can eat fifteen worms in fifteen days for fifty dollars.
514,Tales of a Fourth Grade Nothing,children's literature|humor|fiction,"<Tales of a Fourth Grade Nothing> is a children's literature book about the humorous adventures and sibling rivalry between fourth grader Peter Hatcher and his mischievous little brother, Fudge."
515,A Wrinkle In Time,fantasy|science fiction|young adult,"<A Wrinkle In Time> is a fantasy/science fiction/young adult book about a young girl named Meg who, along with her brother and a friend, embarks on a journey through time and space to rescue her scientist father from an evil force"
516,Island of the Blue Dolphins (Laurel Leaf Books),adventure|historical fiction,<Island of the Blue Dolphins (Laurel Leaf Books)> is an adventure|historical fiction book about a young girl named Karana who must survive alone on an island after being left behind by her people.
517,The Outsiders,young adult|coming-of-age|fiction,<The Outsiders> is a young adult coming-of-age fiction book about the rivalry between two groups of teenagers from different social classes in 1960s Oklahoma.
518,A Wrinkle in Time,fiction|fantasy|science fiction,<A Wrinkle in Time> is a science fiction/fantasy book about a young girl named Meg who goes on a cosmic journey to rescue her missing scientist father with the help of three mysterious beings.
519,Good Omens,fantasy|humor|supernatural,"<Good Omens> is a fantasy book about an angel and a demon teaming up to prevent the impending apocalypse, while navigating the absurdities of human existence and bureaucracy."
520,Club Dead (Southern Vampire Mysteries),mystery|fantasy|romance,"<Club Dead (Southern Vampire Mysteries)> is a mystery|fantasy|romance book about telepathic waitress Sookie Stackhouse searching for her vampire boyfriend Eric Northman, who has gone missing in Mississippi."
521,Dune (Remembering Tomorrow),science fiction|unique world-building|political intrigue,"<Dune (Remembering Tomorrow)> is a science fiction novel with unique world-building and political intrigue, following the story of a young nobleman navigating complex power struggles on a desert planet."
522,Guilty Pleasures (Anita Blake Vampire Hunter (Paperback)),urban fantasy|paranormal romance|horror,"<Guilty Pleasures (Anita Blake Vampire Hunter (Paperback))> is an urban fantasy book about Anita Blake, a vampire hunter who gets caught in a dangerous world of supernatural creatures and politics."
523,Neuromancer (Remembering Tomorrow),science fiction|cyberpunk,<Neuromancer (Remembering Tomorrow)> is a cyberpunk science fiction book about a washed-up computer hacker hired to pull off a high-stakes heist in a futuristic world dominated by artificial intelligence and virtual reality.
524,Stranger in a Strange Land (Remembering Tomorrow),science fiction,<Stranger in a Strange Land (Remembering Tomorrow)> is a classic science fiction novel about a human raised by Martians who returns to Earth and challenges societal norms with his unique abilities.
525,Crocodile on the Sandbank,mystery|historical fiction|adventure,"<Crocodile on the Sandbank> is a mystery-adventure book set in 19th century Egypt, where a strong-willed woman named Amelia Peabody uncovers ancient secrets and solves a murder mystery while battling against superstitions and danger."
526,To Kill a Mockingbird,coming-of-age|classic literature|legal drama,"<To Kill a Mockingbird> is a classic literature book about a young girl's coming-of-age journey in the racially divided town of Maycomb, Alabama, during her father's courageous defense of a black man wrongly accused of rape."
527,Windmills of the Gods,suspense|thriller,<Windmills of the Gods> is a suspense thriller about a female college president who becomes embroiled in a deadly international conspiracy.
528,Presumed Innocent,legal thriller|crime fiction|murder mystery,<Presumed Innocent> is a legal thriller crime fiction murder mystery about a prosecutor who becomes the prime suspect in the murder of his colleague and former lover.
529,Nothing Lasts Forever,novel|crime fiction|thriller,<Nothing Lasts Forever> is a crime fiction thriller novel about a successful female surgeon who faces personal and professional challenges while working at a prestigious hospital in Los Angeles.
530,The Sands of Time,novel|suspense|romance,<The Sands of Time> is a suspenseful novel about a journalist and a prince who must unravel a dangerous conspiracy involving a priceless ancient artifact.
531,Devices and Desires,mystery|thriller|detective,"<Devices and Desires> is a mystery thriller detective book about a small-town detective investigating a series of murders with the help of her estranged father, a former FBI profiler."
532,Presumed Innocent,legal thriller|crime fiction|murder mystery,<Presumed Innocent> is a legal thriller novel about a prosecutor who becomes the prime suspect in the murder of his colleague and must navigate a web of deceit and corruption to prove his innocence.
533,The Burden of Proof,suspense|legal thriller,<The Burden of Proof> is a legal thriller about a successful attorney who investigates his wife's mysterious death and uncovers a web of deception and betrayal.
534,Scarlett : The Sequel to Margaret Mitchell's \Gone With the Wind\,historical fiction|romance,<Scarlett : The Sequel to Margaret Mitchell's \Gone With the Wind\> is a historical fiction|romance book about Scarlett O'Hara's journey to rebuild her life after the Civil War and find love again.
535,The Doomsday Conspiracy,suspense|thriller|mystery,<The Doomsday Conspiracy> is a suspense thriller about a pilot who uncovers a global conspiracy involving a deadly weapon and must race against time to stop it.
536,Along Came a Spider (Alex Cross Novels),thriller|suspense|crime fiction,<Along Came a Spider (Alex Cross Novels)> is a suspenseful crime thriller about detective Alex Cross's hunt for a cunning kidnapper targeting wealthy families.
537,French Silk,Romance|Suspense,"<French Silk> is a Romance|Suspense book about a successful lingerie designer who becomes the prime suspect in her husband's murder investigation, leading to a dangerous romance with the lead detective."
538,The General's Daughter,mystery|thriller|crime fiction,"<The General's Daughter> is a mystery|thriller|crime fiction book about a murder investigation involving the daughter of a high-ranking army general, with shocking revelations and twists along the way."
539,Gone with the Wind,historical fiction|romance,<Gone with the Wind> is a historical fiction/romance book about the tumultuous love affair between Scarlett O'Hara and Rhett Butler during the American Civil War and Reconstruction era.
540,A Yellow Raft in Blue Water,family drama|contemporary fiction|multigenerational narrative,"<A Yellow Raft in Blue Water> is a multigenerational family drama about three Native American women - Rayona, Christine, and Ida - whose intertwined lives are filled with secrets, betrayals, and the enduring power of love."
541,Daisy Fay and the Miracle Man,fiction|humor|coming-of-age,<Daisy Fay and the Miracle Man> is a coming-of-age fiction book about a young girl navigating through the challenges and humor of small-town life in Mississippi during the 1950s.
542,The Bridges of Madison County,romance|drama,<The Bridges of Madison County> is a romance/drama book about the unexpected and passionate love affair between a lonely housewife and a wandering photographer in Iowa.
543,Slow Waltz in Cedar Bend,romance|contemporary fiction,"<Slow Waltz in Cedar Bend> is a romance novel about a college professor who embarks on a passionate affair with a mysterious photographer, leading to a journey of self-discovery and love."
544,The Celestine Prophecy (Celestine Prophecy),fiction|spiritual fiction|adventure,<The Celestine Prophecy (Celestine Prophecy)> is a spiritual fiction book about a man who embarks on a journey to Peru to uncover nine insights that reveal the interconnectedness of all things and the potential for human evolution.
545,The Notebook,romance|drama,<The Notebook> is a romance|drama book about a young couple who fall in love in the 1940s and their enduring love story that spans decades despite obstacles and challenges.
546,Standoff,romance|suspense|thriller,<Standoff> is a romantic suspense thriller about a hostage negotiator who must navigate a dangerous standoff with a charismatic and dangerous criminal.
547,The Guardian,romance|drama|fiction,"<The Guardian> is a romance novel about a widow who finds love again with a mysterious dog trainer, but soon discovers he has a dangerous secret that puts her life at risk."
548,Nights in Rodanthe,romance|drama,<Nights in Rodanthe> is a romance/drama book about a woman who finds unexpected love and healing during a weekend getaway in a coastal North Carolina inn.
549,"Dude, Where's My Country?",satire|political satire,"<Dude, Where's My Country?> is a political satire book by Michael Moore that criticizes the Bush administration's policies and calls for Americans to take action."
550,Where There's Smoke,romance|suspense,<Where There's Smoke> is a romance|suspense book about a TV reporter investigating a suspicious fire and unraveling a dangerous conspiracy while falling for a charismatic firefighter.
551,Season of the Machete,thriller|suspense|crime fiction,<Season of the Machete> is a suspenseful thriller about a deadly game of cat and mouse between a detective and a dangerous serial killer in the Caribbean.
552,Strip Tease,mystery|crime fiction|satire,<Strip Tease> is a satirical crime fiction novel about a stripper who takes on corrupt politicians and sleazy businessmen after witnessing a murder at the club where she works.
553,Kiss the Girls,thriller|suspense|crime fiction,<Kiss the Girls> is a thriller book about a detective hunting down a serial killer who kidnaps and tortures young women.
554,Slow Waltz in Cedar Bend,romance|literary fiction,"<Slow Waltz in Cedar Bend> is a romance novel about a professor who embarks on a passionate affair with a mysterious woman, only to be confronted with the consequences of their forbidden love."
555,Blood Work,crime fiction,<Blood Work> is a crime fiction book about a retired FBI agent investigating the murder of a woman who donated her heart to him for a transplant.
556,The Witness,mystery|thriller|romance,<The Witness> is a mystery|thriller|romance book about a young woman who witnesses a brutal murder and must rely on a hardened detective to protect her from the killer.
557,Strange Highways,horror|thriller,"<Strange Highways> is a horror thriller book about a man who discovers alternate realities through mysterious highways, each leading to a different terrifying and surreal outcome."
558,See How They Run,mystery|thriller,<See How They Run> is a thriller book about a former FBI agent who must stop a deadly cult before they carry out their sinister plan.
559,Primary Colors: A Novel of Politics,political fiction,"<Primary Colors: A Novel of Politics> is a political fiction book about a young campaign worker's journey through the ups and downs of a presidential campaign, filled with scandal and moral dilemmas."
560,Sick Puppy,mystery|thriller|satire,<Sick Puppy> is a satirical mystery thriller that follows a group of eccentric characters as they attempt to take down a corrupt politician and his shady development plans in Florida.
561,The Notebook,romance|drama,"<The Notebook> is a romance|drama book about a young couple who fall in love in the 1940s, only to be separated by societal expectations and war, but are reunited years later in a heartwarming tale of enduring love"
562,Roses Are Red (Alex Cross Novels),mystery|crime fiction|thriller,<Roses Are Red (Alex Cross Novels)> is a mystery thriller about detective Alex Cross investigating a series of high-profile bank robberies orchestrated by a ruthless mastermind.
563,Fat Tuesday,suspense|thriller|mystery,<Fat Tuesday> is a suspenseful thriller about a lawyer who must prove his innocence after being framed for a crime he didn't commit during the chaos of Mardi Gras in New Orleans.
564,The Winner,thriller|suspense|crime fiction,<The Winner> is a thriller novel about a young woman who becomes the winner of a mysterious and deadly game that threatens to destroy her life.
565,The Midnight Club,mystery|thriller,<The Midnight Club> is a mystery thriller book about a group of terminally ill patients who form a bond and uncover a deadly secret within their hospital.
566,Message in a Bottle,romance | drama,"<Message in a Bottle> is a romance/drama book about a woman who finds a heartfelt love letter in a bottle and sets out to discover the author, leading to unexpected twists and turns in her own life."
567,Unspeakable,romance|suspense|thriller,<Unspeakable> is a romance|suspense|thriller book about a forensic photographer who becomes entangled in a dangerous game of cat and mouse with a mysterious and seductive stranger.
568,When the Wind Blows,suspense|thriller,"<When the Wind Blows> is a suspense/thriller book about a young girl with extraordinary abilities who is pursued by sinister forces, leading to a thrilling and dangerous adventure."
569,The Simple Truth,mystery|suspense,<The Simple Truth> is a suspenseful mystery novel about a lawyer uncovering a conspiracy involving a secret society and a cover-up of a murder.
570,Pop Goes the Weasel,mystery|thriller|crime fiction,"<Pop Goes the Weasel> is a thriller/crime fiction book about detective Alex Cross's pursuit of a dangerous and cunning serial killer in Washington, D.C."
571,Saving Faith,thriller|suspense,<Saving Faith> is a thriller|suspense book about a lobbyist who uncovers a conspiracy involving a corrupt senator and a shadowy billionaire.
572,A Walk to Remember,romance|drama,"<A Walk to Remember> is a romance|drama book about a high school bad boy who falls in love with a terminally ill minister's daughter, leading to a heartwarming and tragic love story."
573,Cradle and All,mystery|thriller|suspense,"<Cradle and All> is a suspenseful thriller about a series of mysterious and deadly events surrounding two young pregnant girls, as a priest and a private detective race to uncover the truth before it's too late."
574,Standoff,mystery|thriller|suspense,"<Standoff> is a suspenseful thriller about a hostage situation that unfolds in a small town, forcing a negotiator and a police chief to work together to diffuse the crisis before it's too late."
575,The Switch,thriller|suspense|romance,"<The Switch> is a thriller|suspense|romance book about a woman who is forced to assume a new identity after witnessing a murder, only to become entangled in a dangerous web of deceit and betrayal."
576,1st to Die: A Novel,crime fiction|thriller|mystery,<1st to Die: A Novel> is a crime fiction thriller about four women who form a detective agency to catch a serial killer terrorizing San Francisco.
577,Wish You Well,family drama|historical fiction,<Wish You Well> is a family drama|historical fiction book about two siblings who must navigate hardships and tragedies in rural Virginia in the 1940s.
578,The Rescue,romance|drama,<The Rescue> is a romance|drama book about a firefighter who falls in love with a single mother after rescuing her son from a car accident.
579,The Bachelor (Warner Books Contemporary Romance),romance,"<The Bachelor (Warner Books Contemporary Romance)> is a romance book about a wealthy bachelor who falls for a woman with a troubled past, leading to unexpected revelations and passionate love."
580,The Playboy,romance|contemporary romance,"<The Playboy> is a contemporary romance book about a reformed playboy who falls for a woman he can't resist, but must confront his past mistakes to win her heart."
581,The First Counsel,mystery|thriller|political fiction,<The First Counsel> is a political thriller about a young White House lawyer who becomes embroiled in a dangerous conspiracy while navigating the complexities of power and loyalty.
582,Suzanne's Diary for Nicholas,romance|drama,"<Suzanne's Diary for Nicholas> is a romance|drama book about a woman named Katie who finds a diary written by her late fiancé's ex-wife, Suzanne, that reveals a heartbreaking love story."
583,Violets Are Blue,mystery|thriller,"<Violets Are Blue> is a mystery thriller book about Detective Alex Cross investigating a series of brutal murders committed by a sadistic killer known as ""The Mastermind."""
584,Envy,suspense|romance|thriller,<Envy> is a suspenseful thriller about a successful journalist investigating a murder case and facing threats from a mysterious stalker.
585,A Bend in the Road,romance|drama|fiction,<A Bend in the Road> is a romance/drama novel about a widowed deputy sheriff who falls in love again while trying to solve the mystery of his wife's death.
586,The Beach House,mystery|suspense,"""The Beach House"" is a mystery|suspense book about a murder investigation that leads to dark secrets and betrayal at a luxurious beach house in the Hamptons."
587,2nd Chance,mystery|suspense|crime fiction,<2nd Chance> is a mystery|suspense|crime fiction book about a series of murders in San Francisco that the Women's Murder Club must solve before more innocent lives are lost.
588,Four Blind Mice,mystery|thriller|crime fiction,<Four Blind Mice> is a mystery thriller book about Detective Alex Cross investigating a series of killings that lead him to a military conspiracy.
589,The Virgin Suicides,drama|coming-of-age|literary fiction,"<The Virgin Suicides> is a literary fiction book about five teenage sisters in a suburban neighborhood who all commit suicide, exploring the impact of their deaths on their community and the complex dynamics of adolescence."
590,Where the Heart Is (Oprah's Book Club (Paperback)),fiction|drama|romance,"<Where the Heart Is (Oprah's Book Club (Paperback))> is a drama/romance book about a pregnant, 17-year-old girl who is abandoned by her boyfriend at a Walmart in Oklahoma and must rebuild her life with"
591,The Honk and Holler Opening Soon,fiction|humor|literature,<The Honk and Holler Opening Soon> is a humorous and heartwarming fiction book about a woman named Caney who inherits a failing bar in a small Oklahoma town and forms unlikely friendships with the quirky locals as she tries to turn the business
592,Master of the Game,suspense|drama|thriller,"<Master of the Game> is a suspenseful thriller about the ruthless and cunning Kate Blackwell, who will stop at nothing to secure her family's legacy and power in the cutthroat world of business."
593,\O\ Is for Outlaw,detective fiction|mystery fiction,"<\O\ Is for Outlaw> is a detective fiction book about private investigator Kinsey Millhone investigating a decades-old murder tied to a former flame, while also dealing with personal struggles and uncovering shocking secrets."
594,P Is for Peril,mystery|thriller|detective fiction,<P Is for Peril> is a mystery novel about private investigator Kinsey Millhone searching for a missing woman who may have faked her own disappearance.
595,Seabiscuit: An American Legend,nonfiction|biography|sports,<Seabiscuit: An American Legend> is a nonfiction biography that tells the remarkable story of the undersized racehorse who became a symbol of hope and resilience during the Great Depression.
596,The Right Hand of Evil,horror|suspense,<The Right Hand of Evil> is a horror|suspense book about a family moving into a new house and uncovering dark secrets that have haunted the town for generations.
597,Nightshade,horror|thriller,<Nightshade> is a horror thriller about a small town plagued by a mysterious curse that causes its residents to suffer from terrifying hallucinations.
598,Dances With Wolves,western|historical fiction,<Dances With Wolves> is a western historical fiction book about a soldier who befriends a tribe of Lakota Sioux and adopts their way of life.
599,On Mystic Lake,fiction|romance,"<On Mystic Lake> is a fiction|romance book about a woman who starts a new chapter in her life after her husband leaves her for another woman, finding love and healing in the process."
600,Space,science fiction|historical fiction,"<Space> is a historical fiction book about the exploration and colonization of space, spanning from the early days of rocketry to the first manned missions to Mars."
601,The Handmaid's Tale,dystopian|science fiction|political thriller,"<The Handmaid's Tale> is a dystopian novel about a society where women are stripped of their rights and forced into roles as ""handmaids"" for reproductive purposes."
602,The Chosen,fiction|coming of age|religious fiction,"<The Chosen> is a coming of age novel set in post-World War II Brooklyn, following the friendship between two Jewish boys from different sects as they navigate their religious beliefs and personal struggles."
603,Family: The Ties That Bind and Gag,humor|family-life,<Family: The Ties That Bind and Gag> is a humor book about the chaos and laughter that comes with navigating family relationships.
604,G Is for Gumshoe (Kinsey Millhone Mysteries (Paperback)),mystery|detective fiction,<G Is for Gumshoe (Kinsey Millhone Mysteries (Paperback))> is a mystery/detective fiction book about private investigator Kinsey Millhone's search for a missing man while navigating a web of deceit and danger.
605,H Is for Homicide (Kinsey Millhone Mysteries (Paperback)),mystery|crime fiction,<H Is for Homicide (Kinsey Millhone Mysteries (Paperback))> is a mystery/crime fiction book about private investigator Kinsey Millhone investigating the murder of a shady businessman and uncovering a web of deceit and betrayal.
606,Catering to Nobody,mystery|culinary fiction,<Catering to Nobody> is a culinary mystery novel about caterer Goldy Bear who becomes embroiled in a murder investigation when one of her clients is poisoned.
607,J Is for Judgment,detective fiction|mystery,<J Is for Judgment> is a detective fiction book about private investigator Kinsey Millhone investigating a missing persons case that leads to a complex web of deceit and betrayal.
608,L Is for Lawless,crime fiction,<L Is for Lawless> is a crime fiction book about private investigator Kinsey Millhone solving a mystery involving an elderly woman's missing insurance money.
609,K Is for Killer (Kinsey Millhone Mysteries (Paperback)),mystery|crime fiction,<K Is for Killer (Kinsey Millhone Mysteries (Paperback))> is a mystery/crime fiction book about private detective Kinsey Millhone investigating the murder of a recently deceased woman's daughter.
610,I Is for Innocent,mystery|crime fiction,<I Is for Innocent> is a mystery/crime fiction book about private investigator Kinsey Millhone as she investigates the murder of a man whose ex-wife is the prime suspect.
611,Guardian,horror|thriller,<Guardian> is a horror/thriller book about a young boy who discovers that his seemingly perfect new guardian may have a dark and sinister secret.
612,M Is for Malice,mystery|crime fiction,<M Is for Malice> is a mystery/crime fiction book about private investigator Kinsey Millhone investigating the disappearance of an elderly woman's son and uncovering a web of deceit and betrayal.
613,N Is for Noose,mystery|detective fiction,"<N Is for Noose> is a mystery/detective fiction book about private investigator Kinsey Millhone investigating the apparent suicide of a local man, which uncovers secrets and motives that point to murder."
614,Dicey's Song,fiction|young adult fiction,"<Dicey's Song> is a young adult fiction book about a teenage girl named Dicey Tillerman who navigates the challenges of family, love, and identity after being abandoned by her mother."
615,A Thousand Acres (Ballantine Reader's Circle),family drama|contemporary fiction|literary fiction,"<A Thousand Acres (Ballantine Reader's Circle)> is a literary fiction book about a family drama set on a farm in Iowa, exploring themes of power, betrayal, and the complexities of family relationships."
616,Patty Jane's House of Curl (Ballantine Reader's Circle),fiction|women's fiction|humor,<Patty Jane's House of Curl (Ballantine Reader's Circle)> is a women's fiction book about the bond between two sisters as they navigate life's challenges and run a successful beauty salon in Minnesota.
617,Pet Sematary,horror|thriller,"<Pet Sematary> is a horror book about a family who discovers a mysterious burial ground that has the power to bring the dead back to life, with terrifying consequences."
618,Thinner,horror|thriller,<Thinner> is a horror/thriller book about a man who is cursed to rapidly lose weight after a gypsy's curse causes him to slowly waste away.
619,Mindbend,medical thriller,<Mindbend> is a medical thriller about a young psychologist who uncovers a sinister conspiracy involving mind control experiments at a prestigious psychiatric hospital.
620,Skeleton Crew,horror|thriller,<Skeleton Crew> is a horror/thriller book about a collection of terrifying and suspenseful short stories that will leave readers on the edge of their seats.
621,Eyes of the Dragon,fantasy|horror,"<Eyes of the Dragon> is a fantasy|horror book about a kingdom torn apart by betrayal and dark magic, as two brothers battle for the throne."
622,Misery,horror|thriller,"<Misery> is a horror/thriller book about a famous author who is held captive by his psychotic fan after a car accident, forced to write a new novel to satisfy her obsession."
623,The Tommyknockers,horror|science fiction,<The Tommyknockers> is a horror/science fiction book about a small town in Maine being affected by a mysterious alien presence that slowly transforms its residents and leads to chaos.
624,"The Gunslinger (The Dark Tower, Book 1)",fantasy|horror|western,"<The Gunslinger (The Dark Tower, Book 1)> is a fantasy|horror|western book about Roland Deschain, the last gunslinger, on a quest to reach the mysterious Dark Tower and confront the Man in Black."
625,Pet Sematary,horror|thriller,"<Pet Sematary> is a horror novel about a family who discovers a mysterious burial ground that has the power to bring the dead back to life, with devastating consequences."
626,The Pillars of the Earth,historical fiction|drama|historical romance,"<The Pillars of the Earth> is a historical fiction book about the construction of a cathedral in 12th century England, intertwined with power struggles, love, and betrayal."
627,The Dark Half,horror|thriller,<The Dark Half> is a horror book about a writer whose pseudonym takes on a life of its own and begins committing murders.
628,It,horror|thriller|supernatural,<It> is a horror book about a group of friends who reunite as adults to face a shape-shifting entity that preys on children in their small town.
629,Misery,horror|thriller|psychological horror,"<Misery> is a psychological horror book about a famous author held captive by his obsessed fan, who forces him to write a new novel to her twisted specifications."
630,The Stand: Complete and Uncut,horror|post-apocalyptic|dystopian,"<The Stand: Complete and Uncut> is a horror post-apocalyptic novel about a deadly virus that wipes out most of the world's population, leaving the survivors to choose between two opposing leaders in a battle of good versus evil."
631,Four Past Midnight,horror|supernatural fiction|thriller,"<Four Past Midnight> is a horror book about four interconnected novellas that delve into themes of fear, suspense, and supernatural occurrences."
632,Needful Things,horror|thriller|supernatural,"<Needful Things> is a horror-thriller novel by Stephen King about a mysterious new store in town that offers residents tempting but sinister items in exchange for favors, sparking chaos and violence in the community."
633,Night over Water,historical fiction|thriller|adventure,<Night over Water> is a historical fiction thriller about the passengers and crew aboard a luxurious flying boat attempting to cross the Atlantic Ocean amidst the outbreak of World War II.
634,Gerald's Game,thriller|horror|psychological thriller,"<Gerald's Game> is a psychological thriller book about a woman who becomes trapped in handcuffs during a sex game gone wrong, leading her to confront her traumatic past and fight for survival."
635,Dolores Claiborne,mystery|psychological thriller|drama,<Dolores Claiborne> is a psychological thriller about a woman who confesses to murdering her abusive husband and must confront dark family secrets while maintaining her innocence in the eyes of the law.
636,The Door to December,mystery|horror,<The Door to December> is a horror book about a mother's terrifying journey to uncover the truth behind her daughter's disturbing behavior and the mysterious experiments conducted on her.
637,A Case of Need,medical thriller|mystery|medical fiction,<A Case of Need> is a medical thriller book about a young doctor who becomes entangled in a dangerous conspiracy while investigating the death of a prominent surgeon's daughter.
638,The Rosewood Casket,mystery|southern fiction|historical fiction,<The Rosewood Casket> is a mystery and southern fiction novel about a family's dark secrets and a murder investigation in the Appalachian mountains.
639,She Walks These Hills,mystery|suspense|fiction,<She Walks These Hills> is a suspenseful mystery novel that weaves together the stories of a modern-day murder investigation and a legendary Appalachian folk tale.
640,Insomnia,horror|thriller|suspense,<Insomnia> is a horror book about an elderly man who develops insomnia and starts experiencing terrifying hallucinations involving supernatural beings.
641,Rose Madder,horror|thriller|suspense,<Rose Madder> is a horror book about a woman named Rose who escapes her abusive husband and discovers a mysterious painting that transports her to a nightmarish world.
642,The Deep End of the Ocean,drama|family drama|literary fiction,<The Deep End of the Ocean> is a family drama book about a mother's search for her missing son and the impact it has on her family.
643,The Bone Collector (Lincoln Rhyme Novels (Paperback)),mystery|thriller|crime fiction,<The Bone Collector (Lincoln Rhyme Novels (Paperback))> is a gripping crime fiction novel about a quadriplegic forensic detective and a young officer who team up to track down a sadistic serial killer in New York City
644,The Two Dead Girls (Green Mile Series),drama|fantasy|horror,<The Two Dead Girls (Green Mile Series)> is a drama|fantasy|horror book about a prison guard's encounters with supernatural occurrences surrounding the death row inmates at Cold Mountain Penitentiary.
645,The Green Mile: The Mouse on the Mile (Green Mile Series),fiction|horror|crime fiction,<The Green Mile: The Mouse on the Mile (Green Mile Series)> is a horror crime fiction book about a mysterious mouse that arrives at the Cold Mountain Penitentiary and brings about strange and unsettling events for the inmates and guards.
646,The Green Mile: Coffey's Hands (Green Mile Series),mystery|supernatural fiction|drama,"<The Green Mile: Coffey's Hands (Green Mile Series)> is a mystery and supernatural fiction book about death row inmate John Coffey, who possesses healing powers and forms a special bond with the prison guards as they witness his extraordinary abilities."
647,The Green Mile: The Bad Death of Eduard Delacroix (Green Mile Series),horror|suspense|fiction,<The Green Mile: The Bad Death of Eduard Delacroix (Green Mile Series)> is a horror|suspense|fiction book about the chilling events surrounding the execution of prisoner Eduard Delacroix on death row.
648,The Green Mile: Night Journey (Green Mile Series),horror|supernatural fiction|drama,"<The Green Mile: Night Journey (Green Mile Series)> is a horror|supernatural fiction|drama book about the mysterious events that occur on Death Row at Cold Mountain Penitentiary, involving a supernatural inmate named John Coffey."
649,The Green Mile: Coffey on the Mile (Green Mile Series),supernatural|horror|mystery,<The Green Mile: Coffey on the Mile (Green Mile Series)> is a supernatural horror mystery book about a death row inmate with extraordinary powers who forms a bond with the prison guards.
650,The Regulators,horror|thriller,<The Regulators> is a horror|thriller book about a suburban neighborhood that descends into chaos when a mysterious force transforms the residents into violent and bloodthirsty killers.
651,How Stella Got Her Groove Back,romance|drama,"<How Stella Got Her Groove Back> is a romance|drama book about a successful, middle-aged woman who finds love and adventure on a trip to Jamaica."
652,The Most Wanted,suspense|thriller,"<The Most Wanted> is a suspense thriller book about a woman who goes on the run with her daughter after witnessing a murder committed by her husband, who is a powerful and dangerous man."
653,The Ballad of Frankie Silver,historical fiction|crime fiction|mystery,<The Ballad of Frankie Silver> is a historical fiction/crime fiction book about the true story of a young woman accused of murdering her husband in 1831 North Carolina.
654,The Deep End of the Ocean,drama|family|thriller,<The Deep End of the Ocean> is a drama book about a mother's search for her missing son and the emotional turmoil that follows when he is found nine years later.
655,Beyond Eden,romance|suspense,<Beyond Eden> is a romance|suspense book about a young woman who discovers dark secrets about her family's past while falling in love with a charming stranger.
656,Back Roads,Fiction|Drama|Coming-of-age,<Back Roads> is a gripping coming-of-age drama about a young man struggling to navigate the complexities of family dysfunction and tragedy in a small Pennsylvania town.
657,Scarlet Feather,fiction|romance,<Scarlet Feather> is a romance novel about two friends who start a catering business together and navigate the ups and downs of their personal and professional lives.
658,4 Blondes,chick lit|contemporary fiction|romance,"<4 Blondes> is a chick lit book about the lives and relationships of four glamorous and successful blonde women navigating the highs and lows of love, sex, and power in New York City."
659,The Door to December,mystery|horror|thriller,"<The Door to December> is a horror thriller book about a woman's daughter who is kidnapped by a mysterious man who claims to be her father, leading to a frightening journey into the unknown."
660,Dead Sleep,thriller|suspense|crime fiction,<Dead Sleep> is a suspenseful thriller about a forensic pathologist who investigates a series of murders linked to a mysterious online auction site.
661,How to Murder a Millionaire,mystery|crime fiction|humor,<How to Murder a Millionaire> is a mystery book about a socialite who becomes the prime suspect in the murder of her wealthy husband.
662,The Hangman's Beautiful Daughter,mystery|suspense|crime fiction,"<The Hangman's Beautiful Daughter> is a mystery novel about a serial killer targeting women in a small Appalachian town, with a young newspaper reporter and a retired police officer teaming up to solve the case."
663,The Trials of Tiffany Trott,fiction|women's fiction,"<The Trials of Tiffany Trott> is a women's fiction book about a young woman navigating the trials and tribulations of love, friendship, and self-discovery in modern-day London."
664,1984,dystopian|political|science fiction,<1984> is a dystopian political science fiction book about a totalitarian society ruled by Big Brother where individuality and freedom are suppressed.
665,Animal Farm,historical fiction|political satire|allegory,"<Animal Farm> is a political satire allegory about a group of farm animals who rebel against their oppressive human owner, only to be manipulated and oppressed by the pigs who take over the farm."
666,Song of Solomon (Oprah's Book Club (Paperback)),literary fiction|historical fiction,"<Song of Solomon (Oprah's Book Club (Paperback))> is a literary fiction book about the journey of a young African American man in search of his identity, heritage, and place in the world."
667,Beloved (Plume Contemporary Fiction),fiction|historical fiction|literary fiction,"<Beloved (Plume Contemporary Fiction)> is a literary fiction book about a former slave, Sethe, who is haunted by the memory of her dead daughter and the trauma of her past as she struggles to rebuild her life in post-Civil War"
668,The Claiming of Sleeping Beauty (Erotic Adventures of Sleeping Beauty),erotic|fantasy,<The Claiming of Sleeping Beauty (Erotic Adventures of Sleeping Beauty)> is an erotic fantasy book about a young princess who is awakened from her enchanted sleep and taken to a kingdom where she is trained as a submissive sex slave.
669,Beauty's Release,erotic fiction|romance|bdsm,<Beauty's Release> is an erotic fiction book about Beauty's journey into submission and pleasure as she explores her desires in a BDSM world.
670,How the Garcia Girls Lost Their Accents (Plume Contemporary Fiction),fiction|contemporary fiction|literary fiction,<How the Garcia Girls Lost Their Accents (Plume Contemporary Fiction)> is a literary fiction book about four sisters from the Dominican Republic who struggle with their identity and cultural heritage after moving to the United States.
671,Bastard Out of Carolina,drama|coming-of-age,"<Bastard Out of Carolina> is a drama|coming-of-age book about a young girl named Ruth Anne ""Bone"" Boatwright who navigates through a tumultuous and abusive family life in South Carolina."
672,A Man Named Dave: A Story of Triumph and Forgiveness,memoir|biography|inspirational,<A Man Named Dave: A Story of Triumph and Forgiveness> is a memoir about the author's journey of overcoming childhood abuse and finding forgiveness and redemption.
673,Girl with a Pearl Earring,historical fiction|romance,<Girl with a Pearl Earring> is a historical fiction|romance book about a young servant girl who becomes the muse for the famous painter Johannes Vermeer.
674,We Were the Mulvaneys,family drama|literary fiction,<We Were the Mulvaneys> is a literary fiction book about the unraveling of a seemingly perfect American family after a traumatic event.
675,The Virgin Blue,historical fiction|literary fiction,"""The Virgin Blue"" is a historical fiction book about a modern-day woman uncovering secrets from her ancestors' past in 16th century France."
676,The Cat Who Ate Danish Modern (Cat Who... (Paperback)),mystery|cozy mystery,<The Cat Who Ate Danish Modern (Cat Who... (Paperback))> is a cozy mystery book about journalist Jim Qwilleran and his two Siamese cats solving a murder in a small town filled with quirky characters.
677,Separate Beds,romance|contemporary romance,<Separate Beds> is a contemporary romance novel about a married couple struggling to find their way back to each other after years of distance and misunderstandings.
678,The Cat Who Played Post Office (Cat Who... (Paperback)),mystery|fiction|cozy mystery,<The Cat Who Played Post Office (Cat Who... (Paperback))> is a cozy mystery book about journalist Jim Qwilleran and his two feline companions solving the mystery of a missing stamp collection in the small town of Pickax.
679,The Cat Who Knew Shakespeare,mystery|fiction,<The Cat Who Knew Shakespeare> is a mystery book about journalist Jim Qwilleran and his intuitive Siamese cat Koko solving a murder in a small town while exploring the world of Shakespearean theater.
680,The Hellion,romance|historical fiction,"<The Hellion> is a romance|historical fiction book about a headstrong young woman who falls in love with a rugged, enigmatic man in the untamed American West."
681,Morning Glory,romance|fiction,<Morning Glory> is a romance novel about a young widow who finds love again with a gruff farmer in small-town Minnesota.
682,Bitter Sweet,romance|drama,"<Bitter Sweet> is a romance|drama book about a young widow struggling to move on after her husband's death, until she finds unexpected love and healing with a mysterious stranger."
683,The Sherbrooke Bride (Bride Trilogy (Paperback)),romance|historical fiction,"<The Sherbrooke Bride (Bride Trilogy (Paperback))> is a romance|historical fiction book about a young woman who marries into a wealthy and influential family, only to discover secrets and danger lurking beneath the surface."
684,The Cat Who Knew a Cardinal,mystery|cozy mystery|detective fiction,"""The Cat Who Knew a Cardinal"" is a cozy mystery book about journalist Jim Qwilleran and his intuitive Siamese cat, Koko, solving the murder of a local cardinal in the small town of Pickax."
685,The Cat Who Moved a Mountain,mystery|cozy mystery,"<The Cat Who Moved a Mountain> is a cozy mystery book about journalist Jim Qwilleran investigating a suspicious death in a small town while his Siamese cats, Koko and Yum Yum, help solve the case."
686,Born in Fire,romance|contemporary romance|suspense,<Born in Fire> is a contemporary romance novel about a talented glass artist who must navigate family drama and a budding romance with a charming gallery owner while trying to protect her independence and artistic vision.
687,Born in Ice,romance|contemporary romance|women's fiction,<Born in Ice> is a contemporary romance novel about a reserved innkeeper in Ireland who finds unexpected love with a charming American writer.
688,Born in Shame,romance|contemporary romance,<Born in Shame> is a contemporary romance novel about a woman named Shannon Bodine who discovers her Irish heritage and falls in love with a charming man while navigating family secrets and personal revelations.
689,True Betrayals,romance|suspense,<True Betrayals> is a romantic suspense novel about a woman who discovers shocking family secrets and must navigate dangerous relationships to unravel the truth.
690,The Cove,mystery|suspense,<The Cove> is a mystery|suspense book about FBI agent Dillon Savich and his wife Sherlock investigating a series of murders in a small town with a dark secret.
691,The Judge,legal thriller,<The Judge> is a legal thriller about a tough defense attorney who must defend a judge accused of murder while navigating a complex web of corruption and deceit.
692,From the Heart: Tonight and Always/A Matter of Choice/Endings and Beginnings,romance|contemporary romance,"<From the Heart: Tonight and Always/A Matter of Choice/Endings and Beginnings> is a contemporary romance book about three different couples finding love, navigating relationships, and overcoming challenges in their lives."
693,That Camden Summer,romance|contemporary romance,<That Camden Summer> is a romance book about a widowed mother and her young son who find unexpected love and healing in a small town in Maine.
694,Holding the Dream (Dream Trilogy),romance|contemporary romance,"<Holding the Dream (Dream Trilogy)> is a contemporary romance novel about three friends who navigate love, friendship, and career challenges while pursuing their dreams."
695,Montana Sky,romance|contemporary romance|suspense,<Montana Sky> is a contemporary romance novel about three half-sisters who must come together to solve their father's murder and fulfill the terms of his will in order to inherit their shares of his ranch.
696,The Pull of the Moon,fiction|women's fiction|contemporary fiction,<The Pull of the Moon> is a contemporary fiction book about a woman who embarks on a spontaneous road trip to rediscover herself and reevaluate her life choices.
697,Sea Swept (Quinn Brothers (Paperback)),romance|fiction|contemporary romance,<Sea Swept (Quinn Brothers (Paperback))> is a contemporary romance book about a man named Cameron Quinn who must come to terms with his troubled past and unexpected responsibilities when he is tasked with caring for a young boy after his father's
698,Small Town Girl,romance|fiction,<Small Town Girl> is a romance novel about a young woman who returns to her small hometown and finds love with a local veterinarian.
699,The Maze,mystery|suspense,<The Maze> is a suspenseful mystery novel about an FBI agent investigating a series of murders that seem to be connected to a mysterious maze.
700,Sanctuary,romance|suspense,<Sanctuary> is a romance|suspense book about a photographer who finds herself caught in a web of danger and intrigue after witnessing a murder and seeking refuge in a secluded cabin with a brooding artist.
701,Rising Tides,romance|contemporary romance,<Rising Tides> is a contemporary romance novel about two childhood friends who find love and navigate the challenges of life on the Chesapeake Bay.
702,Inner Harbor (Quinn Brothers (Paperback)),romance|family drama,<Inner Harbor (Quinn Brothers (Paperback))> is a romance and family drama book about a troubled young man finding love and redemption with the help of his long-lost siblings.
703,The Cat Who Sang for the Birds (Cat Who... (Paperback)),mystery|cozy mystery,<The Cat Who Sang for the Birds (Cat Who... (Paperback))> is a cozy mystery book about journalist Jim Qwilleran and his two intuitive Siamese cats solving a strange case involving a mysterious singing bird.
704,Homeport,romance|suspense,<Homeport> is a romantic suspense novel about a talented art historian who gets caught up in a dangerous game of art theft and deception when she returns to her estranged family in Maine.
705,The Reef,romance | mystery,<The Reef> is a romance/mystery book about a marine archaeologist and a treasure hunter who must work together to uncover the secrets of a sunken ship and navigate the treacherous waters of love and betrayal.
706,Jewels of the Sun (Irish Trilogy),romance|contemporary romance|women's fiction,<Jewels of the Sun (Irish Trilogy)> is a contemporary romance book about an American woman who moves to a small Irish village and finds love and healing in the arms of a charming local man.
707,Sullivan's Island: A Lowcountry Tale,fiction|family drama|southern fiction,<Sullivan's Island: A Lowcountry Tale> is a southern fiction family drama that follows the tumultuous relationships and secrets of the dysfunctional Muir family on Sullivan's Island in South Carolina.
708,The Cat Who Saw Stars (Cat Who... (Paperback)),mystery|cozy mystery,<The Cat Who Saw Stars (Cat Who... (Paperback))> is a cozy mystery book about journalist Jim Qwilleran and his two Siamese cats solving a murder while attending a summer arts colony.
709,River's End,romance|suspense|mystery,<River's End> is a romance|suspense|mystery book about a woman returning to her hometown to confront her traumatic past and uncover the truth behind her father's murder.
710,Eclipse Bay,romance|suspense|contemporary romance,"<Eclipse Bay> is a contemporary romance novel about the complicated love story between two feuding families in a small town, filled with suspense and drama."
711,Tears of the Moon (Irish Trilogy),romance|contemporary romance|saga,<Tears of the Moon (Irish Trilogy)> is a contemporary romance novel about two childhood friends who navigate their growing feelings for each other while searching for a legendary Irish treasure.
712,Heart of the Sea (Irish Trilogy),romance|contemporary romance|suspense,<Heart of the Sea (Irish Trilogy)> is a contemporary romance book about a young woman's journey to uncover the truth about her family's past while falling in love with a mysterious stranger in Ireland.
713,The Scottish Bride (Bride Trilogy (Paperback)),romance|historical fiction,"<The Scottish Bride (Bride Trilogy (Paperback))> is a romance/historical fiction book about a Scottish laird who must marry an Englishwoman in order to secure his clan's future, but finds himself falling in love with her despite their"
714,The Cat Who Robbed a Bank (Cat Who... (Paperback)),mystery|cozy mystery|animal fiction,"""The Cat Who Robbed a Bank (Cat Who... (Paperback))"" is a cozy mystery book about a crime-solving Siamese cat and his owner investigating a bank robbery in the small town of Pickax."
715,Carolina Moon,romance|suspense,<Carolina Moon> is a romance|suspense book about a woman who returns to her hometown and uncovers dark secrets from her past while falling in love with a childhood friend.
716,Riptide,thriller|suspense,<Riptide> is a suspenseful thriller about a young woman who teams up with an FBI agent to solve a series of mysterious deaths on a remote island.
717,Plantation: A Lowcountry Tale,fiction|historical fiction|southern fiction,<Plantation: A Lowcountry Tale> is a historical fiction book about a woman's journey to uncover the secrets of her family's plantation in the Lowcountry of South Carolina.
718,Dance upon the Air (Three Sisters Island Trilogy),romance|fantasy,<Dance upon the Air (Three Sisters Island Trilogy)> is a romance|fantasy book about a woman who discovers her magical powers and finds love on a mystical island.
719,Heaven and Earth (Three Sisters Island Trilogy),romance|fantasy|paranormal,<Heaven and Earth (Three Sisters Island Trilogy)> is a romance|fantasy|paranormal book about a woman with supernatural powers who must confront her past and embrace her destiny on a magical island.
720,The Villa,romance|contemporary romance|Mystery,"<The Villa> is a contemporary romance novel about a family's secrets, lies, and betrayals that come to light when they gather at their ancestral villa in Italy."
721,The Cat Who Smelled a Rat (Cat Who... (Paperback)),mystery|cozy mystery,<The Cat Who Smelled a Rat (Cat Who... (Paperback))> is a cozy mystery book about journalist Jim Qwilleran and his two Siamese cats who investigate a suspicious death at a luxury mansion in Pickax City.
722,Face the Fire (Three Sisters Island Trilogy),romance|fiction|fantasy,<Face the Fire (Three Sisters Island Trilogy)> is a romance|fiction|fantasy book about a woman who must confront her magical heritage and face a powerful evil threatening her island community.
723,Hemlock Bay,mystery|suspense,<Hemlock Bay> is a suspenseful mystery novel about FBI agents Dillon Savich and Lacey Sherlock investigating a series of murders on an isolated island in Maine.
724,Narcissus in Chains (Anita Blake Vampire Hunter (Paperback)),horror|fantasy|urban fantasy,<Narcissus in Chains (Anita Blake Vampire Hunter (Paperback))> is a urban fantasy book about Anita Blake struggling with her inner demons and supernatural enemies while facing a dangerous new threat in the form of a mysterious wereleopard.
725,Midnight Bayou,romance|suspense|paranormal,<Midnight Bayou> is a romance|suspense|paranormal book about a man who moves into an old Louisiana mansion and becomes entwined in the past mysteries and ghostly encounters of the house.
726,The Penwyth Curse,mystery|romance|historical fiction,<The Penwyth Curse> is a historical fiction book about a young woman who must unravel a family curse and solve a series of mysterious deaths in order to find love and happiness.
727,Three Fates,romance|suspense,<Three Fates> is a romance|suspense book about three sisters who must come together to solve a centuries-old mystery and break a curse that threatens their lives.
728,Eleventh Hour: An FBI Thriller (FBI Thriller (Jove Paperback)),thriller|suspense,"<Eleventh Hour: An FBI Thriller (FBI Thriller (Jove Paperback))> is a suspenseful thriller about FBI agents racing against time to catch a serial killer targeting young women in Washington, D.C."
729,Key of Light (Key Trilogy (Paperback)),fantasy|romance,<Key of Light (Key Trilogy (Paperback)> is a fantasy romance book about three women who must unlock the secrets of a mystical key to break a centuries-old curse.
730,Key of Knowledge (Key Trilogy (Paperback)),romance|fantasy|fiction,<Key of Knowledge (Key Trilogy (Paperback))> is a romance and fantasy novel about a woman who must solve riddles and find a mythical key in order to break a curse and find true love.
731,"Key of Valor (Roberts, Nora. Key Trilogy, 3.)",romance|fantasy,"<Key of Valor (Roberts, Nora. Key Trilogy, 3.)> is a romance|fantasy book about a woman who must find the third key to unlock a curse and discover true love."
732,No Second  Chance,suspense|thriller,"<No Second Chance> is a suspense thriller about a woman who awakens from a coma to discover her husband has been murdered and her daughter kidnapped, leading her on a desperate quest for answers and justice."
733,Lies and the Lying Liars Who Tell Them: A Fair and Balanced Look at the Right,political satire|memoir,<Lies and the Lying Liars Who Tell Them: A Fair and Balanced Look at the Right> is a political satire memoir that exposes the falsehoods and manipulations of conservative media figures and politicians.
734,Behind the Scenes at the Museum,family drama|historical fiction|dark comedy,"<Behind the Scenes at the Museum> is a family drama book about the generations of the dysfunctional Lennox family, exploring their secrets, tragedies, and dark humor through the eyes of protagonist Ruby Lennox."
735,Frankenstein (Changing Our World),science fiction|horror,<Frankenstein (Changing Our World)> is a science fiction|horror book about a scientist who creates a monster that ultimately leads to tragic consequences.
736,Pride and Prejudice,romance|classic literature,"<Pride and Prejudice> is a classic romance novel about the complexities of love, societal expectations, and the importance of overcoming personal biases."
737,Anne of Green Gables (Anne of Green Gables Novels (Paperback)),fiction|classic literature|children's literature,<Anne of Green Gables (Anne of Green Gables Novels (Paperback))> is a classic children's literature book about an imaginative and spirited orphan girl named Anne Shirley who is mistakenly sent to live with an elderly brother and sister in the
738,Anne of Avonlea (Anne of Green Gables Novels (Paperback)),fiction|classics|young adult,<Anne of Avonlea (Anne of Green Gables Novels (Paperback))> is a classic young adult fiction novel about Anne Shirley's adventures as a young teacher in the village of Avonlea.
739,Anne of Ingleside (Anne of Green Gables Novels (Paperback)),fiction|classics|young adult,<Anne of Ingleside (Anne of Green Gables Novels (Paperback))> is a classic young adult fiction book about Anne Shirley's life as a mother of six children and the challenges she faces in balancing family life with her own dreams
740,Anne of Windy Poplars (Anne of Green Gables Novels (Paperback)),fiction|coming-of-age|classics,"<Anne of Windy Poplars (Anne of Green Gables Novels (Paperback))> is a coming-of-age classic about Anne Shirley's adventures as a young teacher in a small town, as she navigates friendships, challenges, and"
741,Anne of the Island,fiction|young adult|classic,"<Anne of the Island> is a classic young adult novel about Anne Shirley's adventures as a college student, exploring love, friendship, and the pursuit of her dreams."
742,The Clan of the Cave Bear (Earth's Children (Paperback)),historical fiction|pre-historic fiction,<The Clan of the Cave Bear (Earth's Children (Paperback))> is a historical fiction book about a young Cro-Magnon girl named Ayla who is taken in by a Neanderthal clan and struggles to find her place in their
743,The Bourne Identity,thriller|suspense|spy fiction,<The Bourne Identity> is a thriller about a man who wakes up with amnesia and discovers he is a highly skilled secret agent being pursued by unknown enemies.
744,"The Mammoth Hunters (Auel, Jean M. , Earth's Children.)",historical fiction|prehistoric fiction,"<The Mammoth Hunters (Auel, Jean M. , Earth's Children.)> is a historical fiction book about Ayla, a young woman from the prehistoric era, as she navigates relationships, culture clashes, and survival in a world"
745,"A Wizard of Earthsea (Earthsea Trilogy, Book 1)",fantasy|young adult,"<A Wizard of Earthsea (Earthsea Trilogy, Book 1)> is a fantasy|young adult book about a young wizard named Ged who must confront his inner demons as he embarks on a journey to master his powers and save his world."
746,The Bourne Supremacy,thriller|spy fiction|action,<The Bourne Supremacy> is a thriller book about former CIA operative Jason Bourne who is targeted by a mysterious organization and must uncover his past while navigating a dangerous web of deception and betrayal.
747,Sacred Sins,romance|suspense,<Sacred Sins> is a romance|suspense book about a psychologist and a police officer teaming up to catch a serial killer targeting women in Washington D.C.
748,The Prince of Tides,family drama|southern gothic,<The Prince of Tides> is a family drama|southern gothic book about a troubled man confronting his traumatic past and dysfunctional family relationships.
749,D Is for Deadbeat (Kinsey Millhone Mysteries (Paperback)),mystery|crime fiction,<D Is for Deadbeat (Kinsey Millhone Mysteries (Paperback))> is a mystery/crime fiction book about private investigator Kinsey Millhone's search for a missing man who may be involved in a dangerous scam.
750,Brazen Virtue,romance|suspense,<Brazen Virtue> is a romance|suspense book about a professional house-sitter who becomes entangled in a dangerous game of cat and mouse with a mysterious stalker.
751,The House of the Spirits,fiction|magical realism|historical fiction,"<The House of the Spirits> is a magical realism novel about the Trueba family in Chile, spanning generations and exploring themes of love, power, and political turmoil."
752,Where the Red Fern Grows,fiction|children's literature|adventure,<Where the Red Fern Grows> is a classic children's adventure book about a young boy named Billy who saves up to buy two coonhound puppies and trains them to become skilled hunters.
753,Flowers for Algernon (Bantam Classic),Science fiction|Drama,"<Flowers for Algernon (Bantam Classic)> is a science fiction|drama book about a mentally disabled man who undergoes an experimental surgery to increase his intelligence, only to face unexpected consequences."
754,The Bonfire of the Vanities,fiction|drama|satire,<The Bonfire of the Vanities> is a drama and satire book about the downfall of a wealthy New York City bond trader after a car accident in the Bronx.
755,Time Flies,humor|memoir,<Time Flies> is a humorous memoir by Bill Cosby reflecting on the passage of time and his experiences growing older.
756,Zen and the Art of Motorcycle Maintenance: An Inquiry into Values,Philosophy|Non-fiction,<Zen and the Art of Motorcycle Maintenance: An Inquiry into Values> is a philosophical non-fiction book that explores the author's journey to reconcile the dichotomy between classical and romantic perspectives on life and how it relates to the pursuit of quality.
757,A Great Deliverance,mystery|crime fiction,"<A Great Deliverance> is a mystery|crime fiction book about two detectives investigating a brutal murder in an English village, uncovering dark secrets along the way."
758,The Martian Chronicles,science fiction|fantasy,<The Martian Chronicles> is a science fiction book about humans colonizing Mars and the conflicts that arise between the two species.
759,A Night to Remember,history|non-fiction|drama,"<A Night to Remember> is a historical non-fiction drama about the sinking of the Titanic, focusing on the events of the night and the experiences of the passengers and crew."
760,Sweet Revenge,romance|suspense,"<Sweet Revenge> is a romance|suspense book about a woman seeking revenge on the man who betrayed her, only to find herself falling for him all over again."
761,E Is for Evidence: A Kinsey Millhone Mystery (Kinsey Millhone Mysteries (Paperback)),mystery,<E Is for Evidence: A Kinsey Millhone Mystery (Kinsey Millhone Mysteries (Paperback))> is a mystery book about private investigator Kinsey Millhone who is hired to solve a case involving a woman who may have been murdered for
762,A Is for Alibi (Kinsey Millhone Mysteries (Paperback)),mystery|crime fiction,<A Is for Alibi (Kinsey Millhone Mysteries (Paperback))> is a mystery/crime fiction book about private investigator Kinsey Millhone solving a murder case involving a woman accused of killing her husband.
763,B Is for Burglar (Kinsey Millhone Mysteries (Paperback)),mystery|detective fiction,<B Is for Burglar (Kinsey Millhone Mysteries (Paperback))> is a mystery/detective fiction book about private investigator Kinsey Millhone's search for a missing woman who may have faked her own death.
764,C Is for Corpse (Kinsey Millhone Mysteries (Paperback)),mystery|crime fiction,<C Is for Corpse (Kinsey Millhone Mysteries (Paperback))> is a crime fiction book about private investigator Kinsey Millhone who is hired to solve the murder of a young man found dead in a car accident.
765,A Separate Peace,fiction|coming-of-age|historical fiction,<A Separate Peace> is a coming-of-age historical fiction book about the complex friendship between two boys at a New England boarding school during World War II.
766,CAT'S EYE,fiction|drama |psychological fiction,<CAT'S EYE> is a psychological fiction book about a middle-aged artist reflecting on her troubled childhood and complex relationships with friends and family.
767,F Is for Fugitive (Kinsey Millhone Mysteries (Paperback)),mystery|crime fiction,<F Is for Fugitive (Kinsey Millhone Mysteries (Paperback))> is a crime fiction book about private investigator Kinsey Millhone's search for a woman who has been on the run for 17 years after being accused of murder
768,Public Secrets,suspense|romance|mystery,<Public Secrets> is a suspenseful romance novel about a famous singer's daughter who uncovers dark family secrets and must confront her past in order to find true love and happiness.
769,Silent Partner (Alex Delaware Novels (Paperback)),mystery|thriller|psychological thriller,<Silent Partner (Alex Delaware Novels (Paperback))> is a psychological thriller about psychologist Alex Delaware investigating the murder of a prominent doctor and uncovering a web of deceit and scandal.
770,Wish You Were Here (Mrs. Murphy Mysteries (Paperback)),mystery|cozy mystery|animal fiction,<Wish You Were Here (Mrs. Murphy Mysteries (Paperback))> is a cozy mystery book about a group of animals who help solve a murder in their small town.
771,The Bourne Ultimatum,spy fiction|thriller|action,<The Bourne Ultimatum> is a spy fiction thriller about Jason Bourne's relentless pursuit to uncover his true identity and the conspiracy surrounding him.
772,Sleepwalk,horror|thriller,<Sleepwalk> is a horror/thriller book about a woman who uncovers a terrifying secret about her family's past while investigating a series of mysterious deaths in her hometown.
773,The Plains of Passage (Earth's Children (Paperback)),historical fiction|adventure|prehistoric fiction,<The Plains of Passage (Earth's Children (Paperback))> is a historical fiction adventure book about a young woman's journey across prehistoric Europe in search of her people.
774,Genuine Lies,romance|mystery|suspense,<Genuine Lies> is a romance|suspense book about a successful Hollywood actress who becomes embroiled in a dangerous game of deception and murder.
775,Time Bomb (Alex Delaware Novels (Paperback)),mystery|thriller|crime fiction,<Time Bomb (Alex Delaware Novels (Paperback))> is a mystery thriller crime fiction book about psychologist Alex Delaware teaming up with LAPD detective Milo Sturgis to solve a bombing at a private school.
776,Still Waters,suspense|mystery|thriller,<Still Waters> is a suspenseful thriller about a small town rocked by a brutal murder and the secrets that come to light as the investigation unfolds.
777,Divine Evil,romance|suspense,<Divine Evil> is a romance|suspense book about a successful artist returning to her hometown only to uncover dark secrets and a mysterious evil that threatens her newfound happiness.
778,Carnal Innocence,romance|suspense|mystery,<Carnal Innocence> is a romance|suspense|mystery book about a famous concert violinist who moves to a small town in Mississippi to escape a stalker but finds herself in the midst of a murder investigation.
779,Anne Frank: The Diary of a Young Girl,biography|memoir|history,"<Anne Frank: The Diary of a Young Girl> is a memoir book about a Jewish girl's experiences hiding from the Nazis during World War II, as documented in her diary."
780,Darkness,horror,<Darkness> is a horror book about a small town plagued by a mysterious darkness that drives its residents to commit violent acts.
781,Private Eyes (Alex Delaware Novels (Paperback)),mystery|thriller|crime fiction,<Private Eyes (Alex Delaware Novels (Paperback))> is a thriller novel about psychologist Alex Delaware teaming up with LAPD detective Milo Sturgis to solve a complex case involving a missing woman and a twisted web of deception and murder.
782,Dying for Chocolate (Culinary Mysteries (Paperback)),mystery|culinary fiction,<Dying for Chocolate (Culinary Mysteries (Paperback))> is a culinary mystery book about amateur sleuth Goldy Bear investigating a murder at a catering event while also dealing with personal struggles and her passion for cooking.
783,Shadows,horror|thriller,"<Shadows> is a horror book about a family that moves into a new home, unaware of the dark secrets hidden within its walls."
784,Cry Wolf,mystery|thriller|suspense,<Cry Wolf> is a suspenseful thriller about a detective investigating a series of brutal murders linked to a controversial animal rights organization.
785,Dark Paradise,mystery|thriller|suspense,<Dark Paradise> is a suspenseful thriller about a small-town murder investigation that uncovers dark secrets and hidden agendas.
786,Doomsday Book,science fiction|historical fiction,<Doomsday Book> is a science fiction/historical fiction book about a time-traveling historian who gets stranded in the Middle Ages during the outbreak of the Black Death.
787,Devil's Waltz (Alex Delaware Novels (Paperback)),mystery|thriller|crime fiction,<Devil's Waltz (Alex Delaware Novels (Paperback))> is a gripping mystery thriller about psychologist Alex Delaware's investigation into a series of brutal murders that seem to be connected to a disturbing family secret.
788,Night Sins,mystery|thriller|suspense,<Night Sins> is a suspenseful mystery novel about a small town rocked by the disappearance of a young boy and the chilling secrets that unravel as the investigation unfolds.
789,Guilty as Sin,thriller|suspense|crime fiction,"<Guilty as Sin> is a thriller|suspense|crime fiction book about a determined prosecutor who teams up with a disgraced ex-cop to solve a brutal murder case, while facing personal demons and danger at every turn."
790,The Cereal Murders,mystery|crime fiction,<The Cereal Murders> is a mystery book about amateur sleuth Goldy Bear investigating the suspicious death of a local cereal company's beloved owner.
791,Bad Love (Alex Delaware Novels (Paperback)),mystery|crime fiction,<Bad Love (Alex Delaware Novels (Paperback))> is a gripping mystery novel about psychologist Alex Delaware's investigation into a string of bizarre and violent deaths linked to a troubled young woman.
792,Natural Causes,medical thriller|suspense,<Natural Causes> is a medical thriller about a doctor who uncovers a deadly conspiracy while investigating a series of mysterious deaths at her hospital.
793,Gone But Not Forgotten,mystery|thriller|suspense,"<Gone But Not Forgotten> is a suspenseful thriller about a series of brutal murders linked to a decades-old crime, unraveling a web of deceit and revenge."
794,The Robber Bride,mystery|drama|fiction,<The Robber Bride> is a mystery|drama|fiction book about how the lives of three women are disrupted when their former friend reappears to wreak havoc on their relationships and expose their vulnerabilities.
795,Seinlanguage,humor|comedy,<Seinlanguage> is a humor book by Jerry Seinfeld that humorously explores everyday observations and experiences through the lens of his unique comedic perspective.
796,The Ugly Duckling,children's|classic|fiction,<The Ugly Duckling> is a classic children's book about a young swan who is rejected for being different but eventually discovers his true beauty and identity.
797,The Beekeeper's Apprentice,mystery|crime fiction,<The Beekeeper's Apprentice> is a mystery novel about a retired detective who forms an unlikely partnership with a young woman with exceptional deductive skills to solve a series of crimes.
798,Silent Treatment,medical thriller,<Silent Treatment> is a medical thriller about a doctor who discovers a deadly conspiracy involving a new drug that could potentially revolutionize the treatment of Alzheimer's disease.
799,"The Web (Alex Delaware Series, No. 10)",mystery|crime fiction,"<The Web (Alex Delaware Series, No. 10)> is a mystery/crime fiction book about psychologist Alex Delaware investigating the murder of a prominent surgeon and uncovering a web of deceit and corruption in the medical community."
800,The Clinic (Alex Delaware Novels (Paperback)),mystery|thrillerCrime fiction,<The Clinic (Alex Delaware Novels (Paperback))> is a mystery thriller about psychologist Alex Delaware investigating a series of suspicious deaths at a high-end fertility clinic.
801,Survival of the Fittest: An Alex Delaware Novel,mystery|thriller,<Survival of the Fittest: An Alex Delaware Novel> is a mystery thriller book about psychologist Alex Delaware working alongside LAPD detective Milo Sturgis to solve a series of murders linked to a high-end fertility clinic.
802,The Last Suppers,mystery|cozy mystery|culinary mystery,<The Last Suppers> is a culinary mystery book about caterer Goldy Schulz investigating a murder at a maximum-security prison while preparing for a high-profile dinner.
803,The Alienist,historical fiction|crime fiction|psychological thriller,<The Alienist> is a historical fiction crime thriller about a group of investigators in 1890s New York City who use psychological profiling to track down a serial killer targeting young male prostitutes.
804,Couplehood,non-fiction|humor,<Couplehood> is a humorous non-fiction book by Paul Reiser that delves into the trials and tribulations of relationships and marriage.
805,Firefly Beach,romance|contemporary romance,"<Firefly Beach> is a contemporary romance novel about a woman returning to her childhood home in an attempt to uncover the truth behind her sister's disappearance years ago, and finding unexpected love along the way."
806,"A Game of Thrones (A Song of Ice and Fire, Book 1)",fantasy|epic fantasy|political intrigue,"<A Game of Thrones (A Song of Ice and Fire, Book 1)> is a fantasy epic book about political intrigue, power struggles, and betrayal among noble families in the fictional land of Westeros."
807,My Point...And I Do Have One,humor|memoir,"<My Point...And I Do Have One> is a humorous memoir by Ellen DeGeneres, sharing her quirky observations and anecdotes about life."
808,Beach Music,fiction|romance|drama,"<Beach Music> is a drama-filled novel about a man returning to his hometown in South Carolina after his wife commits suicide, where he confronts his troubled past and unravels family secrets."
809,The Grilling Season,mystery|cozy mystery|culinary fiction,<The Grilling Season> is a cozy mystery novel centered around caterer and amateur sleuth Goldy Bear as she investigates a murder at a 4th of July celebration in a small Colorado town.
810,To Say Nothing of the Dog,science fiction|historical fiction|comedy,"<To Say Nothing of the Dog> is a science fiction comedy novel about time travel, chaos theory, and a quest to find a missing 19th-century artifact while navigating the eccentricities of Victorian England."
811,Stealing Shadows (Shadows Trilogy (Paperback)),thriller|suspense|Mystery,<Stealing Shadows (Shadows Trilogy (Paperback))> is a suspenseful thriller about a psychic FBI agent who must use her abilities to catch a serial killer before he strikes again.
812,The Other Daughter,mystery|thriller|suspense,"<The Other Daughter> is a suspenseful thriller about a woman who discovers her true identity as the daughter of a notorious serial killer, leading her to unravel the dark secrets of her past."
813,The Perfect Husband,thriller|suspense|crime fiction,"<The Perfect Husband> is a thriller book about a woman who escapes an abusive marriage only to be hunted down by her vengeful ex-husband, forcing her to confront dark secrets from her past."
814,Hiding in the Shadows (Shadows Trilogy (Paperback)),mystery|suspense,<Hiding in the Shadows (Shadows Trilogy (Paperback))> is a mystery/suspense book about a secretive government agency investigating a series of murders that seem to be linked to psychic abilities.
815,The Face of Deception,suspense|thriller,"<The Face of Deception> is a suspense thriller book about an FBI forensic sculptor who is tasked with reconstructing the face of a murder victim, only to discover a dangerous web of deceit and betrayal."
816,Tough Cookie,mystery|culinary crime fiction,<Tough Cookie> is a culinary crime fiction book about caterer Goldy Schulz who gets involved in solving a murder at a holiday festival.
817,The Next Accident,suspense|thriller|crime fiction,"""The Next Accident"" is a suspenseful thriller about a detective investigating a series of murders targeting the women in his life."
818,Ashes to Ashes,mystery|suspense|crime fiction,<Ashes to Ashes> is a suspenseful crime fiction book about a serial killer targeting young women and the determined detective trying to catch him before he strikes again.
819,Fear Nothing,thriller|horror,"<Fear Nothing> is a thriller|horror book about a man named Christopher Snow who suffers from a rare genetic disorder that makes him unable to be exposed to light, and finds himself investigating a series of gruesome murders in his small California town."
820,And Then You Die,mystery|suspense,<And Then You Die> is a suspenseful mystery novel about a forensic sculptor who is drawn into a dangerous game of cat and mouse with a killer who is targeting her family.
821,Seize the Night,suspense|horror|thriller,<Seize the Night> is a suspenseful horror thriller about a man with heightened senses who must confront a dark force threatening his small town.
822,A Man in Full,fiction|satire|literary fiction,<A Man in Full> is a literary fiction novel that satirizes the complexities of modern American society through the story of a wealthy real estate developer facing financial ruin.
823,Cloud Nine,romance|contemporary fiction,<Cloud Nine> is a contemporary romance novel about a woman who returns to her hometown in New England and rekindles a romance with her high school sweetheart while also confronting family secrets.
824,The Search,mystery|suspense,<The Search> is a mystery|suspense book about a woman who uses her psychic abilities to track down a missing child.
825,Final Target,thriller|suspense|crime fiction,<Final Target> is a suspenseful thriller about a forensic sculptor who gets caught up in a dangerous game of cat-and-mouse with a ruthless assassin.
826,Body of Lies,thriller|suspense,<Body of Lies> is a suspenseful thriller about a forensic sculptor who becomes entangled in a dangerous game of cat-and-mouse with a cunning killer.
827,Dust to Dust,crime fiction|thriller|suspense,<Dust to Dust> is a crime fiction thriller about a detective investigating a string of brutal murders in a small town that may be linked to a decades-old unsolved case.
828,Dream Country,Romance|Fiction|Contemporary fiction,<Dream Country> is a contemporary fiction romance novel that follows the intertwined lives of a small town family struggling with loss and secrets.
829,Summer Light,romance|women's fiction,<Summer Light> is a romance novel about a woman who returns to her childhood home in the Hamptons and rekindles a romance with her high school sweetheart while coming to terms with her past.
830,From the Corner of His Eye,mystery|suspense|thriller,"<From the Corner of His Eye> is a suspenseful thriller about a young boy with a unique ability to see the future, a detective investigating a series of murders, and the sinister forces that connect them all."
831,One Door Away from Heaven,mystery|suspense|thriller,<One Door Away from Heaven> is a suspenseful thriller about a young girl with psychic abilities who becomes entangled in a web of danger and deceit while on the run from a sinister cult.
832,Touching Evil,mystery|suspense,<Touching Evil> is a mystery|suspense book about a special FBI unit that uses psychic abilities to track down a serial killer targeting psychics.
833,"Whisper of Evil (Hooper, Kay. Evil Trilogy.)",mystery|suspense|thriller,"<Whisper of Evil (Hooper, Kay. Evil Trilogy.)> is a suspenseful thriller about a team of FBI agents who investigate a series of murders in a small town with supernatural elements."
834,True Blue,romance|drama,<True Blue> is a romance|drama book about a woman who returns to her childhood home in Martha's Vineyard and reconnects with her high school sweetheart while uncovering family secrets and facing past traumas.
835,The Perfect Summer,romance|contemporary fiction,"<The Perfect Summer> is a contemporary fiction romance novel about a woman who returns to her childhood beach town and reconnects with an old flame, leading to a summer of love and self-discovery."
836,Reap the Wind,suspense|thriller|romance,"<Reap the Wind> is a suspenseful thriller with a touch of romance, following a woman named Sarah who must confront a dangerous enemy from her past in order to protect her family and uncover long-buried secrets."
837,By the Light of the Moon,suspense|horror,"<By the Light of the Moon> is a suspenseful horror novel about two brothers who gain extraordinary powers after a mysterious encounter, leading them on a dangerous journey to uncover the truth behind their newfound abilities."
838,Harry Potter and the Sorcerer's Stone (Book 1),fantasy|young adult,<Harry Potter and the Sorcerer's Stone (Book 1)> is a fantasy|young adult book about a young boy who discovers he is a wizard and attends a magical school where he uncovers a dark secret about his past.
839,Harry Potter and the Sorcerer's Stone (Harry Potter (Paperback)),fantasy|young adult fiction,"<Harry Potter and the Sorcerer's Stone (Harry Potter (Paperback))> is a fantasy|young adult fiction book about a young boy named Harry Potter who discovers he is a wizard and attends Hogwarts School of Witchcraft and Wizardry, where"
840,"Monster Blood (Goosebumps, No 3)",horror|young adult|children's literature,"<Monster Blood (Goosebumps, No 3)> is a horror young adult book about a young boy who discovers a mysterious substance that grows uncontrollably and brings terrifying consequences."
841,The Sweet Potato Queens' Book of Love,humor|memoir,<The Sweet Potato Queens' Book of Love> is a humorous memoir about the author's experiences as part of a group of sassy Southern women known as the Sweet Potato Queens.
842,The Hobbit: or There and Back Again,fantasy|adventure,<The Hobbit: or There and Back Again> is a fantasy adventure book about a hobbit named Bilbo Baggins who embarks on a journey with a group of dwarves to reclaim their homeland from a dragon.
843,The Eyre Affair (Alex Awards (Awards)),fantasy|alternate history|mystery,<The Eyre Affair (Alex Awards (Awards))> is a fantasy|alternate history|mystery book about a literary detective who must enter the world of a beloved novel to solve a crime.
844,Dolores Claiborne,suspense|psychological thriller|domestic fiction,<Dolores Claiborne> is a psychological thriller about a woman who confesses to a murder she didn't commit in order to protect her daughter from her abusive husband.
845,The Deep End of the Ocean (Oprah's Book Club (Hardcover)),fiction|drama,"<The Deep End of the Ocean (Oprah's Book Club (Hardcover))> is a drama book about a mother's grief and search for her missing son, who mysteriously reappears years later."
846,The Most Wanted,fiction|thriller,<The Most Wanted> is a thriller book about a woman who becomes a fugitive after being wrongfully accused of a crime she didn't commit.
847,Bridget Jones's Diary,romance|chick lit|humor,"<Bridget Jones's Diary> is a romance, chick lit, and humor book about a thirty-something single woman navigating life, love, and career in London while keeping a comical diary."
848,The Girls' Guide to Hunting and Fishing,fiction|romance|contemporary literature,"<The Girls' Guide to Hunting and Fishing> is a contemporary literature novel about a young woman navigating love, relationships, and personal growth."
849,Bridget Jones : The Edge of Reason,fiction|romance|humor,<Bridget Jones : The Edge of Reason> is a romantic comedy novel about Bridget's misadventures and insecurities as she navigates her relationship with Mark Darcy and deals with the challenges of adulthood.
850,Back Roads,fiction|drama|family drama,<Back Roads> is a gripping family drama about a young man navigating his dysfunctional family and small-town secrets after his mother is imprisoned for murdering his abusive father.
851,Two for the Dough,mystery|crime fiction,<Two for the Dough> is a mystery/crime fiction book about bounty hunter Stephanie Plum tracking down a fugitive accused of murder while navigating her personal and professional life.
852,The First Wives Club Movie Tie In,comedy|drama,<The First Wives Club Movie Tie In> is a comedy|drama book about three women who seek revenge on their ex-husbands after being discarded for younger women.
853,Ransom,romance|historical fiction,"<Ransom> is a romance|historical fiction book about a spirited Scottish lass who is kidnapped by an English knight, leading to a passionate and tumultuous love story amidst political intrigue and danger."
854,She's Come Undone (Oprah's Book Club (Paperback)),fiction|contemporary fiction|women's fiction,<She's Come Undone (Oprah's Book Club (Paperback))> is a contemporary fiction book about the struggles and triumphs of a woman named Dolores Price as she navigates through life's challenges and battles with her own demons
855,Contact,science fiction|thriller,<Contact> is a science fiction thriller about a scientist who receives a message from extraterrestrial beings and embarks on a journey to make contact with them.
856,On the Street Where You Live,suspense|mystery|thriller,<On the Street Where You Live> is a suspenseful mystery thriller about a young woman who uncovers dark secrets from the past when she moves to a small town to restore an old house she inherited.
857,We'll Meet Again,mystery|suspense,<We'll Meet Again> is a mystery and suspense novel about a woman who must uncover the truth behind her husband's murder while also dealing with the return of a childhood friend who may hold the key to solving the case.
858,Before I Say Good-Bye,mystery|suspense,<Before I Say Good-Bye> is a mystery|suspense book about a woman who investigates the suspicious circumstances surrounding her husband's death while receiving messages from beyond the grave.
859,Deja Dead,mystery|crime fiction|thriller,<Deja Dead> is a crime fiction thriller about forensic anthropologist Temperance Brennan investigating a series of gruesome murders in Montreal.
860,Death du Jour,mystery|thriller|crime fiction,<Death du Jour> is a mystery thriller book about forensic anthropologist Temperance Brennan investigating a series of ritualistic murders in Montreal.
861,High Tide,romance|contemporary romance,<High Tide> is a contemporary romance novel about a woman who returns to her childhood home in a seaside town and rekindles a romance with a former flame.
862,The Summerhouse,romance|women's fiction|contemporary fiction,<The Summerhouse> is a romance novel about three women who are given a chance to go back in time and change their pasts.
863,"Forever... : A Novel of Good and Evil, Love and Hope",romance|fantasy|fiction,"<Forever... : A Novel of Good and Evil, Love and Hope> is a romance and fantasy novel about the eternal battle between good and evil, intertwined with a love story that transcends time and a message of hope."
864,My Gal Sunday,mystery|suspense,<My Gal Sunday> is a mystery|suspense book about a former President and his wife who team up to solve crimes and mysteries.
865,Three Wishes,romance | contemporary fiction|women's fiction,<Three Wishes> is a romance novel about three sisters navigating their relationships and personal growth amidst a family secret and unexpected twists of fate.
866,She's Come Undone (Oprah's Book Club),literary fiction|drama|coming-of-age,"<She's Come Undone (Oprah's Book Club)> is a coming-of-age literary fiction novel about a young woman named Dolores Price who struggles with trauma, abuse, and self-destructive behavior as she navigates through life."
867,Bag of Bones,horror|fiction|thriller,<Bag of Bones> is a horror thriller book about a writer who is haunted by ghosts and dark secrets in a small town after the death of his wife.
868,Hearts In Atlantis,drama|fiction|horror,"<Hearts In Atlantis> is a drama book about a group of friends navigating love, loss, and the haunting effects of the Vietnam War in 1960s America."
869,Empty Promises,true crime|mystery|non-fiction,<Empty Promises> is a true crime book by Ann Rule that delves into the twisted mind of a charming conman who preys on unsuspecting women for financial gain.
870,The Empty Chair,mystery|thriller|crime fiction,<The Empty Chair> is a gripping crime fiction novel about forensic detective Lincoln Rhyme and his team investigating a series of murders linked to a missing girl.
871,Deception Point,thriller|suspense|mystery,<Deception Point> is a thriller book about a conspiracy involving a meteorite discovery in the Arctic that threatens to expose a major deception at the highest levels of government.
872,Mr. Perfect,romance|suspense,"<Mrs. Perfect> is a romance|suspense book about a group of women who create a list of qualities for the perfect man, only to find themselves in danger when someone starts targeting men who fit the criteria."
873,Open Season,romance|suspense,<Open Season> is a romance|suspense book about a police detective and a woman on the run from a dangerous stalker who find love and safety in each other's arms.
874,Deadly Decisions,mystery|thriller|crime fiction,<Deadly Decisions> is a gripping crime fiction novel following forensic anthropologist Temperance Brennan as she investigates a series of murders linked to the illegal drug trade in Montreal.
875,Fatal Voyage,thriller|suspense|crime fiction,<Fatal Voyage> is a thrilling crime fiction novel about forensic anthropologist Temperance Brennan investigating the mysterious deaths of three women found in a cargo container in Canada.
876,Heartbreaker,romance|suspense,<Heartbreaker> is a romance|suspense book about a beautiful FBI agent who teams up with a charming private investigator to track down a dangerous serial killer.
877,Mercy,romance|suspense,<Mercy> is a romance|suspense book about an FBI agent and a beautiful speech therapist teaming up to solve a series of mysterious murders.
878,Now You See Her,romance|suspense|thriller,"<Now You See Her> is a romantic suspense thriller about a woman who witnesses a murder and goes into hiding, only to be pursued by a dangerous assassin."
879,Jewel,family drama|literary fiction,"<Jewel> is a literary fiction book about a woman named Jewel who struggles with her faith, family, and identity as she navigates the challenges and joys of motherhood."
880,The Devil's Teardrop,thriller|suspense|crime fiction,<The Devil's Teardrop> is a suspenseful thriller about a forensic document examiner who must race against time to stop a deadly sniper terrorizing Washington D.C. with a cryptic message hidden in his bullets.
881,The Green Mile,fiction|horror|drama|thriller,<The Green Mile> is a fiction|horror|drama book about a supernatural death row inmate who possesses healing powers and the profound impact he has on the lives of those around him.
882,The Blue Nowhere : A Novel,thriller|crime fiction,<The Blue Nowhere : A Novel> is a thriller|crime fiction book about a former hacker turned detective who must track down a cybercriminal using his own malicious software to commit murders.
883,Jewel (Oprah's Book Club),family drama|women's fiction|literary fiction,"<Jewel (Oprah's Book Club)> is a literary fiction book about a woman named Jewel who navigates through the challenges and triumphs of motherhood, faith, and love in the rural South."
884,The Girl Who Loved Tom Gordon,horror|psychological thriller|survival fiction,<The Girl Who Loved Tom Gordon> is a psychological thriller about a young girl who gets lost in the woods and must survive on her own while being stalked by a malevolent presence.
885,SEEDS OF YESTERDY (Dollanger Saga (Paperback)),family drama|gothic fiction|saga,<SEEDS OF YESTERDY (Dollanger Saga (Paperback))> is a family drama and gothic fiction book about the twisted relationships and dark secrets of the Dollanganger family as they continue to face tragedy and betrayal.
886,SHIPPING NEWS,drama|family saga|contemporary fiction,<SHIPPING NEWS> is a contemporary fiction book about a man who moves to a small fishing village in Newfoundland to start a new life and uncover his family's mysterious past.
887,Heaven,family drama|romance|saga,<Heaven> is a family drama book about a young girl named Heaven who struggles to find love and acceptance within her dysfunctional family and society.
888,Night Whispers,romance|suspense,<Night Whispers> is a romance|suspense book about a woman who must confront her past when she is targeted by a dangerous stalker.
889,Stillwatch,suspense|thriller|mystery,<Stillwatch> is a suspenseful thriller about a TV journalist who becomes entangled in a web of lies and deceit while investigating a potential murder case.
890,Apollo 13 : Lost Moon,non-fiction|memoir|science fiction,<Apollo 13 : Lost Moon> is a non-fiction memoir by Jim Lovell detailing his experience as the commander of the ill-fated Apollo 13 mission to the moon.
891,Melody (Logan),family drama|romance|coming-of-age,"<Melody (Logan)> is a family drama book about a young girl navigating the complexities of love, loss, and identity in a small Southern town."
892,Heart Song (Logan),family drama|gothic fiction|psychological thriller,<Heart Song (Logan)> is a psychological thriller that follows the Logan family's dark secrets and betrayals as they struggle to overcome their tragic past and find redemption.
893,Unfinished Symphony (Logan),drama|adventure,<Unfinished Symphony (Logan)> is a drama|adventure book about a young man named Logan who navigates family secrets and betrayal as he pursues his passion for music.
894,Music in the Night (Logan),drama|horror|suspense,<Music in the Night (Logan)> is a drama|horror|suspense book about a young musician named Melody Logan who navigates dark family secrets and haunted pasts as she pursues her dreams of becoming a professional singer.
895,Waiting to Exhale,fiction|women's fiction|romance,"<Waiting to Exhale> is a women's fiction book about four African American women navigating love, friendship, and career challenges in their lives."
896,The Color Purple,Fiction|Drama|Historical fiction,"<The Color Purple> is a historical fiction novel about the journey of a young African American woman named Celie as she navigates through abuse, oppression, and ultimately finds strength and empowerment through her relationships with other women."
897,Fallen Hearts,family drama|saga|gothic fiction,<Fallen Hearts> is a gothic family drama saga about the twisted dynamics and dark secrets of the wealthy and dysfunctional Casteel family.
898,GARDEN OF SHADOWS (Dollanger Saga (Paperback)),horror|gothic fiction|family saga,<GARDEN OF SHADOWS (Dollanger Saga (Paperback))> is a gothic fiction family saga about the dark secrets and twisted relationships within the Dollanger family.
899,Gates of Paradise,mystery|drama|horror,<Gates of Paradise> is a mystery|drama|horror book about a young woman who discovers dark family secrets as she navigates a twisted world of manipulation and betrayal.
900,WEB OF DREAMS (Casteel Saga (Paperback)),drama|family drama|saga,"<WEB OF DREAMS (Casteel Saga (Paperback))> is a family drama book about a young girl named Leigh who faces betrayal, heartbreak, and ultimately finds strength and resilience in the face of adversity."
901,Dawn (Cutler),Family drama|coming-of-age|suspense,<Dawn (Cutler)> is a family drama book about a young girl navigating the complexities of her new life after being taken in by a wealthy family following the tragic death of her parents.
902,While My Pretty One Sleeps,mystery|suspense,<While My Pretty One Sleeps> is a suspenseful mystery novel about a young fashion designer who becomes the prime suspect in a series of murders targeting successful women in the industry.
903,The Temple of My Familiar,fiction|contemporary literature|social commentary,"<The Temple of My Familiar> is a contemporary literature book about the interconnected lives of diverse characters as they navigate issues of race, gender, and spirituality."
904,Sweet Liar,romance|mystery|suspense,<Sweet Liar> is a romance/mystery/suspense book about a woman who gets caught up in a dangerous game of deception and intrigue when she falls for a charming stranger with a dark secret.
905,Wifey,fiction|romance|drama,<Wifey> is a fiction|romance|drama book about a suburban housewife who embarks on a journey of sexual exploration and self-discovery.
906,Secrets of the Morning (Cutler),Family drama|suspense|fiction,<Secrets of the Morning (Cutler)> is a family drama and suspense fiction book about a young woman named Dawn who discovers shocking secrets about her past and struggles to navigate the dark truths that threaten to tear her family apart.
907,Twilight's Child (Cutler),family drama|gothic fiction|suspense,<Twilight's Child (Cutler)> is a gothic fiction novel about a young girl named Grace who navigates the dark secrets of her family's past while struggling to find her own identity.
908,Midnight Whispers (Cutler),mystery|suspense|family drama,<Midnight Whispers (Cutler)> is a mystery|suspense|family drama book about a young woman who uncovers dark secrets about her family's past while trying to navigate the complexities of love and betrayal.
909,The Anastasia Syndrome,thriller|suspense,<The Anastasia Syndrome> is a thriller|suspense book about a young woman who becomes obsessed with the Romanov family and begins to exhibit troubling behavior reminiscent of the Grand Duchess Anastasia.
910,Seven Habits Of Highly Effective People,self-help|personal development,<Seven Habits Of Highly Effective People> is a self-help book about developing character and habits that lead to personal and professional success.
911,Smart Women,fiction|women's fiction,"<Smart Women> is a women's fiction book about the personal and professional struggles of a group of friends navigating their way through career changes, relationships, and motherhood."
912,The Color Purple,fiction|drama|epistolary novel,"""The Color Purple"" is a fiction novel about the struggles and triumphs of a young African American woman named Celie, told through a series of letters she writes to God and to her sister."
913,Flowers In The Attic (Dollanganger),Family drama|horror|gothic fiction,<Flowers In The Attic (Dollanganger)> is a horror|gothic fiction book about four siblings who are locked away in their grandparents' attic and must navigate a dark family secret to survive.
914,If There Be Thorns (Dollanganger),psychological fiction|family saga|horror,<If There Be Thorns (Dollanganger)> is a psychological fiction book about the twisted family dynamics and secrets that haunt the Dollanganger family as they struggle to find peace and redemption.
915,Where Are the Children?,suspense|thriller|mystery,<Where Are the Children?> is a suspenseful thriller about a woman who must confront her dark past when her two children mysteriously disappear.
916,The Cradle Will Fall,thriller|suspense|mystery,<The Cradle Will Fall> is a thriller book about a young doctor who becomes the target of a stalker after a series of mysterious deaths at the hospital where she works.
917,Boy's Life,coming-of-age|mystery|historical fiction,"<Boy's Life> is a coming-of-age mystery novel that follows a young boy named Cory as he navigates the complexities of life in a small Southern town filled with secrets, magic, and unexpected events."
918,Castles,romance|historical fiction,"<Castles> is a romance|historical fiction book about a spirited Englishwoman who is forced to marry a Scottish laird in order to protect her family's estate, but soon finds herself falling in love with her rugged and protective husband."
919,The Secret,romance|suspense,<The Secret> is a romance|suspense book about a beautiful young woman caught in a web of danger and intrigue as she tries to uncover the truth about her past.
920,Darkest Hour (Cutler),family drama|psychological thriller |suspense,"<Darkest Hour (Cutler)> is a family drama|psychological thriller|suspense book about a young woman who uncovers dark family secrets while navigating the complexities of love, betrayal, and redemption."
921,Ruby (Landry),drama|family saga|romance,<Ruby (Landry)> is a drama|family saga|romance book about a young girl who must navigate the complexities of family secrets and forbidden love in the Louisiana bayou.
922,Pearl in the Mist (Landry),fiction|young adult|romance,<Pearl in the Mist (Landry)> is a young adult romance book about a young girl named Pearl who faces betrayal and heartbreak as she navigates a world of wealth and privilege.
923,Possessing the Secret of Joy,literary fiction|drama,<Possessing the Secret of Joy> is a literary fiction book about a woman named Tashi who undergoes female genital mutilation and struggles to find peace and identity in its aftermath.
924,All Around the Town,suspense|thriller|mystery,<All Around the Town> is a suspenseful thriller about a young woman with multiple personalities who becomes the prime suspect in a murder investigation.
925,You Belong to Me and Other True Cases (Ann Rule's Crime Files: Vol. 2),true crime,<You Belong to Me and Other True Cases (Ann Rule's Crime Files: Vol. 2)> is a true crime book about the chilling and captivating stories of individuals who committed heinous crimes and the victims who suffered at their hands.
926,Remember When,romance|suspense,<Remember When> is a romance|suspense book about a man and woman who must work together to solve a murder mystery while also navigating their complicated past relationship.
927,Remember Me,suspense|thriller|mystery,<Remember Me> is a suspenseful thriller about a woman who wakes up with amnesia and must piece together clues to uncover the truth about her past and the mysterious circumstances surrounding her husband's murder.
928,Moonlight Becomes You,mystery|suspense|thriller,<Moonlight Becomes You> is a mystery thriller about a young woman who investigates her sister's murder while facing danger and deception in her own life.
929,Pretend You Don't See Her,mystery|suspense,<Pretend You Don't See Her> is a mystery|suspense book about a young woman who witnesses a murder and becomes a target for the killer.
930,The Lottery Winner : Alvirah And Willy Stories,mystery|suspense,<The Lottery Winner : Alvirah And Willy Stories> is a mystery and suspense book about a couple who use their newfound wealth from winning the lottery to solve various mysteries and crimes.
931,Saving Grace,romance|suspense,<Saving Grace> is a romance|suspense book about a young woman who must rely on a handsome FBI agent to protect her from a dangerous stalker while uncovering family secrets.
932,Hidden Jewel (Landry),family drama|saga|romance,<Hidden Jewel (Landry)> is a family drama book about a young woman named Hidden who discovers shocking family secrets and navigates love and betrayal in her search for happiness.
933,Schindler's List,historical fiction|drama,"<Schindler's List> is a historical fiction/drama book about Oskar Schindler, a German businessman who saved over a thousand Jewish refugees during the Holocaust."
934,Until You,romance,"<Until You> is a romance novel about a wealthy and charming duke who falls in love with a spirited and independent young woman, navigating societal expectations and personal obstacles to find happiness together."
935,A Cry In The Night,suspense|thriller|crime fiction,<A Cry In The Night> is a suspense thriller about a young mother who must unravel a web of lies and deceit to save her daughter from a dangerous and manipulative man.
936,I'll Be Seeing You,mystery|suspense,<I'll Be Seeing You> is a mystery|suspense book about a woman who is haunted by her past as she tries to find the truth behind her mother's mysterious death.
937,FORREST GUMP (Movie Tie in),fiction|drama|comedy,<FORREST GUMP (Movie Tie in)> is a fiction|drama|comedy book about a mentally challenged man who unwittingly influences major events in American history.
938,Lasher,horror|fantasy,<Lasher> is a horror/fantasy book about a supernatural being named Lasher who becomes involved in the lives of a wealthy family and unleashes dark forces.
939,Midnight in the Garden of Good and Evil: A Savannah Story,true crime|non-fiction|southern gothic.,"<Midnight in the Garden of Good and Evil: A Savannah Story> is a true crime|southern gothic non-fiction book about a murder trial and the eccentric characters of Savannah, Georgia."
940,Timeline,science fiction|thriller,"<Timeline> is a science fiction thriller about a group of archaeologists who travel back in time to medieval France to rescue their professor, only to find themselves in a dangerous world of war and treachery."
941,A Year in Provence,travel|memoir,<A Year in Provence> is a travel memoir about the author's experiences renovating a 200-year-old farmhouse in the South of France and adapting to the slow-paced lifestyle of Provence.
942,The Remains of the Day (Vintage International),literary fiction|historical fiction,<The Remains of the Day (Vintage International)> is a literary fiction|historical fiction book about a butler reflecting on his life and regrets as he embarks on a journey across the English countryside.
943,The House on Mango Street (Vintage Contemporaries),fiction|coming-of-age|novel-in-verse,<The House on Mango Street (Vintage Contemporaries)> is a coming-of-age novel-in-verse about a young Latina girl growing up in Chicago and navigating the challenges of adolescence and cultural identity.
944,American Psycho (Vintage Contemporaries),psychological thriller|satire|horror,"<American Psycho (Vintage Contemporaries)> is a psychological thriller|satire|horror book about a wealthy, narcissistic investment banker in Manhattan who descends into a violent and sadistic killing spree."
945,The Talented Mr. Ripley (Vintage Crime/Black Lizard),psychological thriller|crime fiction|suspense,<The Talented Mr. Ripley (Vintage Crime/Black Lizard)> is a psychological thriller and crime fiction book about a young sociopath named Tom Ripley who becomes obsessed with assuming the identity of a wealthy acquaintance and will go to great lengths
946,The English Patient,historical fiction|romance|war novel,<The English Patient> is a historical fiction|romance|war novel about a critically burned man in an Italian villa during World War II who recounts his life story and love affair with a married woman.
947,"Girl, Interrupted",psychological|memoir|biography,"<Girl, Interrupted> is a psychological memoir about Susanna Kaysen's experiences as a young woman in a psychiatric hospital in the 1960s."
948,Midnight in the Garden of Good and Evil,true crime|southern gothic|non-fiction,"<Midnight in the Garden of Good and Evil> is a true crime and southern gothic non-fiction book about the murder trial of Jim Williams in Savannah, Georgia, and the eccentric characters surrounding the case."
949,Corelli's Mandolin : A Novel,historical fiction|romance|war fiction,<Corelli's Mandolin : A Novel> is a historical fiction|romance|war fiction book about the love story between an Italian captain and a Greek woman during World War II on the Greek island of Cephalonia.
950,Snow Falling on Cedars,mystery|historical fiction,<Snow Falling on Cedars> is a historical fiction book about a murder trial in a small Pacific Northwest town during World War II that uncovers deep-seated prejudices and secrets.
951,A Civil Action,legal|non-fiction,<A Civil Action> is a legal non-fiction book about an environmental lawsuit brought against two companies for contaminating a town's drinking water supply.
952,The Great Gatsby,classics|historical fiction|romance,"<The Great Gatsby> is a classic romance novel set in the Roaring Twenties, exploring themes of wealth, love, and the American Dream through the tragic story of Jay Gatsby and his pursuit of the elusive Daisy Buchanan."
953,Pretend You Don't See Her,mystery|suspense|thriller,<Pretend You Don't See Her> is a mystery|suspense|thriller book about a young woman who witnesses a murder and becomes the target of a dangerous killer.
954,Angela's Ashes: A Memoir,memoir|biography|autobiography,"<Angela's Ashes: A Memoir> is a poignant memoir about Frank McCourt's impoverished childhood in Limerick, Ireland, and his struggles to overcome hardship and poverty."
955,STONES FROM THE RIVER,historical fiction|family drama,"<STONES FROM THE RIVER> is a historical fiction|family drama book about a dwarf woman navigating love, loss, and resilience in a small German town during World War II."
956,Tis : A Memoir,biography|memoir,'Tis : A Memoir' is a biographical book about Frank McCourt's struggles and triumphs as an Irish immigrant in America.
957,Tis: A Memoir,memoir|autobiography,"'Tis: A Memoir' is a memoir book about Frank McCourt's experiences as an Irish immigrant in America, navigating through poverty, self-discovery, and personal growth."
958,Angela's Ashes (MMP) : A Memoir,memoir | autobiography | nonfiction,"<Angela's Ashes (MMP) : A Memoir> is a poignant memoir about author Frank McCourt's impoverished childhood in Limerick, Ireland."
959,ANGELA'S ASHES,memoir|autobiography,"<ANGELA'S ASHES> is a memoir about Frank McCourt's impoverished childhood in Limerick, Ireland, and his struggle to overcome the hardships of growing up in a dysfunctional family."
960,The Pact: A Love Story,romance|drama,"<The Pact: A Love Story> is a romance|drama book about two teenagers who make a suicide pact, leading to a tragic and complex exploration of love, friendship, and family."
961,Gap Creek: The Story Of A Marriage,historical fiction|drama|romance,"<Gap Creek: The Story Of A Marriage> is a historical fiction novel that follows the struggles and triumphs of a young couple as they navigate poverty, tragedy, and love in the mountains of North Carolina in the late 19th century."
962,From a Buick 8 : A Novel,horror|science fiction,"<From a Buick 8 : A Novel> is a horror|science fiction book about a mysterious car that serves as a gateway to another dimension, leading to terrifying and inexplicable events."
963,A Beautiful Mind: The Life of Mathematical Genius and Nobel Laureate John Nash,biography|non-fiction,"<A Beautiful Mind: The Life of Mathematical Genius and Nobel Laureate John Nash> is a biography about the brilliant but troubled life of mathematician John Nash, who struggled with schizophrenia but ultimately went on to win a Nobel Prize for his groundbreaking work in game"
964,The Shipping News : A Novel,Fiction|Drama|Family Drama,"<The Shipping News : A Novel> is a Family Drama book about a man named Quoyle who moves to Newfoundland to start a new life, uncovering dark family secrets and finding redemption in the process."
965,The Other Boleyn Girl,historical fiction|drama|biographical fiction,<The Other Boleyn Girl> is a historical fiction book about the intense rivalry between sisters Anne and Mary Boleyn as they compete for the affections of King Henry VIII in the Tudor court.
966,Fall On Your Knees (Oprah #45),family drama|historical fiction,"<Fall On Your Knees (Oprah #45)> is a family drama|historical fiction book about the complex relationships, dark secrets, and tragedies that unfold within a multi-generational family in early 20th century Canada."
967,Grand Avenue,family drama|domestic fiction|suspense,<Grand Avenue> is a family drama book about the intertwined lives of three women who must confront their painful pasts and navigate complicated relationships in order to find peace and happiness.
968,Temptation,romance|contemporary romance,<Temptation> is a contemporary romance novel about a woman who must navigate the complexities of love and loyalty when her fiancé's brother unexpectedly steals her heart.
969,The Woman Next Door,fiction|women's fiction|romance,<The Woman Next Door> is a women's fiction book about two neighbors who have a complicated relationship due to their pasts and secrets.
970,Pay It Forward,fiction|drama|inspirational,<Pay It Forward> is a heartwarming and thought-provoking inspirational novel about a young boy's school project to make the world a better place through acts of kindness that have a ripple effect on the lives of others.
971,Good in Bed,romance|women's fiction|chick lit,"<Good in Bed> is a women's fiction book about a plus-size journalist navigating love, body image, and self-acceptance after being blindsided by her ex-boyfriend's article about their relationship."
972,In Her Shoes : A Novel,fiction|drama|mystery,<In Her Shoes : A Novel> is a drama book about the complicated relationship between two sisters who must confront their past and find a way to move forward together.
973,Hearts in Atlantis,fiction|horror|thriller,"<Hearts in Atlantis> is a psychological thriller about a group of college students who become involved in a dangerous game with a mysterious man, leading to tragic consequences that haunt them for years to come."
974,Dreamcatcher,horror|science fiction|thriller,<Dreamcatcher> is a horror/science fiction book about four childhood friends who reunite in the woods to confront an alien invasion and their own psychic powers.
975,The Mulberry Tree,romance|contemporary fiction,"""The Mulberry Tree"" is a contemporary fiction romance novel about a woman who inherits a house in a small town where she discovers a mysterious mulberry tree that holds the key to her past and future."
976,Just the Way You Are,romance|contemporary romance,<Just the Way You Are> is a contemporary romance novel about a woman who returns to her hometown and finds love with a ruggedly handsome man.
977,Everything's Eventual : 14 Dark Tales,horror|short stories,<Everything's Eventual : 14 Dark Tales> is a horror short story collection by Stephen King that explores the dark and twisted corners of the human psyche.
978,Trading Places,romance|contemporary romance,<Trading Places> is a contemporary romance book about two strangers who switch lives and find unexpected love in the process.
979,Daddy's Little Girl,mystery|suspense,<Daddy's Little Girl> is a suspenseful mystery about a young woman who investigates her father's murder while also dealing with her own traumatic past.
980,Dreamcatcher,fiction|horror|science fiction,<Dreamcatcher> is a horror/science fiction book about four lifelong friends who reunite for their annual hunting trip only to encounter an alien invasion in the woods.
981,Under the Tuscan Sun,memoir|travelogue|food and drink,"<Under the Tuscan Sun> is a memoir and travelogue about author Frances Mayes' journey of buying and renovating a villa in Tuscany, filled with anecdotes about food, wine, and the beauty of Italian countryside."
982,A Walk in the Woods: Rediscovering America on the Appalachian Trail (Official Guides to the Appalachian Trail),Non-fiction|Travelogue|Memoir,<A Walk in the Woods: Rediscovering America on the Appalachian Trail (Official Guides to the Appalachian Trail)> is a travelogue memoir about author Bill Bryson's humorous and challenging journey hiking the Appalachian Trail.
983,Jemima J: A Novel About Ugly Ducklings and Swans,Fiction|Romance|Chick lit,<Jemima J: A Novel About Ugly Ducklings and Swans> is a Chick lit book about a young woman who transforms her life and body through a weight loss journey and finds love along the way.
984,Catch Me If You Can: The True Story of a Real Fake,biography|memoir|crime,"<Catch Me If You Can: The True Story of a Real Fake> is a captivating biography book about Frank Abagnale Jr., a young con artist who successfully impersonated an airline pilot, doctor, and lawyer, and managed to evade capture for"
985,Bookends : A Novel,fiction|romance,"<Bookends : A Novel> is a romance novel about two best friends navigating the ups and downs of life, love, and friendship."
986,Fourplay: A Novel,romance|chick lit|contemporary fiction,"<Fourplay: A Novel> is a contemporary fiction book about four friends who navigate the ups and downs of love, friendship, and betrayal in London."
987,A Girl Named Zippy: Growing Up Small in Mooreland Indiana (Today Show Book Club #3),memoir|biography|non-fiction,'A Girl Named Zippy: Growing Up Small in Mooreland Indiana (Today Show Book Club #3)' is a memoir about author Haven Kimmel's quirky and humorous childhood in a small town in Indiana.
988,"Artemis Fowl (Artemis Fowl, Book 1)",fantasy|science fiction|young adult,"<Artemis Fowl (Artemis Fowl, Book 1)> is a fantasy|science fiction|young adult book about a young criminal mastermind who kidnaps a fairy in order to restore his family's fortune."
989,Lucky Man: A Memoir,biography|memoir,<Lucky Man: A Memoir> is a biography about Michael J. Fox's journey with Parkinson's disease and his optimistic outlook on life despite facing challenges.
990,Stolen Lives: Twenty Years in a Desert Jail,biography|memoir,<Stolen Lives: Twenty Years in a Desert Jail> is a memoir about Malika Oufkir's harrowing experience of being imprisoned for twenty years in a Moroccan jail after her father attempted to overthrow the government.
991,The Five People You Meet in Heaven,fiction|spiritual|drama,"<The Five People You Meet in Heaven> is a spiritual fiction novel that follows the journey of Eddie, a maintenance worker who learns important lessons about life and forgiveness from five individuals he encounters in the afterlife."
992,Don't Sweat the Small Stuff and It's All Small Stuff : Simple Ways to Keep the Little Things from Taking Over Your Life (Don't Sweat the Small Stuff Series),self-help|psychology|motivational,'Don't Sweat the Small Stuff and It's All Small Stuff : Simple Ways to Keep the Little Things from Taking Over Your Life (Don't Sweat the Small Stuff Series)' is a self-help book about practical strategies to handle everyday stress and improve mental
993,Don't Stand Too Close to a Naked Man,comedy|biography,"<Don't Stand Too Close to a Naked Man> is a comedy biography book about comedian Tim Allen's humorous observations on life, fame, and relationships."
994,The Diary of Ellen Rimbauer: My Life at Rose Red,mystery|horror|supernatural,<The Diary of Ellen Rimbauer: My Life at Rose Red> is a horror book about the haunting and supernatural occurrences experienced by Ellen Rimbauer at the mysterious Rose Red mansion.
995,A Confederacy of Dunces (Evergreen Book),satire|comedy|literary fiction,<A Confederacy of Dunces (Evergreen Book)> is a satire and comedy book about the misadventures of an eccentric and pompous protagonist named Ignatius J. Reilly in New Orleans.
996,Oranges Are Not the Only Fruit,autobiography|coming-of-age|fiction,<Oranges Are Not the Only Fruit> is a coming-of-age novel about a young girl's struggles with her strict religious upbringing and her realization of her own sexuality.
997,Four Blondes,fiction|romance|contemporary fiction,"<Four Blondes> is a contemporary fiction book about the romantic and social lives of four glamorous, blonde women living in New York City."
998,All I Really Need to Know,self-help|inspirational|essays,<All I Really Need to Know> is a self-help book about finding wisdom and meaning in everyday experiences and relationships.
999,It Was on Fire When I Lay Down on It,humor|essays,<It Was on Fire When I Lay Down on It> is a humor/essays book about the author's quirky and humorous observations on everyday life and human nature.
1000,The Joy Luck Club,fiction|cultural|contemporary,"<The Joy Luck Club> is a contemporary fiction novel that explores the relationships between four Chinese immigrant mothers and their American-born daughters, as they navigate the complexities of cultural identity, generational differences, and the power of storytelling."
1001,Oldest Living Confederate Widow Tells All,historical fiction|southern gothic,<Oldest Living Confederate Widow Tells All> is a southern gothic historical fiction novel that tells the story of a 99-year-old woman reflecting on her marriage to a Confederate soldier and the tumultuous history of the South.
1002,The Kitchen God's Wife,fiction|historical fiction|family drama,"<The Kitchen God's Wife> is a work of historical fiction that delves into the complex and tumultuous relationship between a Chinese-American woman and her mother, exploring themes of family secrets, cultural identity, and forgiveness."
1003,The Hundred Secret Senses,Fiction|Literature|Contemporary fiction,"<The Hundred Secret Senses> is a contemporary fiction book about the complex relationship between two half-sisters, one American-born and the other a ghostly spirit from China, as they navigate family secrets and cultural differences."
1004,Secret History,mystery|drama|literary fiction,<Secret History> is a literary fiction mystery about a group of elite college students who become entangled in a murder plot with deadly consequences.
1005,Patty Jane's House of Curl,Fiction|Women's Fiction|Family Drama,<Patty Jane's House of Curl> is a Women's Fiction book about the bond between two sisters as they navigate life's challenges and build a successful hair salon business together.
1006,The Bonesetter's Daughter,fiction|historical fiction,<The Bonesetter's Daughter> is a historical fiction book about a Chinese-American woman who uncovers the secrets of her mother's past while struggling with her own identity and cultural heritage.
1007,Thousand Acres,drama|contemporary fiction,<Thousand Acres> is a contemporary fiction drama about a family farm in Iowa and the complex relationships and secrets that tear the family apart.
1008,"Welcome to the World, Baby Girl!",fiction|women's fiction|humor,"<Welcome to the World, Baby Girl!> is a women's fiction book about a successful television journalist who returns to her small hometown in Missouri and confronts her past while dealing with family drama and uncovering a long-buried secret."
1009,A Patchwork Planet,realistic fiction|family drama|domestic fiction,<A Patchwork Planet> is a realistic fiction book about the struggles and redemption of a young man navigating through family drama and domestic challenges.
1010,Standing in the Rainbow,fiction|humor|coming-of-age,<Standing in the Rainbow> is a heartwarming fiction and humor novel about a young girl growing up in small-town Missouri and the quirky characters she encounters along the way.
1011,Nickel and Dimed: On (Not) Getting By in America,nonfiction|sociology|economics,<Nickel and Dimed: On (Not) Getting By in America> is a nonfiction sociology and economics book that follows author Barbara Ehrenreich as she goes undercover to explore the struggles of low-wage workers in America.
1012,Ender's Game (Ender Wiggins Saga (Paperback)),science fiction,<Ender's Game (Ender Wiggins Saga (Paperback))> is a science fiction book about a young boy named Ender Wiggins who is recruited to attend a military school in space to prepare for an alien invasion.
1013,Cold Blooded,mystery|thriller|suspense,"<Cold Blooded> is a suspenseful thriller about a woman who returns to her hometown to investigate the mysterious disappearances of several young women, only to uncover dark secrets that put her own life in danger."
1014,The Night Before,mystery|suspense|thriller,"<The Night Before> is a suspenseful thriller about a woman who goes missing after going on a blind date, leaving her sister to unravel the mystery of her disappearance."
1015,Left Behind: A Novel of the Earth's Last Days (Left Behind No. 1),fiction|science fiction|dystopian,<Left Behind: A Novel of the Earth's Last Days (Left Behind No. 1)> is a science fiction book about a group of people who are left behind after the Rapture and must navigate a world plunged into chaos and destruction.
1016,Tribulation Force: The Continuing Drama of Those Left Behind (Left Behind No. 2),dystopian|science fiction|religious fiction,<Tribulation Force: The Continuing Drama of Those Left Behind (Left Behind No. 2)> is a religious fiction book about a group of believers forming a resistance movement against the Antichrist during the chaotic aftermath of the Rapture.
1017,Nicolae: The Rise of Antichrist (Left Behind No. 3),fiction|religious|apocalyptic,<Nicolae: The Rise of Antichrist (Left Behind No. 3)> is a religious apocalyptic fiction book about the rise of Nicolae Carpathia as the Antichrist and the unfolding events leading up to the end times as
1018,Soul Harvest: The World Takes Sides (Left Behind No. 4),science fiction|speculative fiction|religious fiction,<Soul Harvest: The World Takes Sides (Left Behind No. 4)> is a religious fiction book about the battle between good and evil as the Antichrist rises to power during the end times.
1019,Left Behind: A Novel of the Earth's Last Days (Left Behind #1),fiction|Christian fiction|apocalyptic fiction,<Left Behind: A Novel of the Earth's Last Days (Left Behind #1)> is a Christian fiction book about the sudden disappearance of millions of people and the chaos that ensues as those left behind try to make sense of the event.
1020,The Book of Questions,non-fiction|self-help|philosophy,<The Book of Questions> is a thought-provoking self-help book filled with philosophical questions designed to inspire introspection and self-discovery.
1021,What to Expect the First Year,non-fiction|parenting|guide,<What to Expect the First Year> is a non-fiction parenting guide that provides advice and information on the first year of a baby's life.
1022,What to Expect When You're Expecting (Revised Edition),non-fiction|parenting|health,"<What to Expect When You're Expecting (Revised Edition)> is a comprehensive guide for expectant parents, offering information on pregnancy, childbirth, and early parenthood."
1023,Wild Animus,Fiction|Fantasy|Adventure,<Wild Animus> is a Fiction|Fantasy|Adventure book about a man who embarks on a dangerous journey into the Alaskan wilderness in pursuit of a mythic creature.
1024,A Fine Balance,fiction|literary fiction|historical fiction,"<A Fine Balance> is a literary fiction book about the lives of four characters in 1970s India, who struggle to maintain their dignity and humanity in the face of political and social turmoil."
1025,Tears of the Giraffe (No.1 Ladies Detective Agency),mystery|detective|fiction,"<Tears of the Giraffe (No.1 Ladies Detective Agency)> is a mystery fiction book about Precious Ramotswe, Botswana's first female detective, solving cases while navigating personal and professional challenges."
1026,Morality for Beautiful Girls (No.1 Ladies Detective Agency),mystery|detective fiction|crime fiction,<Morality for Beautiful Girls (No.1 Ladies Detective Agency)> is a mystery book about Botswana's first female detective solving cases of moral dilemmas and personal growth.
1027,The No. 1 Ladies' Detective Agency (Today Show Book Club #8),mystery|detective|fiction,"<The No. 1 Ladies' Detective Agency (Today Show Book Club #8)> is a mystery fiction book about Precious Ramotswe, Botswana's first female detective who solves cases with her sharp intuition and traditional values."
1028,Ground Zero and Beyond,non-fiction|history|politics,<Ground Zero and Beyond> is a non-fiction history and politics book that explores the aftermath of the September 11 attacks and the impact on American society and politics.
1029,Between Friends,fiction|romance,<Between Friends> is a heartwarming fiction|romance novel about two childhood friends who reconnect after years apart and navigate the highs and lows of life together.
1030,Dead Run,mystery|suspense|crime fiction,<Dead Run> is a suspenseful crime fiction book about a woman who must uncover the truth about her husband's past in order to protect her daughter and herself from a dangerous threat.
1031,311 Pelican Court,romance|fiction,"<311 Pelican Court> is a romance book about the residents of Cedar Cove facing various challenges and relationship issues as they navigate through love, loss, and new beginnings."
1032,Perfect Evil (Maggie O'Dell Novels (Paperback)),thriller|suspense|crime fiction,<Perfect Evil (Maggie O'Dell Novels (Paperback))> is a thriller|suspense|crime fiction book about FBI profiler Maggie O'Dell's hunt for a serial killer who leaves behind gruesome clues.
1033,16 Lighthouse Road,fiction|romance,<16 Lighthouse Road> is a romance novel about a woman named Olivia who finds herself falling for a widowed father after mistakenly receiving his mail at her bed-and-breakfast in Cedar Cove.
1034,Cabin,mystery|romance,"<Cabin> is a mystery|romance book about a woman who seeks refuge in a secluded cabin in the woods, only to find herself entangled in a dangerous web of secrets and romance."
1035,204 Rosewood Lane,fiction|romance,<204 Rosewood Lane> is a romance novel about a woman named Grace who navigates through love and family drama in the small town of Cedar Cove.
1036,Girls Night,romance,<Girls Night> is a romance novel about two best friends who find unexpected love during a girls night out in Las Vegas.
1037,Life's Little Instruction Book (Life's Little Instruction Books (Paperback)),self-help|personal development,<Life's Little Instruction Book (Life's Little Instruction Books (Paperback))> is a self-help book filled with practical advice and wisdom on how to live a fulfilling and meaningful life.
1038,Chicken Soup for the Soul (Chicken Soup for the Soul),inspirational|self-help,<Chicken Soup for the Soul (Chicken Soup for the Soul)> is an inspirational self-help book filled with heartwarming stories and motivational anecdotes to uplift and inspire readers.
1039,A 2nd Helping of Chicken Soup for the Soul (Chicken Soup for the Soul Series (Paper)),inspirational|self-help,"<A 2nd Helping of Chicken Soup for the Soul (Chicken Soup for the Soul Series (Paper))> is a collection of heartwarming and inspirational stories that offer comfort, hope, and wisdom to readers."
1040,A Child Called \It\: One Child's Courage to Survive,memoir|biography,<A Child Called \It\: One Child's Courage to Survive> is a memoir book about the harrowing abuse and survival of a young boy named Dave Pelzer.
1041,Chicken Soup for the Woman's Soul (Chicken Soup for the Soul Series (Paper)),self-help|inspirational,<Chicken Soup for the Woman's Soul (Chicken Soup for the Soul Series (Paper))> is a self-help|inspirational book about uplifting and empowering stories that celebrate the strength and resilience of women.
1042,The Lost Boy: A Foster Child's Search for the Love of a Family,biography|memoir|non-fiction,<The Lost Boy: A Foster Child's Search for the Love of a Family> is a memoir about Dave Pelzer's harrowing experiences in the foster care system as he searches for love and belonging.
1043,Chicken Soup for the Pet Lover's Soul (Chicken Soup for the Soul),inspirational|nonfiction|pets,<Chicken Soup for the Pet Lover's Soul (Chicken Soup for the Soul)> is an inspirational nonfiction book about heartwarming stories that celebrate the bond between pets and their owners.
1044,Call of the Wild,adventure|fiction,"<Call of the Wild> is an adventure fiction book about a domestic dog named Buck who is stolen and sold into the brutal world of the Klondike Gold Rush, where he must tap into his primal instincts to survive."
1045,High Fidelity,fiction|romance,<High Fidelity> is a fiction|romance book about a record store owner in London who reflects on his past relationships while trying to navigate his love life.
1046,The Color of Water: A Black Man's Tribute to His White Mother,memoir|biography,"""The Color of Water: A Black Man's Tribute to His White Mother"" is a memoir that tells the story of James McBride's upbringing as a biracial child, exploring his identity and the complex relationship he had with his mother who was a white"
1047,How to Be Good,fiction|humor|satire,<How to Be Good> is a humorous satire about a woman who tries to navigate the complexities of modern morality and relationships after her husband undergoes a spiritual transformation.
1048,Fingersmith,historical fiction|crime fiction|LGBTQ+,"<Fingersmith> is a historical fiction and crime fiction book about a young woman who becomes embroiled in a complex plot of deception and betrayal, set in Victorian England and exploring themes of class, sexuality, and power."
1049,The Prayer of Jabez: Breaking Through to the Blessed Life,non-fiction|spirituality|Christian living,<The Prayer of Jabez: Breaking Through to the Blessed Life> is a Christian living book that explores the power of the prayer of Jabez and how it can lead to a more blessed and prosperous life.
