user_id,item_id,rating
0,16302,5
0,18381,5
0,7051,5
0,14901,5
0,9184,5
0,6644,5
0,16529,5
0,4124,5
0,5822,5
0,612,5
0,18194,5
0,7656,5
0,18411,5
0,15417,5
0,11606,5
0,7585,5
0,4102,5
0,5306,5
0,4108,5
0,4198,5
0,17492,5
0,17501,5
0,18141,5
0,12305,5
0,13123,5
0,5917,5
0,3606,5
0,14967,5
0,14485,5
0,6764,5
0,17438,5
0,17087,5
0,17196,5
0,2279,5
0,5307,5
0,1833,5
0,8846,4
0,2466,4
0,1038,5
0,18006,5
0,18078,5
0,11605,5
0,14623,5
0,283,5
0,14968,5
0,14624,5
0,18095,5
0,17127,5
0,17541,5
0,18715,5
0,2515,5
0,234,5
0,6535,5
0,8068,5
0,2276,5
0,3593,5
0,2277,5
0,15324,5
0,8037,5
0,1074,5
0,10318,5
0,10111,5
0,6032,5
1,17782,5
1,8485,4
1,8517,5
1,17781,4
1,22059,4
1,8153,4
1,8142,4
1,11490,4
1,8135,4
1,13961,5
1,8484,4
1,13508,5
1,8136,4
1,1083,5
1,11489,4
1,9498,4
1,8095,3
1,8804,5
1,11520,5
1,11524,5
1,22310,5
1,3984,2
1,11521,4
1,6623,5
1,11168,5
1,11516,5
1,13962,5
1,3357,5
1,8491,4
1,21494,4
1,9573,5
1,8139,4
1,2767,5
1,21367,5
1,2142,4
1,8472,5
1,8790,5
1,7913,3
1,2220,5
1,10979,5
1,13496,5
1,10114,2
1,6991,5
1,15948,5
1,430,1
1,16132,5
1,6580,5
1,18336,5
1,6585,5
1,15077,1
1,12752,5
1,2351,4
1,20762,5
1,8120,5
1,4205,5
1,18977,5
1,14103,5
1,7248,5
1,17571,5
1,14102,5
1,20038,5
1,11011,5
1,4049,5
1,5425,5
1,10561,5
1,13498,5
2,6876,4
2,4614,4
2,19492,4
2,8716,5
2,11659,4
2,15335,5
2,7895,3
2,6719,5
2,4029,3
2,469,5
2,11689,5
2,9422,5
2,2813,5
2,18217,5
2,86,5
2,6839,5
2,15771,1
2,3036,5
2,5163,5
2,15894,5
2,1228,5
2,15679,5
2,16865,5
2,18364,5
2,1789,5
2,10365,5
2,3670,3
2,10875,5
2,1716,4
2,1710,5
2,16306,5
2,8670,5
3,20603,5
3,21120,5
3,21298,5
3,20971,3
3,21599,5
3,21181,5
3,21040,2
3,20523,5
3,20822,5
3,20933,3
3,20337,3
3,21016,5
3,20902,4
3,21063,4
3,19592,5
3,19360,3
3,21052,5
3,20101,5
3,19831,5
3,21174,5
3,20516,5
3,21126,4
3,20395,3
3,19590,5
3,21561,4
3,21488,5
3,20102,3
3,22002,1
3,19741,5
3,15007,5
3,19451,5
3,20649,5
3,21424,5
3,21493,5
3,20299,5
3,21655,5
3,21273,4
3,19618,5
3,21416,5
3,20415,4
3,20704,3
3,19359,5
3,21010,5
3,21761,5
3,21452,5
3,21762,5
3,20711,5
3,19331,4
3,19733,3
3,20426,5
3,20575,5
3,19706,5
3,19898,3
3,20302,5
3,20212,5
3,20463,5
3,19337,3
3,20466,5
3,20617,5
3,20445,5
3,20116,5
3,19727,5
4,17038,5
4,18385,3
4,10861,4
4,18339,3
4,17097,4
4,5397,3
4,9788,4
4,1203,5
4,18765,4
4,16056,4
4,12789,5
4,21307,5
4,10918,3
4,5554,4
4,13351,5
4,19318,4
4,8847,4
4,8841,4
4,6408,4
4,16200,4
4,15202,5
4,9999,5
4,15490,4
4,6539,4
4,1160,5
4,18286,3
4,11403,5
4,10086,5
4,10445,5
4,13737,5
4,19556,4
4,12804,5
4,540,2
4,10045,5
4,19361,5
4,20703,5
4,10344,5
4,2038,5
4,18199,4
5,7075,5
5,11623,5
5,7076,5
5,17508,5
5,17502,5
5,17659,5
5,7124,5
5,7132,5
5,17492,5
5,7130,5
5,17672,5
5,16178,5
5,7115,4
5,7112,5
5,7099,5
5,14410,3
5,17465,5
5,17464,5
5,13234,5
5,18855,5
5,2278,5
5,7795,5
5,16397,5
5,12656,5
5,7777,5
5,17366,5
5,18786,5
5,7119,5
5,15321,5
5,9351,5
5,5892,5
5,8066,5
5,17650,5
5,17454,5
5,17136,5
6,13305,5
6,644,5
6,11917,4
6,17815,5
6,11840,3
6,1932,5
6,8283,5
6,1499,4
6,14891,3
6,9142,4
6,3680,3
6,442,4
6,1991,4
6,20446,5
6,10932,4
6,16422,5
6,5016,5
6,13233,5
6,10914,5
6,3715,4
6,10629,5
6,15615,5
6,4096,5
6,15337,4
6,8318,4
6,17846,5
6,15434,5
6,15957,5
6,5641,3
6,8217,5
6,8193,4
6,5995,5
6,1873,4
6,3023,4
6,1992,5
6,10388,5
6,11700,4
6,12498,5
6,6079,3
6,5635,3
6,9215,5
6,13482,3
6,13486,4
6,6591,5
6,5981,5
6,3708,5
6,8858,5
6,16780,3
6,15799,4
6,5961,5
6,15764,5
6,2295,5
6,2472,4
6,1924,5
6,2509,4
6,19567,5
6,11682,5
6,2950,5
6,2476,5
6,9420,5
6,2444,5
6,3733,5
6,4749,2
6,1885,5
6,3679,5
6,6593,5
6,2528,4
6,16091,4
6,17957,4
6,1898,5
6,1683,4
6,366,3
6,15141,5
6,2363,3
6,3672,5
6,10328,4
6,3224,4
6,4472,5
6,1919,5
6,1899,5
6,6516,4
6,9507,5
6,11704,5
6,16310,5
6,3337,5
6,11646,5
6,907,4
6,18015,5
6,15616,5
6,11842,5
6,5504,5
6,9405,5
6,20720,5
6,2697,5
6,6076,5
6,17313,5
6,14530,5
6,18879,5
6,3047,5
6,19019,5
6,21423,4
6,14666,5
6,1830,5
6,17405,5
6,2666,5
6,11551,5
6,11695,5
6,10637,5
6,8893,5
6,11450,5
6,14108,4
6,7237,4
6,13448,5
6,1468,5
6,21066,5
6,4073,5
6,5036,5
6,4090,4
6,16980,5
6,5740,5
6,12365,5
6,5994,4
6,16961,5
6,11844,5
6,5738,5
6,1004,5
6,11453,5
7,20039,5
7,20155,3
7,19878,3
7,20312,5
7,12726,3
7,20103,3
7,20484,2
7,6176,4
7,16052,5
7,20396,5
7,19716,2
7,20165,4
7,20736,3
7,20157,5
7,19443,3
7,19512,4
7,19407,5
7,19408,4
7,19692,4
7,19546,3
7,21344,3
7,20404,4
7,22227,4
7,19717,3
7,20847,5
7,21077,2
7,9188,5
7,10581,2
7,21437,5
7,19475,4
7,20406,5
7,20975,2
7,20405,3
7,21485,5
8,10894,5
8,17298,5
8,14028,3
8,10609,4
8,6376,5
8,17331,2
8,14009,5
8,17334,5
8,7532,5
8,14604,5
8,18921,2
8,11324,5
8,19102,5
8,9003,5
8,17333,5
8,16699,4
8,2505,1
8,16195,5
8,9324,5
8,6335,5
8,8268,3
8,4135,5
8,20632,5
8,15173,4
8,7361,5
8,1117,5
8,14019,5
8,14029,5
8,12302,4
8,22214,5
8,7200,5
8,18847,2
8,17224,5
8,3043,5
8,6867,5
8,3066,5
8,14033,4
8,13134,5
8,22247,5
8,22031,5
8,22057,5
8,17728,2
8,12301,5
8,6379,3
8,17886,5
8,12307,5
8,8896,3
9,8193,1
9,4021,3
9,13057,4
9,2333,4
9,5539,3
9,2293,2
9,12745,1
9,2488,5
9,4018,1
9,12576,3
9,2316,4
9,13052,3
9,680,3
9,3675,1
9,2022,2
9,4009,3
9,4005,1
9,5538,2
9,2241,5
9,4024,3
9,5972,5
9,13054,4
9,12730,4
9,11954,2
9,4011,2
9,12144,4
9,2530,3
9,10978,4
9,4074,3
9,11076,4
9,4082,1
9,15644,1
9,10630,4
9,4454,5
9,3723,1
9,11077,3
9,11052,5
9,11085,5
9,13519,2
9,915,1
9,13228,1
9,15539,2
9,12719,4
9,5900,5
9,3667,4
9,13469,5
9,13483,2
9,12731,2
9,10923,1
9,10972,2
9,4025,3
9,638,3
9,13470,3
9,5544,2
9,13182,1
9,13499,2
9,2339,5
9,13474,4
9,2547,4
9,221,3
9,16049,1
9,2212,4
9,12111,3
9,5530,5
9,5529,3
9,2451,2
9,7673,1
9,7462,1
9,2540,1
9,5528,4
9,5527,4
9,3988,3
9,12121,2
9,309,3
9,4737,4
9,7426,4
9,2896,5
9,2778,3
9,4708,4
9,3979,1
9,191,5
9,7474,4
9,3524,3
9,4742,1
9,7427,3
9,192,2
9,3650,2
9,3992,3
9,5533,5
9,19559,3
9,5532,2
9,3994,3
9,3999,4
9,12728,5
9,3991,3
9,2210,2
9,2930,5
9,2223,3
9,4710,2
9,386,5
9,12718,5
9,6204,2
9,3642,3
9,2240,5
9,164,4
9,1817,2
9,3987,1
10,10250,5
10,1166,5
10,11345,5
10,6537,5
10,14781,4
10,8631,5
10,3013,5
10,17533,5
10,9256,5
10,5158,5
10,16089,4
10,15765,5
10,10529,5
10,5445,5
10,18742,4
10,11366,5
10,19708,4
10,17926,4
10,6104,3
10,7012,5
10,20407,5
10,10858,5
10,5078,5
10,15766,5
10,12807,5
10,10882,5
10,11146,5
10,18723,3
10,1626,5
10,4222,4
10,19581,4
10,1790,5
10,512,5
10,18629,5
10,15763,5
10,10994,5
10,19250,5
10,16789,4
10,1738,4
10,16084,4
10,8158,3
10,1175,5
10,6207,5
10,6006,4
10,9659,5
10,10836,3
10,1741,4
10,698,5
10,17969,5
10,14204,4
10,3020,5
10,15446,5
10,15408,5
10,14826,3
10,3661,5
10,6582,5
11,11816,4
11,11736,4
11,15001,5
11,19722,2
11,4326,5
11,5082,3
11,15527,4
11,10000,5
11,11743,5
11,9748,4
11,19320,5
11,8293,4
11,383,5
11,6862,2
11,15341,5
11,8497,5
11,19680,3
11,5108,3
11,8462,5
11,7158,4
11,16352,3
11,19303,4
11,4279,3
11,10334,5
11,16130,5
11,9352,5
11,7658,5
11,18565,1
11,15003,4
11,19664,5
11,15347,5
11,10141,5
11,9681,5
11,16069,5
11,150,4
11,15598,4
11,16220,5
11,1855,5
11,16213,5
11,1926,2
11,3825,3
11,9655,4
11,19635,5
11,8544,4
11,8542,4
11,19640,5
11,496,3
11,7425,5
11,9208,4
11,8063,5
11,19544,5
11,7478,3
11,9267,3
11,16386,2
11,4788,5
11,5102,5
11,8237,4
11,9613,3
11,7778,4
11,1878,2
11,10105,2
11,2650,3
11,15353,5
11,19587,3
11,16044,5
11,2250,4
11,1355,4
11,19853,5
11,7470,5
11,434,5
11,11820,5
11,12104,5
11,19995,3
11,3341,2
11,4730,3
11,4716,2
11,9690,5
11,1847,2
11,2513,4
11,3827,3
11,19385,5
11,9695,3
11,16301,4
11,5391,4
11,10733,4
11,7772,4
11,1853,5
11,15107,3
11,15222,2
11,9151,4
11,11715,5
11,15153,4
11,15437,5
11,15958,3
11,9055,4
11,609,4
11,20639,4
11,6145,5
11,20729,5
11,21375,5
11,1003,4
11,11599,4
11,15795,5
11,8320,4
11,749,4
11,9426,5
11,9169,5
11,12493,5
11,14930,5
11,20364,5
11,12358,4
11,14247,4
11,20173,3
11,9771,4
11,1783,5
11,2078,5
11,8282,4
11,11810,4
11,5918,4
11,16181,2
12,10587,4
12,15431,5
12,15428,3
12,21355,5
12,1414,5
12,10825,5
12,7940,4
12,21507,5
12,10603,4
12,3030,5
12,21665,5
12,1968,5
12,21326,4
12,9012,5
12,16107,5
12,19754,5
12,2962,5
12,20655,5
12,5783,5
12,14915,5
12,7468,2
12,18390,5
12,1453,5
12,20983,5
12,15891,5
12,4196,5
12,20919,5
12,20605,5
12,12803,5
12,11120,5
12,19479,5
13,21449,4
13,20438,4
13,20240,4
13,20429,4
13,21131,4
13,20533,5
13,21094,3
13,20713,5
13,21101,3
13,21227,4
13,20811,4
13,20520,5
13,20945,3
13,20753,5
13,20883,4
13,21196,3
13,20732,3
13,21498,3
13,21354,4
13,20026,4
13,19395,4
13,21966,4
13,21016,4
13,20674,4
13,20714,4
13,20164,5
13,21321,5
13,20894,5
13,20640,4
13,20421,4
13,20274,4
13,20483,4
13,20526,4
13,20012,4
13,20612,4
13,21373,4
13,20679,4
13,20498,4
13,20742,4
13,20419,4
13,20853,5
13,19848,4
13,20647,3
13,20759,4
13,20523,3
14,9584,4
14,530,3
14,1755,5
14,12451,4
14,5080,4
14,5161,3
14,15005,5
14,20218,4
14,1178,5
14,19799,3
14,7978,5
14,19299,4
14,3449,4
14,15821,4
14,5380,5
14,7478,5
14,21092,4
14,1439,4
14,13859,4
14,18377,5
14,8159,3
14,9712,4
14,2897,1
14,11671,5
14,3320,5
14,15004,4
14,10118,3
14,19571,4
14,19755,5
14,8445,4
14,7028,5
14,15126,5
14,16202,5
14,6748,4
14,7448,3
14,9198,3
14,8549,5
14,1246,5
14,8744,4
14,14956,4
14,10117,5
14,20069,4
14,20235,4
14,20317,4
14,13852,1
14,19769,4
14,19766,4
14,1802,5
14,18447,5
14,20120,3
14,10068,2
15,18591,5
15,9813,5
15,6094,5
15,3665,5
15,3033,5
15,11662,5
15,14895,3
15,17037,5
15,2917,5
15,137,5
15,11867,3
15,5191,4
15,1502,4
15,2921,3
15,11813,5
15,11724,5
15,18050,5
15,727,5
15,22055,5
15,19275,4
15,6732,5
15,17039,5
15,6800,4
15,21896,5
15,14127,4
15,15882,5
15,15607,5
15,14311,5
15,11994,5
15,8859,5
15,840,5
15,872,5
16,19970,5
16,20860,3
16,20985,5
16,14181,4
16,20938,5
16,20858,4
16,20422,3
16,21183,3
16,20418,2
16,19748,1
16,19334,4
16,20753,2
16,21081,4
16,20625,5
16,20771,4
16,10709,3
16,953,4
16,15944,2
16,20372,3
16,5745,5
16,13885,4
16,18021,5
16,18410,5
16,910,5
16,11091,5
16,11121,5
16,19043,4
16,10988,5
16,21858,4
16,7250,4
16,8383,5
16,21604,4
16,14188,5
16,18399,3
16,21529,4
16,21480,4
16,21111,4
16,911,2
16,21407,4
16,14442,3
16,11201,5
16,21428,5
16,11178,2
17,11218,4
17,14030,4
17,6371,5
17,14032,5
17,6297,5
17,6379,5
17,11330,5
17,11331,4
17,6362,5
17,14027,4
17,4995,4
17,6341,5
17,692,4
17,3213,5
17,11233,3
17,13977,4
17,14133,4
17,14000,4
17,4447,4
17,11123,4
17,351,5
17,14435,4
17,4200,4
17,5007,5
17,4465,4
17,4199,5
17,13978,5
17,14454,4
17,14022,5
17,19015,5
17,11311,4
17,6301,5
17,19062,5
17,11302,4
17,4999,4
17,1036,5
17,11183,4
17,2727,4
17,11246,5
17,11301,4
17,5512,5
17,12935,5
17,6298,5
17,1010,5
17,14008,5
17,11288,5
17,14003,3
17,5002,4
18,9869,5
18,14077,5
18,6541,5
18,10174,5
18,13364,5
18,12597,5
18,14928,5
18,12452,5
18,12675,5
18,6769,5
18,9591,5
18,14273,5
18,19006,5
18,6978,5
18,8939,5
18,16862,5
18,7522,5
18,17514,5
18,18790,5
18,7333,5
18,6977,5
18,13216,5
18,10115,4
18,15391,5
18,8424,5
18,9912,5
18,12008,5
19,4211,5
19,5892,4
19,924,5
19,6136,5
19,8033,4
19,13117,5
19,8024,5
19,969,5
19,19352,5
19,857,5
19,2133,5
19,10705,5
19,15743,4
19,14445,4
19,8300,4
19,13359,3
19,19468,5
19,7696,5
19,1310,5
19,16675,3
19,6084,5
19,16241,5
19,10644,5
19,14401,4
19,4159,4
19,19127,5
19,19191,3
19,5015,3
19,14089,4
19,2542,4
19,19111,5
19,14501,5
19,17158,5
19,9224,5
19,8941,5
19,3013,4
19,5446,5
19,11843,5
19,17159,4
19,2589,5
19,703,4
19,18360,4
19,18668,5
19,10642,5
19,1902,5
19,4331,4
19,11660,5
19,7450,5
19,10332,5
19,579,5
19,9383,5
19,9099,5
19,3521,5
19,644,4
19,3566,5
19,15325,5
19,3007,4
19,3437,4
19,6567,5
19,4979,3
19,2671,5
19,7452,5
19,13887,5
19,18563,5
19,3593,5
19,7994,5
19,6569,4
19,18481,3
19,407,5
19,13814,5
19,120,4
19,4547,5
19,12426,5
19,1424,5
19,96,5
19,722,5
19,3684,5
19,5993,4
19,1411,3
19,10813,5
19,10794,5
19,3541,5
19,18368,5
19,2489,5
19,6421,5
19,15786,4
19,6036,5
19,14931,5
19,277,5
19,5217,5
19,4275,5
19,3656,5
19,12689,5
19,595,5
19,10953,5
19,18195,4
19,13484,5
19,12731,5
19,1433,3
19,6805,5
19,2269,5
19,15823,5
19,16694,5
19,15528,5
19,8334,4
19,2272,3
19,3533,5
19,1105,5
19,15526,5
19,1308,5
19,15532,5
19,594,5
19,14534,4
19,18381,5
19,2271,5
19,3248,5
19,3233,3
19,6912,5
19,15113,4
19,5280,4
19,1116,5
19,15123,4
19,1325,5
19,6954,5
19,9360,5
19,16432,4
19,1405,5
19,6627,5
19,8305,4
19,18784,5
19,4848,5
19,3802,4
19,4493,4
19,2921,4
19,14998,5
19,19115,5
19,168,5
19,9034,5
19,15615,5
19,4618,4
19,4149,4
19,1167,4
19,6561,5
19,7209,4
19,8032,5
19,14096,5
19,2764,5
19,2763,5
19,13688,5
19,8617,5
19,5848,4
19,13686,5
19,3353,4
19,3360,5
19,10664,5
19,11854,5
19,8868,5
19,14211,5
19,9361,5
19,3983,4
19,748,5
19,10858,5
19,2552,5
19,1922,5
19,5865,5
19,9443,5
19,4153,4
19,8880,5
19,13490,4
19,16514,5
19,1169,5
19,4558,3
19,99,4
19,9608,5
19,19128,5
19,1172,5
19,9609,5
19,16631,4
19,10071,5
19,16859,5
19,5736,5
19,9437,5
19,8891,4
19,9420,3
19,19116,4
19,13370,5
19,12404,4
19,5882,4
19,18619,5
19,5705,5
19,13254,5
19,9031,4
19,695,5
19,783,4
19,784,3
19,16847,4
19,11234,3
19,5303,5
19,19122,5
19,4168,4
19,16926,4
19,11748,4
19,19962,4
19,1118,5
19,11844,4
19,19123,4
19,15359,4
19,12401,5
19,13880,5
19,12757,5
19,11229,5
19,18411,5
19,13781,5
19,5975,4
19,12238,5
19,2435,4
19,6243,5
19,13096,4
19,2726,5
19,2701,5
19,9416,5
19,5905,5
19,9013,5
19,19121,5
19,17151,5
19,6637,5
19,19129,5
19,10704,4
19,14389,5
19,16912,4
19,5653,5
19,12399,5
19,787,3
19,8577,5
19,4825,5
19,14914,4
19,4794,4
19,12442,4
19,863,5
19,4146,5
19,8580,5
19,7789,4
19,836,5
19,16235,4
19,6077,4
19,12406,5
19,5926,5
19,9024,4
19,12431,4
19,15851,4
19,6858,5
19,13031,5
19,13253,4
19,6417,5
19,13818,5
19,9064,5
19,2646,5
19,11679,5
19,15454,5
19,9216,5
19,6836,5
19,5042,5
19,11906,5
19,4240,5
19,596,4
19,5642,5
19,12949,5
19,9012,4
19,12926,5
19,3961,5
19,16013,4
19,16010,5
19,12946,3
19,3582,5
19,2564,5
19,6512,5
19,12888,5
19,12269,5
19,12449,5
19,1176,5
19,3019,5
19,1174,5
19,19336,5
19,9104,5
19,18166,5
19,7766,5
19,19937,4
19,2047,5
19,9043,5
19,9170,5
19,2259,4
19,5227,4
19,13850,3
19,18196,5
19,6074,5
19,10088,5
19,9167,5
19,2601,5
19,18684,5
19,20259,3
19,2371,4
19,16020,4
19,598,5
19,3848,5
19,13049,5
19,1416,5
19,1387,5
19,3732,5
19,781,4
19,16630,5
19,16022,5
19,15385,5
19,19124,5
19,15360,3
19,11966,5
19,5304,4
19,1886,5
19,2078,5
19,8612,5
19,5111,5
19,9358,5
19,1224,5
19,4000,4
19,15137,5
19,1334,5
19,1938,5
19,2356,5
19,5123,5
19,9636,5
19,11846,5
19,17120,4
19,14365,5
19,13820,5
19,12983,5
19,7568,5
19,9300,5
19,18387,5
19,4065,5
19,17574,5
19,6113,4
19,3231,5
19,17874,5
19,3595,4
19,18117,5
19,18203,5
19,13710,4
19,16839,4
19,11349,5
19,10817,5
19,12411,5
19,3594,5
19,9291,5
19,7972,5
19,9290,5
19,7996,4
19,6420,5
19,16002,3
19,18140,5
19,20559,3
19,726,5
19,8972,5
19,16191,5
19,9029,3
19,3559,5
19,6661,5
19,9279,5
19,9633,5
19,15608,4
19,6189,5
19,19584,5
19,5625,5
19,19992,4
19,18170,5
19,12413,4
19,7567,5
19,6095,4
19,16355,5
19,8578,5
19,20216,4
19,4043,5
19,7637,5
19,5657,5
19,8579,4
19,13882,4
19,7027,4
19,4786,5
19,11025,5
19,14115,5
19,7883,4
19,2687,5
19,5673,4
19,8016,5
19,6114,3
19,11713,5
19,8974,5
19,13681,4
19,16113,5
19,16660,5
19,17088,5
19,15741,4
19,2190,4
19,6025,5
19,696,4
19,16798,5
19,11352,4
19,18660,4
19,10684,4
19,5989,4
19,5412,5
19,9087,5
19,2328,4
19,4257,4
19,2034,5
19,12281,5
19,682,5
19,9539,4
19,894,3
19,4175,3
19,2622,5
19,11555,5
19,14053,4
19,6111,5
19,2219,5
19,16723,4
19,3482,5
19,12567,5
19,17844,5
19,1336,5
19,5375,5
19,771,5
19,5660,4
19,1526,5
19,9021,5
19,5645,5
19,5342,4
19,3235,5
19,14308,5
19,12965,4
19,19112,5
19,15383,5
19,447,3
19,8027,4
19,6610,5
19,11695,5
19,9418,4
19,681,5
19,8038,5
19,12284,5
19,1432,5
19,919,4
19,2095,5
19,12265,5
19,10755,5
19,5952,5
19,5147,5
19,2985,5
19,1423,5
19,2945,4
19,9690,5
19,554,5
19,1986,5
19,1954,5
19,575,5
19,7498,4
19,8592,5
19,12454,5
19,15118,4
19,9837,4
19,5931,5
19,1909,5
19,15461,5
19,597,5
19,2389,5
19,2363,5
19,2012,5
19,4601,5
19,2444,5
19,2286,5
19,1955,5
19,15344,5
19,6008,5
19,10927,5
19,5057,5
19,19698,4
19,8958,5
19,17822,5
19,4607,4
19,2972,5
19,16563,5
19,1970,5
19,7453,5
19,3562,5
19,13058,5
19,9637,5
19,1874,5
19,626,4
19,6185,5
19,2357,4
19,9694,5
19,6736,5
19,1673,5
19,10970,5
19,4585,4
19,19908,5
19,13707,5
19,19620,5
19,18337,5
19,19870,3
19,16545,4
19,7486,5
19,543,3
19,392,5
19,2006,5
19,15834,4
20,13500,5
20,9522,5
20,15872,5
20,16008,5
20,12449,5
20,8363,5
20,16855,5
20,2018,5
20,12959,5
20,2028,5
20,10786,5
20,15154,5
20,10704,5
20,1846,5
20,16840,4
20,13566,4
20,13574,5
20,6212,3
20,3166,5
20,19258,5
20,9326,5
20,697,5
20,20366,5
20,693,5
20,9443,5
20,16734,5
20,16860,5
20,2998,5
20,1950,5
20,13609,4
20,15602,5
20,11944,3
20,16025,5
20,15152,5
20,9440,4
20,9756,5
20,6085,5
20,695,5
20,9596,5
20,2959,5
20,17080,5
20,9426,5
20,9458,5
20,18450,5
20,10767,5
20,12264,3
20,2333,5
20,16038,5
20,10776,5
20,4811,5
20,4813,5
20,475,5
20,5368,5
20,15140,5
20,8204,3
20,9757,5
20,15601,5
20,383,5
20,6855,5
20,1715,5
20,5948,3
20,6790,5
20,19705,5
20,7884,5
20,14843,5
20,19415,5
20,566,5
20,7824,5
20,16484,5
20,15696,5
20,16333,5
20,414,5
20,7878,5
20,7893,5
20,7831,5
20,7867,5
20,19369,5
20,9867,5
20,12956,5
20,9235,5
20,14825,5
20,15463,5
20,12376,5
20,12501,5
20,7836,5
20,16338,5
20,18380,5
20,10240,5
20,9787,5
20,15555,5
20,7335,5
20,3055,5
20,17134,5
20,9186,5
20,18908,2
20,17208,5
20,457,5
20,11085,5
20,18923,5
20,7734,5
20,17774,5
20,17209,5
20,14482,5
20,17948,5
20,1358,5
20,17885,5
20,10149,5
20,8981,5
20,6982,5
20,997,5
20,17591,5
21,21871,3
21,20873,4
21,20827,4
21,20464,3
21,20547,3
21,21712,3
21,20113,2
21,19822,2
21,21854,3
21,12729,3
21,20727,3
21,8241,4
21,21673,2
21,6692,4
21,19520,3
21,4646,3
21,12366,4
21,21201,3
21,21590,3
21,18593,3
21,21435,4
21,21603,3
21,21569,3
21,6174,4
21,16071,4
21,22224,3
21,19865,3
21,21026,3
21,22252,4
21,21797,3
21,21684,4
21,21631,1
21,21647,3
21,21587,3
21,21035,3
21,19633,4
21,21048,4
21,22193,2
21,4472,4
21,21146,4
21,21143,3
21,21624,3
21,21226,4
21,21090,4
21,22053,4
21,22300,2
21,19744,3
21,13047,2
21,15146,4
21,22023,4
21,6694,3
22,20751,5
22,19787,5
22,21050,5
22,19997,5
22,20982,5
22,19706,5
22,20661,5
22,20778,5
22,20947,5
22,20139,5
22,21038,5
22,21503,5
22,21585,5
22,20964,5
22,20299,5
22,21888,5
22,22128,5
22,22130,5
22,22078,5
22,20392,5
22,22219,5
22,21772,5
22,21750,5
22,20644,5
22,21958,5
23,21098,4
23,21582,5
23,22291,3
23,20808,5
23,21199,5
23,21147,5
23,21075,4
23,21028,5
23,20586,5
23,20580,5
23,20997,3
23,20991,5
23,20343,5
23,19324,5
23,21046,5
23,21412,3
23,21311,4
23,21420,4
23,20158,3
23,19728,5
23,21460,3
23,21532,5
23,21370,5
23,21397,5
23,20370,5
23,21363,3
23,21204,4
23,20887,3
23,20756,2
23,20731,5
23,20764,5
23,20360,5
23,20087,5
23,21151,4
23,22126,5
23,20243,5
23,20564,5
23,21388,5
23,22164,5
23,21639,4
23,19661,3
23,21759,5
23,21338,5
23,21955,4
23,20763,4
23,20032,5
23,21597,5
23,20983,3
23,21777,5
23,20219,5
23,21918,4
23,19912,5
23,21082,4
23,20891,5
23,20320,3
24,17314,4
24,7050,5
24,17062,5
24,1681,5
24,8114,5
24,9835,4
24,8525,5
24,15306,5
24,3126,5
24,13754,5
24,17849,5
24,18918,5
24,7734,5
24,7727,3
24,7709,5
24,16449,5
24,17393,4
24,7722,5
24,17503,5
24,7084,4
24,18001,4
24,17377,5
24,17378,4
24,18773,5
24,14944,5
24,7522,5
24,19972,3
24,17218,4
24,13195,3
24,14916,5
24,12533,5
24,11826,4
24,15491,5
24,19985,5
24,3138,5
24,16254,5
24,3137,3
24,8503,5
24,20652,5
24,4385,4
24,11824,5
24,20589,3
24,17071,5
24,7746,5
24,8085,5
24,2088,2
24,19528,4
24,2371,3
24,11823,3
24,19507,5
24,10991,5
24,17220,5
24,16636,4
24,9947,5
24,7761,3
25,18809,5
25,5555,2
25,2794,4
25,13228,5
25,11084,5
25,14109,5
25,13188,5
25,13410,5
25,3031,5
25,15481,3
25,5190,5
25,4277,5
25,4203,5
25,13323,5
25,12531,5
25,5257,4
25,5239,3
25,12292,4
25,14701,2
25,19047,2
25,22006,1
25,13202,5
25,8287,5
25,1794,5
25,14674,5
25,6365,5
25,14483,5
25,18551,2
25,13434,5
25,18177,3
25,2196,5
25,12833,2
25,4758,5
25,18826,5
25,2585,5
25,18051,4
25,6083,1
26,11142,4
26,571,5
26,447,5
26,5914,5
26,2766,4
26,3590,5
26,10719,4
26,969,5
26,7009,5
26,13096,5
26,2310,5
26,14448,5
26,11177,4
26,3625,5
26,4824,5
26,7244,5
26,12354,3
26,5739,5
26,11473,5
26,3596,5
26,3719,5
26,99,5
26,13210,5
26,3371,5
26,5717,5
26,9599,5
26,9012,5
26,878,4
26,52,5
26,8999,4
26,4462,4
26,3593,4
26,2668,4
26,11935,4
26,14121,5
26,949,5
26,4194,3
26,59,4
26,4146,4
26,9360,4
26,7250,4
26,10448,5
26,7229,4
26,14379,4
26,283,5
26,14169,5
27,249,5
27,10083,4
27,15493,5
27,18271,4
27,3481,4
27,3881,5
27,2186,5
27,1780,4
27,2851,5
27,2843,5
27,15056,4
27,3493,5
27,3309,3
27,2852,5
27,4707,3
27,13455,5
27,4267,4
27,2859,4
27,8119,5
27,13041,5
27,14070,5
27,1848,5
27,6458,3
27,20676,5
27,8825,5
27,4867,5
27,2881,1
27,19237,5
27,4742,1
27,15745,5
27,10150,4
27,15492,5
27,3474,5
27,6809,4
27,161,5
27,9618,5
27,8184,2
27,1277,5
27,6414,5
27,4763,4
27,6711,3
27,10177,5
27,3630,3
27,2865,5
27,2858,5
27,4701,5
27,2870,5
27,5325,4
27,2382,3
27,64,5
28,4478,5
28,1368,5
28,3409,5
28,1308,5
28,6641,5
28,5951,5
28,1310,4
28,1386,5
28,6627,5
28,7974,5
28,4616,5
28,4979,5
28,13633,5
28,4815,5
28,13634,5
28,20261,4
28,3518,3
28,4793,5
28,6564,5
28,629,5
28,4980,5
28,13635,5
28,6563,5
28,3441,5
28,6760,5
28,12923,5
28,20608,5
28,5938,5
28,4111,5
28,5400,5
28,2219,5
28,617,5
28,6639,5
28,20912,5
28,21009,5
28,9820,2
28,19663,3
28,20130,3
28,4625,5
29,20581,4
29,21148,5
29,20992,4
29,16196,5
29,20853,5
29,20945,4
29,20944,5
29,20132,4
29,19840,5
29,20079,5
29,19887,3
29,19629,5
29,21384,5
29,19784,4
29,19838,5
29,20088,5
29,19569,5
29,19796,5
29,20050,4
29,20185,5
29,21967,4
29,20292,5
29,21506,4
29,21568,5
29,20161,2
29,21225,5
29,21404,5
29,20861,4
29,21449,3
29,21477,4
29,20906,5
29,21102,5
29,21264,5
29,20267,4
29,21608,5
29,21212,5
29,20805,5
29,20149,5
29,21430,5
29,21387,4
29,21964,5
29,21083,4
29,21984,5
29,19877,5
29,20234,4
29,20794,5
29,21349,5
29,21574,4
29,21583,5
29,21548,5
29,4969,5
29,20187,4
29,20810,4
29,20313,5
29,21929,5
29,20715,4
29,20211,4
29,21540,5
29,20459,5
29,19750,4
29,20638,5
29,20709,5
29,20874,4
29,21521,4
29,22028,5
29,19935,3
29,20577,3
29,20823,4
29,20984,4
29,20601,4
29,19792,1
29,20786,4
29,20738,2
29,22179,5
29,21956,4
29,22169,5
29,6530,5
29,3065,5
29,22289,5
29,22036,5
29,19966,5
29,21763,4
29,21562,3
29,21512,5
29,20361,5
29,22005,5
29,20159,5
29,20527,3
29,20431,3
29,20574,5
29,19900,4
29,20265,4
29,20125,4
29,19949,5
29,20073,3
29,20004,4
29,20191,4
29,20171,5
29,20080,5
29,19899,4
29,20289,5
29,20131,3
29,20129,5
29,20138,5
29,19826,5
29,20047,5
29,20274,4
29,20121,4
29,20134,4
29,20455,4
29,20045,2
29,20414,4
29,20549,4
29,20284,4
29,20363,4
29,19818,5
29,19813,5
29,21312,4
29,21607,5
29,22081,5
29,21941,4
29,22051,5
29,20971,4
29,21352,5
30,10803,4
30,3304,5
30,5612,5
30,1704,5
30,13790,5
30,13125,5
30,1823,5
30,17930,5
30,14483,5
30,10783,4
30,6004,4
30,10748,5
30,10735,5
30,10767,4
30,9169,5
30,10822,5
30,10362,5
30,2582,4
30,18307,5
30,3230,5
30,1576,5
30,13042,4
30,12627,4
30,3664,4
30,7879,5
30,10820,5
30,10798,5
30,2125,3
30,6737,4
30,10739,5
30,18223,4
30,22298,5
30,17455,5
30,10895,4
30,8707,3
30,5112,5
30,17015,5
30,17434,5
30,17424,4
30,6713,4
30,8711,5
30,11557,5
30,3824,5
30,17016,5
30,15959,3
30,495,3
30,1713,4
30,9149,3
30,16314,5
30,7856,5
30,3340,4
30,10782,5
30,13132,4
30,13639,5
30,11839,3
30,18343,5
30,9412,5
30,16583,3
30,9222,5
30,17531,5
30,9442,5
30,9220,4
30,17844,5
30,807,5
30,12971,5
30,15850,5
30,15337,5
30,11346,5
30,4059,5
30,10841,5
30,11845,5
30,7544,4
30,2651,5
30,15438,4
30,11847,4
30,13157,5
30,10959,5
30,18669,5
30,3573,3
30,13020,5
30,16023,5
30,10496,5
30,16901,5
30,3554,5
30,3581,5
30,13760,5
30,13217,5
30,10849,5
30,5054,4
30,10801,4
30,15813,5
30,18807,5
30,9664,5
30,18363,5
30,17946,5
30,12034,5
30,13342,5
30,17985,5
30,11151,5
30,17099,4
30,497,4
30,14148,5
30,17529,5
30,18198,5
30,11113,5
30,9230,5
30,18618,4
30,6738,5
30,17459,5
30,17843,5
30,7909,5
31,21271,4
31,21276,4
31,21221,4
31,22022,5
31,20892,4
31,20748,5
31,21360,4
31,18020,4
31,21578,5
31,2702,4
31,21834,5
31,21764,4
31,21037,5
31,14185,5
31,10988,5
31,21062,5
31,20985,5
31,14182,5
31,14176,5
31,21332,4
31,22097,5
31,11138,3
31,21317,4
31,18019,4
31,21301,5
31,2274,5
31,21826,5
31,21272,4
31,9126,5
31,14189,5
31,21082,4
31,22135,5
31,22166,5
31,22072,5
31,20952,4
31,22225,5
31,22142,4
31,22052,4
31,22305,5
32,21361,5
32,1011,3
32,11284,4
32,14130,3
32,14529,5
32,20651,5
32,9447,3
32,2701,4
32,21130,4
32,9437,5
32,8890,5
32,22124,3
32,980,4
32,3049,3
32,21729,1
32,642,5
32,1952,4
32,15802,2
32,5493,1
32,3672,5
32,8341,3
32,15801,5
32,415,3
32,1501,3
32,2032,2
32,13032,5
32,11202,2
32,10969,2
32,19965,4
32,567,1
32,11694,3
32,13461,3
32,10980,5
32,11917,4
32,19652,4
32,15822,5
32,12732,2
32,19868,5
32,422,5
32,3545,4
32,3683,5
32,3030,5
32,19735,5
32,16458,3
32,655,4
32,1826,4
32,352,1
32,15792,5
32,1898,5
32,577,2
32,350,2
32,5587,4
32,575,4
32,647,2
32,9142,5
32,10328,2
32,2320,3
32,2987,4
32,2308,5
32,17313,4
32,12104,5
32,759,2
32,15231,5
32,3663,4
32,12087,3
32,19585,5
32,15585,5
32,13029,5
32,14531,4
32,13534,4
32,20721,5
32,12739,5
32,3337,5
32,15587,5
32,31,5
32,517,4
32,4314,4
32,20264,4
32,172,5
32,6210,5
32,19638,3
32,19700,5
32,19549,4
32,11898,4
32,3540,4
32,10648,3
32,1671,5
32,15216,5
32,10934,3
32,19332,4
32,10627,2
32,5615,5
32,5683,5
32,834,4
32,3608,5
32,9433,3
32,9442,4
32,793,3
32,3775,4
32,16781,3
32,9053,4
32,3578,5
32,9495,2
32,13524,4
32,4666,3
32,3720,5
32,681,3
32,730,4
32,405,3
32,11017,4
32,811,3
32,19625,5
32,8362,4
32,15588,5
32,3013,3
32,14110,4
32,7253,5
32,4191,2
32,14473,4
32,6073,5
32,20975,5
32,16964,5
32,17083,1
32,2013,3
32,2434,4
32,16505,4
32,20940,5
32,8872,5
32,21144,4
32,21081,5
32,3724,5
32,8334,2
32,3722,3
32,1004,5
32,935,5
32,3736,4
32,4211,5
32,8982,4
32,9399,5
32,2654,3
32,11652,5
32,3716,5
33,21141,4
33,20524,1
33,20388,4
33,19742,5
33,8884,5
33,21104,4
33,20007,5
33,20420,4
33,7242,5
33,19731,5
33,20481,4
33,19660,5
33,20351,4
33,4282,5
33,20072,5
33,20171,5
33,20097,4
33,20184,5
33,14761,5
33,13455,4
33,16797,5
33,20597,5
33,3564,5
33,19615,5
33,2311,4
33,20276,5
33,20160,3
33,20999,5
33,21044,4
33,19341,4
33,19583,3
33,21630,5
33,21655,2
34,6097,5
34,549,5
34,11765,5
34,3551,5
34,17,5
34,3376,5
34,4124,4
34,4115,5
34,6562,4
34,851,5
34,8027,5
34,9099,5
34,9561,4
34,13955,2
34,2155,3
34,8915,5
34,16227,5
34,7186,4
34,5023,3
34,7264,4
34,3553,5
34,16403,4
34,2153,5
34,2151,5
34,10654,3
34,2146,5
34,2786,5
34,8907,5
34,8320,4
34,2143,5
34,2152,5
34,15960,5
34,2084,4
34,308,5
34,1945,5
34,9694,5
34,3854,5
34,11825,5
34,633,5
34,15951,3
34,9689,5
34,6907,3
34,9693,5
34,7789,5
34,2275,5
34,4111,5
34,4980,3
34,4117,5
34,7182,5
34,2150,5
34,2147,4
34,2144,5
34,12169,4
35,7992,5
35,1871,5
35,6012,5
35,4568,5
35,19919,4
35,16168,1
35,707,4
35,9034,5
35,11455,5
35,3078,4
35,13600,5
35,13222,5
35,13227,4
35,13229,5
35,11036,3
35,13642,5
35,812,4
35,13587,5
35,17905,5
35,17904,5
35,4401,5
35,14079,4
35,3194,3
36,16716,5
36,7735,5
36,7736,5
36,15704,5
36,17472,3
36,17982,5
36,15707,4
36,16174,5
36,17479,4
36,7121,5
36,7122,5
36,7525,5
36,12762,2
36,17221,5
36,7527,5
36,17071,5
36,7123,5
36,7533,5
36,10903,5
36,7100,3
36,11268,5
36,17948,5
36,8624,5
36,17440,5
36,14945,5
36,17442,5
36,9821,4
36,17423,5
36,18714,1
36,6667,5
36,7779,5
36,15703,2
36,7708,4
36,17289,3
36,17136,5
36,17466,3
36,11273,5
36,15557,5
36,17143,5
36,13386,5
36,17428,4
36,7522,5
36,17449,3
37,21267,5
37,21071,5
37,21555,4
37,21649,5
37,21650,4
37,21651,5
37,21027,5
37,19971,3
37,20621,5
37,21553,5
37,20079,5
37,20239,4
37,21600,5
37,21568,4
37,21263,5
37,21490,5
37,21354,5
37,21311,5
37,20995,5
37,20293,5
37,20353,5
37,20463,4
37,20839,5
37,20753,4
37,20983,5
37,21707,5
37,20954,5
37,19458,5
37,20812,5
37,20595,5
37,21199,4
37,20718,5
37,20730,5
37,21075,5
37,21034,5
37,20089,5
37,20933,4
37,20686,5
38,13141,4
38,9520,2
38,17668,2
38,20378,1
38,20591,2
38,20010,3
38,21273,1
38,20011,5
38,19860,5
38,20913,2
38,21088,2
38,19706,3
38,21411,1
38,21208,3
38,21330,5
38,3846,5
38,21698,1
38,21293,4
38,20962,4
38,21535,4
38,21364,3
38,21722,4
38,21606,5
38,21842,2
38,21756,3
38,21232,1
38,21872,4
38,21727,5
38,21805,5
38,21583,5
38,21822,5
39,4239,5
39,269,5
39,4001,5
39,19711,5
39,5364,5
39,13131,4
39,1982,5
39,14722,4
39,9012,5
39,10667,3
39,10297,5
39,19613,4
39,851,5
39,6593,4
39,1308,5
39,4020,5
39,19489,4
39,6167,4
39,1074,5
39,17818,5
39,3910,5
39,19832,5
39,3911,5
39,4146,5
39,17813,5
39,12238,5
39,4587,4
39,4594,4
39,1800,5
39,7899,4
39,7302,5
39,4796,4
39,2277,5
39,283,5
39,4396,4
40,2440,1
40,19588,4
40,12088,5
40,5337,4
40,325,4
40,12172,2
40,2924,4
40,2485,5
40,12119,5
40,5909,5
40,2880,3
40,12161,4
40,2910,3
40,2206,5
40,2503,5
40,300,5
40,4768,4
40,12081,3
40,7490,3
40,2418,4
40,185,3
40,4770,3
40,5324,5
40,4685,3
40,4738,5
40,2777,5
40,19257,5
40,5045,5
40,274,5
40,6151,5
40,19317,4
40,4868,5
40,4290,3
40,3347,1
40,2893,4
40,2414,4
40,6188,5
40,7466,5
40,3985,4
40,2396,4
40,2548,5
40,3465,4
40,3527,4
40,7865,4
40,4747,3
40,2392,4
40,6193,5
40,2385,5
40,8187,5
40,4310,3
40,19362,5
40,2903,4
40,4241,5
40,13546,2
40,2814,4
40,5333,4
40,4307,4
40,3090,4
40,2386,1
40,5332,3
40,6156,3
40,4787,3
40,6191,3
40,3177,3
40,8353,5
40,736,2
40,3097,4
40,13581,4
40,13584,3
40,756,4
40,3067,5
40,839,4
40,10443,4
40,16902,4
40,16564,2
40,4895,4
40,7887,5
40,7393,3
40,16554,4
40,700,5
40,8339,4
40,3087,5
40,7828,5
40,482,4
40,7860,5
40,3011,4
40,15933,4
40,16705,2
40,20561,3
40,18829,5
40,19341,4
40,20472,4
40,5502,4
40,11437,4
40,11118,2
40,8919,5
40,2709,5
40,5469,5
40,11615,4
40,11315,4
40,21554,5
40,22208,5
40,12341,3
40,18806,4
40,3121,4
40,13224,5
40,16987,3
40,5549,5
40,12527,5
40,14746,4
40,776,4
40,453,4
40,381,2
40,4047,3
40,12337,3
40,3189,4
40,3093,4
40,20981,5
40,13561,5
40,2334,4
40,11029,4
40,8399,4
40,4775,4
40,417,4
40,6177,5
40,12855,4
40,5339,4
40,423,5
40,12858,5
40,16124,2
40,4663,4
40,12331,3
40,8403,4
40,12864,4
40,12577,5
40,12851,5
40,12854,4
40,5334,3
40,12133,4
40,7673,2
40,7576,2
40,4677,3
40,2422,2
40,8395,2
40,4660,3
40,3160,5
40,131,4
40,12852,5
40,495,3
40,624,4
40,19814,5
40,2981,4
40,379,4
40,3772,3
40,3536,4
40,380,3
40,576,3
40,631,3
40,476,5
40,2016,2
40,4755,3
40,2224,5
40,438,3
40,518,5
40,2951,2
40,2925,3
40,2958,3
40,12123,5
40,16471,3
40,498,3
40,4712,2
40,2946,5
40,6202,4
40,15945,4
40,578,5
40,4007,4
41,13403,5
41,19155,5
41,7764,5
41,10460,5
41,1032,5
41,10515,5
41,22143,5
41,6305,5
41,18046,5
41,18162,5
41,17255,5
41,19046,5
41,13746,5
41,18047,5
41,13408,5
41,10053,5
41,9335,5
41,15645,5
41,10891,5
41,14819,5
41,19138,5
41,9318,5
41,17965,5
41,9185,5
41,20215,5
41,14319,5
41,19289,5
41,18829,5
42,20457,4
42,19783,4
42,20813,5
42,21826,5
42,20705,4
42,22202,5
42,20819,5
42,21235,5
42,20598,4
42,20882,4
42,22180,5
42,21154,4
42,19661,5
42,20691,5
42,20855,5
42,20562,4
42,20781,5
42,20358,4
42,20683,4
42,21076,5
42,22032,5
42,20293,3
42,19894,3
42,19966,3
42,20698,3
42,21363,4
42,20733,5
42,20973,3
42,21382,5
42,20189,1
42,20217,3
42,8877,4
42,21251,5
42,21625,5
42,21748,4
42,21702,5
42,21835,5
42,21703,5
42,21710,5
42,21679,5
42,21469,5
42,21426,5
42,21440,5
42,20776,3
42,21501,5
43,5222,5
43,7780,5
43,10755,4
43,10737,1
43,580,5
43,9814,2
43,5172,5
43,5196,5
43,8846,3
43,2367,3
43,7596,5
43,8740,5
43,466,4
43,19610,5
43,10939,4
43,2788,5
43,5966,5
43,4532,5
43,15866,5
43,8738,5
43,10334,4
43,8737,5
43,7339,5
43,12411,5
43,5949,4
43,15955,5
43,4812,2
43,8741,5
43,12086,1
43,13085,4
43,1720,3
43,12795,4
43,7779,5
43,15289,5
43,401,4
43,10066,3
43,10421,4
43,2539,3
43,3753,3
43,5874,5
43,2133,5
43,7170,5
43,16172,5
43,12569,4
43,2131,5
43,5933,3
43,15020,5
43,5862,5
43,13331,5
43,2360,4
43,7268,3
43,10731,4
43,16459,3
43,10645,5
43,18630,5
43,15554,3
43,15552,5
43,18584,5
43,7169,3
43,8633,5
43,19196,5
43,1291,5
43,12894,5
43,2125,4
43,16097,5
43,17973,5
43,5234,5
43,2787,5
43,10127,3
43,5017,3
43,5577,5
43,4850,5
43,766,5
43,13158,5
43,6002,2
43,12631,3
43,5676,4
43,17608,5
43,16873,5
43,13782,5
43,8300,5
43,13789,2
43,3662,2
43,17652,3
43,8299,5
43,16609,3
43,1288,5
43,13783,3
43,8302,5
43,14496,2
43,16870,5
43,17610,4
43,16815,5
43,8310,5
43,15338,1
43,17091,5
43,7321,5
43,13780,5
43,13349,5
43,13785,3
43,13776,5
43,13779,5
43,20409,4
43,3404,5
43,17594,4
43,13164,4
43,13714,5
43,13352,5
43,16814,4
43,16245,3
43,17638,5
43,9619,5
43,11579,3
43,6778,5
43,17502,1
43,13778,4
43,16173,5
43,8303,5
43,12648,5
43,10916,3
43,1135,2
43,1184,2
43,8306,5
43,11748,3
43,13324,5
43,1039,5
43,5810,5
43,16062,5
43,13784,3
43,5031,4
44,3174,5
44,13132,3
44,10746,5
44,17220,5
44,13569,2
44,10807,5
44,15707,5
44,5469,3
44,10899,2
44,3025,3
44,16494,5
44,10888,2
44,3205,2
44,12772,5
44,6196,5
44,396,5
44,16306,5
44,16307,5
44,6586,3
44,1717,4
44,13549,5
44,13614,5
44,5856,5
44,3099,4
44,11555,5
44,18365,4
44,14205,4
44,17536,5
44,5902,4
44,3013,5
44,9798,5
44,14526,4
44,17858,4
44,8727,5
44,16990,4
44,7757,3
44,17976,4
44,17106,4
44,4170,3
44,14444,4
44,5688,4
44,11351,4
44,5898,5
44,10715,5
44,9408,5
44,2614,5
44,14114,5
44,17534,3
44,13720,5
44,12334,4
44,10636,4
44,17420,5
44,11695,5
44,13232,5
44,2684,4
44,16867,4
44,13511,4
44,17595,4
44,3110,4
44,11482,5
44,13983,4
44,8413,3
44,15889,5
44,17257,5
44,17314,5
44,19078,5
44,17368,4
44,17943,5
44,13984,5
44,17281,5
44,13374,5
44,17375,4
44,4047,4
44,17642,5
44,8256,5
44,809,4
44,1681,5
44,7058,5
44,18425,5
44,13793,5
44,7224,5
44,11589,5
44,6121,5
44,14474,5
44,2695,3
44,5303,5
44,14162,5
44,14534,1
44,4092,4
44,12964,5
44,14442,5
44,8410,5
44,11296,5
44,17932,5
44,2706,5
44,8637,5
44,5701,5
45,16184,5
45,15581,5
45,11434,5
45,13206,5
45,16823,5
45,12628,5
45,12077,5
45,12076,5
45,13154,5
45,11739,5
45,11766,5
45,16721,5
45,2054,5
45,2115,5
45,697,5
45,18304,5
45,1848,5
45,17114,5
45,16941,5
45,6986,5
45,8937,5
45,9766,5
45,19271,5
45,15349,5
45,8477,5
45,9109,5
45,11291,5
45,16942,5
45,17941,5
45,20298,5
45,19495,5
45,10022,4
45,13207,5
45,383,5
45,20430,5
45,16031,5
45,13200,5
45,4741,5
45,16940,5
45,7154,4
45,16938,5
45,8463,5
45,12065,5
45,12486,5
45,16528,5
45,17115,4
46,7609,4
46,19975,4
46,9162,2
46,550,3
46,551,2
46,1700,4
46,2525,4
46,9477,3
46,503,3
46,8213,4
46,3298,5
46,5954,3
46,7983,4
46,5947,4
46,8240,3
46,10606,3
46,21481,3
46,21466,3
46,8253,4
46,2918,5
46,18003,4
46,8210,4
46,8215,3
46,13257,4
46,8211,4
46,8252,3
46,14736,4
46,14203,1
46,20400,4
46,9718,2
46,9445,5
46,4455,3
46,16973,4
46,13074,2
46,8250,3
46,21070,3
46,20885,5
46,17919,4
46,17880,5
46,5442,5
46,3280,4
46,11579,3
46,8243,4
46,13439,4
46,4190,4
46,14859,4
46,2604,5
46,10665,3
46,14336,4
46,2989,3
46,16607,3
46,15156,2
46,20136,5
46,8221,3
46,5614,4
46,12903,3
46,20068,5
46,8197,4
46,6003,2
46,25,3
46,15971,4
46,12937,4
46,3605,3
46,17076,2
46,17075,5
46,2562,4
46,13676,4
46,18376,3
46,6968,5
46,4977,2
46,8227,5
46,11685,5
46,13587,3
46,8223,4
46,20401,5
46,20388,4
46,9421,4
46,20273,4
46,2530,5
46,3826,3
46,5928,3
46,3300,3
46,10847,4
46,7934,3
46,3534,3
46,3660,3
46,331,3
46,1549,3
46,9272,3
46,9271,2
46,14886,4
46,11684,5
46,2917,4
46,6584,3
46,2928,5
46,3242,4
46,16122,4
46,4471,4
46,16001,3
46,6592,1
46,2296,4
46,6587,4
46,9007,4
46,11702,4
46,12408,4
46,9011,4
46,6600,5
46,2477,3
46,3255,3
46,12213,5
46,18590,2
46,12910,4
46,12240,3
46,17805,3
46,16620,4
46,2026,3
46,2531,4
46,8208,3
46,517,3
46,6532,4
46,5777,2
46,6017,4
46,6205,5
46,2496,5
46,231,5
46,8200,3
46,7233,4
46,5911,5
47,17573,5
47,20996,4
47,6994,1
47,5254,5
47,5250,3
47,5212,3
47,5177,3
47,20746,5
47,177,5
47,20554,4
47,14278,1
47,20850,5
47,5219,3
47,17523,4
47,17719,3
47,8178,5
47,1467,5
47,21618,2
47,5230,3
47,21372,4
47,5263,5
47,19045,4
47,4197,3
47,20364,4
47,21085,4
47,20187,5
47,17904,4
47,20840,5
47,1436,2
47,14542,4
47,19706,3
47,20848,5
47,19827,3
47,21119,4
47,20889,5
47,5217,4
47,15169,1
47,19772,5
47,5268,3
48,20967,2
48,10715,5
48,21557,4
48,21764,5
48,7502,2
48,3775,2
48,11884,2
48,7483,5
48,6204,3
48,7482,5
48,1824,5
48,6179,1
48,19928,5
48,21524,3
48,20247,5
48,12120,5
48,20338,5
48,20408,5
48,13273,1
48,20684,3
48,19597,2
48,20248,5
48,20372,4
48,21144,4
48,20586,2
48,20753,1
48,21081,1
48,20757,5
48,20771,3
48,2311,5
48,21029,5
48,21385,2
49,12911,5
49,645,5
49,18729,5
49,13847,5
49,18703,5
49,12425,5
49,13828,5
49,5820,5
49,3779,5
49,505,5
49,8163,5
49,3240,5
49,627,5
49,16752,5
49,2588,5
49,8955,5
49,893,5
49,4054,5
49,10132,5
49,3809,5
49,2599,5
49,5843,5
49,14343,5
49,13808,5
49,16629,5
49,4035,5
49,11923,5
49,2437,5
49,2752,5
49,4142,5
49,14458,5
49,11922,5
49,13733,5
49,8051,5
49,16009,5
49,17353,5
49,8216,5
49,17351,5
49,13256,5
49,7358,5
49,10536,5
49,3781,5
49,4150,5
49,8950,5
50,8856,5
50,1828,3
50,8316,4
50,3521,5
50,3229,3
50,6009,3
50,237,4
50,569,5
50,11745,4
50,1251,5
50,2025,4
50,15959,2
50,3304,5
50,1788,4
50,13743,3
50,16780,3
50,16779,4
50,12573,4
50,834,4
50,7755,5
50,3692,3
50,13608,2
50,1996,4
50,793,4
50,8853,4
50,16659,4
50,14657,5
50,10496,5
50,3579,5
50,13578,4
50,8314,5
50,18145,4
50,14853,4
50,4745,5
50,15159,5
50,14732,5
50,12147,3
50,11731,5
50,1702,5
50,346,4
50,1824,5
50,1859,4
50,11711,4
50,5996,5
50,1714,4
50,16051,4
50,12861,5
50,1707,5
50,7763,5
50,16072,4
50,490,5
51,12272,4
51,909,5
51,3903,5
51,6318,5
51,7947,5
51,5592,4
51,447,5
51,4815,3
51,5782,5
51,5717,5
51,5833,5
51,7303,5
51,7594,5
51,5904,5
51,15962,4
51,9012,5
51,401,5
51,10839,3
51,4979,5
51,8066,3
51,12880,3
51,6525,3
51,7308,5
51,935,4
51,357,5
51,13727,5
51,1413,5
51,7311,5
51,7299,5
51,313,5
51,6120,5
51,6568,5
51,21429,3
51,21033,1
51,852,5
52,5781,5
52,12855,3
52,295,2
52,2918,4
52,197,4
52,347,3
52,371,3
52,8191,4
52,2378,4
52,9860,2
52,7378,5
52,2836,5
52,10061,5
52,2377,4
52,9364,4
52,2856,5
52,3498,3
52,1093,5
52,15690,3
52,2889,4
52,12111,4
52,14976,3
52,6809,4
52,15315,4
52,6191,3
52,12861,2
52,21270,3
52,20869,2
52,2056,5
52,17461,5
52,22076,5
53,10936,5
53,11003,3
53,16025,1
53,8349,3
53,16233,3
53,18314,5
53,14903,3
53,5536,2
53,19597,3
53,11706,4
53,8360,5
53,4050,4
53,1952,4
53,566,5
53,19382,5
53,4025,4
53,2964,5
53,8370,3
53,10765,4
53,16543,2
53,10941,3
53,2352,3
53,700,5
53,4983,3
53,16321,4
53,10946,3
53,15467,4
53,8637,5
53,8350,3
53,7266,5
53,10945,3
53,8346,5
53,716,5
53,12749,2
53,1497,4
53,8341,2
53,8265,5
53,19821,5
53,2001,5
53,10793,4
53,10947,3
53,8376,5
53,8401,4
53,13063,3
53,18610,3
53,16531,3
53,9070,4
53,898,5
53,3530,4
53,379,3
53,16471,4
53,565,4
53,306,4
54,6598,4
54,5067,3
54,1926,4
54,1644,4
54,1769,2
54,416,4
54,12138,4
54,432,4
54,5584,5
54,1872,4
54,4719,4
54,3311,4
54,6749,2
54,18568,5
54,15489,4
54,193,3
54,15297,3
54,15582,3
54,1162,5
54,15125,2
54,1610,4
54,2809,4
54,4722,4
54,15592,5
54,15573,4
54,8590,4
54,1443,3
54,9259,4
54,14853,3
54,3217,5
54,1686,4
54,1157,5
54,348,5
54,15789,5
54,18229,5
54,8845,5
54,10001,5
54,11669,3
54,9098,1
54,9469,3
54,9883,5
54,15080,4
54,8281,3
54,10353,5
54,2178,2
54,15082,5
54,4713,3
54,3813,2
54,19380,5
54,1737,4
54,18460,4
54,3644,4
54,4736,4
54,1897,2
54,3688,2
54,8060,4
54,8728,5
54,15233,4
54,4928,4
54,13295,5
54,9108,5
54,9456,4
54,1669,5
54,1994,3
54,5081,4
54,9077,3
54,9419,4
54,5371,2
54,16472,4
54,6718,3
54,9468,4
54,4158,2
54,12605,4
54,9429,5
54,1632,5
54,1684,5
54,12011,2
54,15780,4
54,3830,3
54,5066,2
54,1963,3
54,18254,1
54,6973,4
54,5094,3
54,20059,2
54,16910,5
54,3829,4
54,6969,4
54,6803,4
54,12869,4
54,6717,3
54,10622,3
54,8170,3
54,18342,4
54,828,4
54,5075,3
54,6963,4
54,1603,4
54,5062,5
54,3831,4
54,8523,4
54,8976,4
54,2283,2
54,5070,4
54,5121,3
54,1170,4
54,1742,4
54,6974,4
54,16962,5
54,6970,4
54,16201,5
54,1685,4
54,9400,4
54,2943,4
54,13507,2
54,15805,3
54,6795,5
54,10915,5
55,1472,5
55,19087,5
55,17350,4
55,16835,5
55,1029,5
55,18092,5
55,12466,5
55,8888,5
55,7901,5
55,9322,5
55,21361,5
55,16402,5
55,17229,5
55,19174,5
55,18448,5
55,21168,5
55,19225,5
55,16363,4
55,11333,4
55,21091,5
55,17928,5
55,3141,2
55,17975,5
55,9779,5
55,18310,3
55,17054,5
55,16169,5
55,1896,5
55,15433,5
55,17052,5
55,13998,3
55,12786,2
55,12704,5
55,19586,4
55,15550,5
55,16776,5
55,17053,5
55,15331,4
55,11189,3
55,11724,5
55,10122,3
55,942,3
55,15355,2
55,9918,3
55,16608,4
55,16876,5
55,12706,5
55,7337,5
56,20214,5
56,19720,5
56,20159,4
56,19650,4
56,20171,5
56,13641,5
56,19524,5
56,16530,5
56,10393,2
56,20066,4
56,20323,5
56,20306,5
56,20349,5
56,13391,5
56,20654,4
56,19787,5
56,19826,5
56,19859,5
56,20274,5
56,20361,3
56,20334,5
56,10415,5
56,20488,5
56,13801,4
56,20163,5
56,20448,4
56,20164,5
56,20628,5
56,19966,5
56,20595,4
56,10523,5
56,19807,5
56,20552,5
56,20412,5
56,20345,4
56,20097,4
56,19897,5
56,19771,1
56,20989,5
56,20330,5
56,20977,5
56,20597,5
56,20579,5
56,20442,3
57,17396,1
57,17380,3
57,5716,5
57,17144,5
57,11423,5
57,17228,2
57,17286,4
57,14163,3
57,14093,5
57,17191,5
57,13380,3
57,4809,5
57,4821,5
57,4224,3
57,17357,5
57,7069,1
57,17385,5
57,13795,5
57,18898,4
57,17358,3
57,17192,5
57,3049,1
57,14160,5
57,17325,4
57,17369,5
57,15204,5
57,7059,5
57,17755,5
57,17754,5
57,17355,5
57,11413,5
57,11610,5
57,7068,5
57,11275,5
57,7079,3
58,9455,4
58,15841,4
58,15126,4
58,2249,4
58,3514,3
58,1882,4
58,15478,5
58,9129,4
58,11773,4
58,8423,5
58,14985,5
58,95,5
58,15583,4
58,75,5
58,7591,4
58,9003,5
58,9892,3
58,6892,3
58,1692,4
58,9257,4
58,18147,4
58,16382,5
58,9287,4
58,16907,5
58,3504,1
58,14739,3
58,12743,5
58,14385,4
58,16377,5
58,2878,4
58,18148,5
58,12421,3
58,18534,5
58,2347,4
58,6614,3
58,16380,5
58,3691,5
58,6728,5
58,14509,5
59,5262,4
59,6429,4
59,13008,5
59,14821,4
59,10069,3
59,19272,4
59,1585,4
59,11095,5
59,15290,5
59,18093,5
59,19316,5
59,18169,4
59,13923,4
59,16290,4
59,19515,4
59,15483,4
59,13892,4
59,17653,3
59,5182,4
59,10029,4
59,16600,3
59,19261,5
59,19685,4
59,2840,4
59,18916,4
59,16897,4
59,18098,4
59,10386,4
59,15203,5
59,19503,4
59,2841,4
60,6540,5
60,19786,5
60,19788,5
60,20557,5
60,20032,5
60,20290,5
60,19339,5
60,10049,5
60,16845,5
60,21332,5
60,21221,5
60,21082,5
60,20991,5
60,21147,5
60,21302,4
60,21656,5
60,21174,5
60,20463,5
60,20302,5
60,4260,5
60,4009,5
60,4008,5
60,3992,5
60,2300,5
60,4003,5
60,7439,5
60,6773,5
60,9297,5
60,19797,5
60,3983,5
60,20076,5
60,2346,5
60,20231,5
60,4294,5
60,4358,5
60,20166,5
60,20177,5
60,4337,5
60,4272,5
61,21709,5
61,20991,5
61,20780,5
61,21602,5
61,21775,5
61,20825,5
61,20630,5
61,21410,5
61,21065,5
61,20690,5
61,21576,5
61,21402,5
61,19325,5
61,21221,5
61,21082,5
61,21977,5
61,19626,5
61,20299,5
61,20764,5
61,21601,5
61,21594,5
61,21332,5
61,20087,5
61,21355,5
61,20607,5
61,19530,5
61,21953,5
61,21600,5
61,21759,5
61,21275,5
61,21115,5
61,20497,5
61,21800,5
61,20909,5
61,20564,5
61,20386,5
61,19529,5
61,20219,5
61,19525,5
61,19322,4
61,20023,5
61,19678,5
61,19835,4
61,19410,5
61,20792,5
61,20171,5
61,19470,5
61,19538,5
61,20667,5
62,17423,2
62,19199,5
62,17386,5
62,11610,5
62,17482,4
62,18803,4
62,9547,4
62,17398,5
62,7060,5
62,7103,5
62,7065,5
62,7107,5
62,7117,5
62,11619,5
62,7116,5
62,11632,5
62,17651,4
62,7105,5
62,7093,5
62,11617,4
62,17094,3
62,18900,5
62,3051,5
62,17456,5
62,7719,5
62,5724,4
62,2675,5
62,5753,3
62,13167,3
62,17960,5
62,10674,5
62,5736,5
62,17266,4
62,17288,5
62,7063,5
62,7108,5
62,4168,5
62,7053,5
62,14458,5
62,2754,5
62,11442,4
62,11261,3
62,17542,5
62,12933,4
62,5513,5
62,2749,4
62,17281,4
62,7049,5
62,13795,5
62,11413,5
62,11411,4
62,17505,5
62,17451,3
62,7097,3
62,7109,5
62,7129,5
62,17362,5
62,7102,5
62,17441,5
62,7127,5
62,7130,5
62,7106,5
62,7099,5
63,17608,2
63,16823,5
63,17629,5
63,17264,5
63,4179,5
63,13267,5
63,11589,5
63,8301,5
63,13778,5
63,17266,5
63,8635,5
63,18002,4
63,17454,4
63,6215,5
63,13012,5
63,6434,5
63,17216,5
63,17218,5
63,7722,5
63,6333,5
63,17383,5
63,15869,5
63,17432,5
63,17469,5
63,17419,5
63,17363,5
63,13780,5
63,637,5
63,10456,5
63,2967,4
63,4033,5
63,7864,5
63,13248,5
63,10343,4
63,403,5
63,13422,5
63,1829,5
63,4019,5
63,542,5
63,2148,5
63,2321,5
63,567,5
63,7556,5
63,12489,5
63,16485,5
63,15761,5
63,16481,5
63,10564,4
63,13774,5
63,10436,5
64,12539,4
64,8442,4
64,4102,5
64,20201,4
64,15576,5
64,8322,5
64,15205,5
64,16436,5
64,19931,5
64,10920,5
64,18303,5
64,3348,5
64,19759,5
64,12829,5
64,17905,5
64,9494,5
64,5771,5
64,8632,5
64,9886,5
64,17904,5
64,1619,5
64,13927,5
64,4111,5
64,19173,5
64,12465,5
64,19156,5
64,15115,5
64,10232,5
64,10065,5
64,1618,5
64,3932,5
65,21012,5
65,21049,4
65,20771,5
65,21087,4
65,20842,2
65,20929,5
65,21003,4
65,20510,3
65,21533,4
65,21238,1
65,20927,5
65,20279,5
65,21347,5
65,20897,4
65,20073,4
65,20730,4
65,19797,5
65,19617,5
65,19890,5
65,19966,3
65,19706,4
65,19826,4
65,21243,3
65,20381,4
65,21020,5
65,20758,4
65,20189,4
65,20984,5
65,21288,5
65,21311,5
65,21715,4
65,21811,4
65,21849,2
65,21510,5
65,21902,5
65,20695,5
65,20005,4
65,21731,4
65,21654,5
65,21232,4
65,21159,3
65,21566,4
65,19910,3
65,21649,5
65,21651,5
65,21650,5
65,21457,3
65,20998,5
65,20606,4
65,21515,3
65,21354,4
65,21734,5
65,21047,4
65,21318,5
66,19608,5
66,520,5
66,2465,5
66,1929,5
66,6883,5
66,9880,5
66,6822,5
66,4111,5
66,6878,5
66,19474,4
66,168,5
66,19725,5
66,2576,4
66,11658,5
66,480,5
66,12910,5
66,6744,4
66,13078,5
66,19420,4
66,2504,3
66,5454,5
66,4102,5
66,4555,5
66,124,5
66,6463,4
66,551,5
66,9147,5
66,13064,4
66,111,5
66,6731,5
66,1566,5
66,1106,5
66,12435,5
66,4676,1
66,3932,5
66,12236,5
66,166,5
66,3905,5
66,3910,5
66,3935,5
66,98,5
66,6840,5
66,579,5
67,10480,5
67,6988,4
67,20638,5
67,20505,5
67,20531,5
67,14193,5
67,14053,5
67,20437,5
67,20542,5
67,20525,5
67,18647,5
67,10492,5
67,20311,5
67,20593,5
67,13528,5
67,20532,5
67,14323,5
67,20903,5
67,13968,5
67,20485,5
67,20895,5
67,14183,5
67,20512,5
67,20802,4
67,20718,5
67,11087,5
67,18748,4
67,20540,4
67,20594,5
67,20675,4
67,20864,4
67,20851,4
67,19598,5
67,20326,5
67,20246,5
67,4222,5
67,21030,5
67,20922,5
68,10624,5
68,3032,5
68,18821,5
68,17178,3
68,20961,4
68,4579,4
68,8002,4
68,2428,3
68,3034,5
68,7359,3
68,18837,5
68,8022,5
68,20748,5
68,741,5
68,21455,5
68,17759,5
68,17667,5
69,5026,5
69,11030,5
69,10005,5
69,2733,4
69,1002,5
69,9948,4
69,1787,5
69,5028,4
69,13520,5
69,10026,5
69,6610,5
69,14697,5
69,14503,4
69,8717,5
69,2578,3
69,14759,4
69,2936,5
69,4392,5
69,13223,5
69,3691,5
69,14742,4
69,10987,2
69,7454,4
69,230,5
69,2967,3
69,15301,5
69,4030,5
69,13196,4
69,2332,4
69,13187,5
69,15844,4
69,3700,4
69,11029,4
69,13480,5
69,16950,5
69,10242,5
69,3577,5
69,2489,4
69,3215,5
69,5543,4
69,13803,3
69,13425,3
69,4723,4
69,5338,5
69,15847,5
69,8246,4
69,803,5
70,19599,3
70,20553,4
70,22222,4
70,22073,4
70,16476,5
70,7252,3
70,14739,3
70,1744,2
70,5499,4
70,21825,3
70,20906,5
70,20793,4
70,19864,4
70,20671,4
70,20560,3
70,20953,4
70,19130,5
70,20662,2
70,21108,3
70,1173,4
70,22004,4
71,9566,2
71,10438,3
71,14984,5
71,8747,5
71,7163,2
71,18587,4
71,1602,4
71,5266,3
71,16093,4
71,15466,5
71,13269,1
71,11404,5
71,9768,5
71,19485,5
71,15023,1
71,16226,5
71,13739,5
71,14395,1
71,7930,1
71,9100,5
71,3494,2
71,10034,5
71,10159,5
71,10210,5
71,14982,5
71,2171,5
71,6723,5
71,3885,5
71,15277,1
71,8229,1
71,15964,5
71,10044,5
71,18561,5
71,17046,1
71,9599,5
71,7166,5
71,10417,4
71,10566,2
71,13930,5
71,9598,4
72,3500,5
72,1519,5
72,10031,3
72,10200,4
72,8499,3
72,6726,5
72,22012,3
72,6869,5
72,14881,5
72,18189,3
72,18131,4
72,17962,4
72,20820,5
72,15299,4
72,4104,5
72,15038,4
72,7975,4
72,1594,5
72,10146,5
72,6893,5
72,10145,5
72,1562,4
72,8563,5
72,1328,4
72,7032,3
72,6769,5
72,53,3
72,1112,3
73,13974,4
73,21118,3
73,21428,4
73,11207,3
73,11296,4
73,21578,4
73,17332,5
73,11537,4
73,18730,4
73,19027,4
73,21718,4
73,21516,5
73,7536,5
73,14751,3
73,22072,4
73,19015,4
73,11171,5
73,13491,4
73,11213,3
73,13899,4
73,13994,5
73,8265,3
73,4092,3
73,13447,5
73,13981,5
73,11166,4
73,13905,4
73,14523,4
73,8417,4
73,13999,3
73,17761,5
73,19108,4
74,16402,3
74,5913,5
74,5365,5
74,8297,5
74,4600,5
74,19110,5
74,13065,5
74,658,5
74,1768,5
74,13315,5
74,9842,4
74,20015,5
74,18911,5
74,20361,3
74,14978,3
74,8831,5
74,7790,5
74,19478,5
74,2435,5
74,12842,5
74,19392,5
74,9834,4
74,7999,5
74,8719,5
74,9979,4
74,15681,5
74,9383,1
74,18103,2
74,2966,5
74,2523,4
74,10948,4
74,10483,5
74,2260,5
74,10037,5
74,6649,5
74,18375,5
75,21595,4
75,20243,4
75,21301,4
75,21407,4
75,22062,5
75,21864,4
75,21586,4
75,19788,5
75,21011,5
75,20866,4
75,22052,5
75,21187,5
75,21764,5
75,19597,5
75,21253,3
75,22063,5
75,22135,4
75,21707,3
75,21484,4
75,21677,5
75,21318,4
75,20624,5
75,21634,5
75,20198,5
75,20551,5
75,19570,4
75,21260,4
75,21388,4
75,21284,5
75,20160,4
75,21706,4
75,19608,5
75,20967,5
75,21582,4
75,21646,3
75,21520,4
75,21361,4
75,21657,5
75,19403,4
75,21081,5
75,22038,5
75,21320,4
75,20402,4
75,21097,4
75,21272,5
75,21199,4
75,20462,5
75,20983,4
75,21866,4
75,20954,5
75,19752,4
75,19411,5
75,21075,5
75,20840,5
75,20664,5
75,21007,4
75,20985,5
75,21951,4
75,21553,4
75,20756,5
75,20814,5
75,22134,4
75,21496,4
75,21250,4
75,21042,1
75,20766,1
75,20089,4
75,20356,4
75,20788,4
75,20147,3
75,21893,4
75,21929,5
75,21840,5
75,22022,5
75,21955,4
76,1436,5
76,17714,5
76,15258,5
76,5181,5
76,10512,5
76,14278,5
76,6548,5
76,17683,5
76,18838,5
76,17753,5
76,9650,5
76,18073,5
76,18820,5
76,17704,5
76,17705,4
76,16618,5
76,15213,5
76,22153,5
76,21916,5
76,22040,5
76,18421,5
76,21895,5
76,18993,5
76,17270,5
76,10513,5
76,16210,5
76,10596,5
76,14716,5
76,19002,5
76,14797,5
76,16950,4
76,14386,5
76,5253,5
76,5238,5
76,14416,4
76,5259,4
76,17710,5
76,14788,5
76,14655,5
76,5287,5
76,14399,5
76,14542,5
76,15980,5
76,14556,5
76,5262,5
76,14419,5
76,10551,5
77,1348,5
77,14326,2
77,14349,3
77,14420,3
77,4197,4
77,1467,4
77,12467,5
77,20986,5
77,13445,5
77,14542,3
77,16934,5
77,17125,3
77,5256,5
77,14038,3
77,5264,3
77,6996,3
77,13147,5
77,8178,4
77,7366,5
77,18675,5
77,10518,5
77,21179,5
77,18052,5
77,17777,5
77,14563,4
77,9723,5
77,1472,5
77,14786,3
77,14764,4
77,14783,4
77,10571,4
77,13111,5
78,20694,5
78,13204,5
78,18434,5
78,14361,5
78,20700,5
78,2310,5
78,4386,5
78,18688,5
78,14331,4
78,11334,5
78,4295,5
78,7362,5
78,11568,5
78,6990,3
78,4425,5
78,18766,5
78,4400,5
78,4371,4
78,4375,5
78,767,5
78,4422,5
78,14357,5
78,17177,5
78,17747,5
78,6296,5
78,17602,5
78,4453,5
78,15974,5
78,4423,5
78,18683,5
78,10489,5
78,16937,5
78,4943,5
78,5178,3
78,13278,5
79,18564,3
79,5761,3
79,15865,4
79,10422,5
79,10339,4
79,10395,2
79,3546,5
79,4231,4
79,7197,2
79,4471,4
79,9368,3
79,10040,4
79,15185,4
79,13244,3
79,2012,4
79,15685,3
79,9296,5
79,18609,2
79,2844,5
79,12614,1
79,16195,3
79,20841,4
79,11454,4
79,8448,4
79,12622,4
79,11809,4
79,15756,5
79,8059,4
79,4340,4
79,10324,5
79,9308,4
79,16119,4
79,445,4
79,9347,4
79,11639,4
79,11568,5
79,7606,3
79,19905,4
79,12612,3
79,11660,4
79,18615,2
79,13841,5
79,19442,3
79,12623,4
79,3589,5
79,2619,3
79,14463,4
79,9012,2
79,15678,4
79,11392,3
79,15757,4
79,20614,4
79,10683,4
79,12392,4
79,5200,2
79,15590,3
79,18123,3
79,17902,3
79,832,2
79,4488,4
79,7589,3
79,4681,5
79,2972,5
79,12192,4
79,7609,5
79,10439,5
79,19548,4
79,19595,1
79,282,5
79,9363,4
79,19982,4
79,6162,5
79,21463,3
79,12255,4
79,14832,4
79,17750,4
79,19558,4
79,4327,5
79,1879,4
79,8589,4
79,7977,4
79,1422,3
79,10256,4
79,5786,4
79,16152,2
79,18544,4
79,2485,5
79,2541,2
79,5766,4
79,19367,4
79,2494,4
79,12775,4
79,4561,2
79,2549,4
79,5787,5
79,3341,4
79,12776,4
79,12611,4
79,15750,4
79,10384,4
79,12617,2
79,7297,5
79,8454,4
79,12619,4
79,16613,5
79,10303,5
79,6771,4
79,5754,4
79,12261,4
79,7296,3
79,18265,4
79,2462,3
79,16341,4
79,6106,3
79,3533,2
79,4521,5
79,360,4
79,7295,4
79,9369,4
79,19306,3
79,5563,3
79,12258,4
79,5461,5
79,16236,3
79,17078,4
79,12,2
79,13740,5
79,4678,3
79,14219,4
79,12599,4
79,18182,2
79,21093,5
79,4485,3
79,7294,5
79,11945,4
79,10323,4
79,4659,3
79,3714,2
79,3555,4
80,13872,4
80,20611,5
80,9099,5
80,12923,5
80,4153,5
80,7974,3
80,13092,5
80,12450,3
80,9328,5
80,20712,3
80,4824,5
80,13671,5
80,1457,5
80,19450,4
80,4864,5
80,17904,4
80,12412,4
80,2887,4
80,16253,4
80,20078,3
80,2280,4
80,7988,5
80,15247,5
80,15731,4
80,9246,4
80,13669,4
80,16244,3
80,4681,5
80,4387,3
80,5232,4
80,241,5
80,17905,4
80,9012,5
81,2760,1
81,13531,2
81,13922,3
81,19038,5
81,5089,5
81,3730,5
81,378,5
81,6349,1
81,17253,5
81,17783,5
81,9187,5
81,9793,4
81,11228,5
81,9752,3
81,8552,4
81,1471,5
81,10655,5
81,1044,3
81,15396,5
81,19063,3
81,17852,1
81,18713,5
81,4548,5
81,13277,3
81,14168,5
81,15480,3
81,14378,1
82,5958,2
82,3697,5
82,711,5
82,13025,5
82,2597,5
82,16505,2
82,15537,5
82,3558,2
82,10977,5
82,15387,5
82,3020,4
82,2673,5
82,13599,3
82,6112,5
82,18625,4
82,3015,5
82,1831,3
82,13516,2
82,770,2
82,16774,5
82,805,2
82,4059,5
82,11053,5
82,7690,3
82,5682,3
82,10704,4
82,13160,5
82,17151,5
82,4064,5
82,2638,2
82,14198,4
82,2968,3
82,5671,2
82,4083,5
82,10096,5
82,3582,5
82,10829,2
82,5640,2
82,2000,5
82,10835,4
82,9071,5
82,16461,5
82,4044,3
82,7543,3
82,10473,4
82,3703,5
82,14053,3
82,10978,5
82,16665,4
82,5627,3
82,13861,5
82,3580,1
82,9433,5
82,710,5
82,16203,5
82,18511,3
82,12785,5
82,1914,5
82,3665,3
82,16037,5
82,433,2
82,15168,5
82,15459,4
82,6202,2
82,16205,5
82,9154,4
82,8712,5
82,1865,3
82,16036,5
82,11697,4
82,5021,5
82,18192,4
82,15457,3
82,12736,3
82,15983,3
82,15828,5
82,18756,3
82,18627,3
82,18178,5
82,18628,5
82,11712,3
82,544,4
82,8064,4
82,18109,5
82,12784,5
82,16040,5
82,1991,4
82,17118,2
82,10398,2
82,2343,2
82,16211,5
82,6197,5
82,15167,5
82,10764,5
82,16385,5
82,1887,3
82,2983,4
82,8160,4
82,8708,5
82,18356,4
82,15307,5
82,1939,5
82,15553,3
82,18661,4
82,4026,5
82,9741,5
82,8256,5
82,10949,5
82,16103,3
82,12980,5
82,11346,2
82,10880,5
82,4088,5
82,5714,3
82,9228,5
82,13205,5
82,10883,4
82,17183,2
82,10954,3
82,6088,5
82,11366,5
82,1789,5
82,11426,5
82,906,3
82,13347,5
82,16305,3
82,14480,3
82,16957,3
82,2706,3
82,12364,3
82,11364,5
82,14124,3
82,13988,5
82,10859,5
82,10701,5
82,2705,5
82,16680,5
82,16683,4
82,5747,5
82,13349,5
82,17600,4
82,11362,4
82,13352,3
82,7553,5
82,11361,5
82,11359,5
82,11360,5
82,14288,4
82,16964,4
82,14287,3
82,918,1
82,14944,5
82,11169,4
82,16740,5
82,17063,2
82,18836,3
82,13918,3
82,13995,2
82,5710,5
82,14702,3
82,11450,5
82,17307,5
82,11132,2
82,8431,5
82,18831,4
82,4224,3
82,5504,4
82,17275,5
82,11173,4
82,19013,1
82,16684,5
82,8530,5
82,4222,3
82,1030,5
82,13622,1
82,14472,5
82,14013,2
82,11602,2
82,17442,3
82,21826,2
82,21361,2
82,11195,5
82,11296,5
82,11419,2
82,13342,5
82,888,4
82,14478,1
82,4203,3
82,5477,1
82,13987,3
82,13986,1
82,13990,2
82,22070,3
82,2745,5
82,5006,3
82,4067,4
82,5476,3
82,11453,1
82,1018,3
82,17182,1
82,17560,5
82,2766,3
82,17116,2
82,3052,3
82,4204,5
82,4212,2
82,17530,5
82,16990,4
82,15767,5
82,14209,1
82,10871,5
82,14117,3
82,12362,3
82,17120,5
82,2998,3
82,15713,5
82,3022,5
82,1437,5
82,4464,5
82,17595,2
82,17158,3
82,16700,3
82,4454,3
82,18736,5
82,11077,4
82,14181,3
82,14210,5
82,16702,5
82,15887,2
82,14235,5
82,4075,5
82,8379,4
82,11066,2
82,9069,5
82,10650,2
82,887,4
82,4082,5
82,17153,5
82,5442,5
82,9397,5
82,5684,4
82,907,5
82,16676,5
82,13965,5
82,16672,3
82,9436,3
82,4461,4
82,13215,3
82,15765,5
82,13325,5
82,5700,3
82,9430,3
82,16675,2
82,10717,5
82,10848,2
82,16677,5
82,10644,3
82,5735,4
82,17164,2
82,5704,4
82,13336,5
82,18835,5
82,12335,2
82,8533,1
82,14207,3
82,17162,4
82,11181,3
82,4192,5
82,14241,5
82,11482,4
82,17166,3
82,16681,4
82,11569,5
82,15877,3
82,5743,5
82,11116,2
82,16743,5
82,17859,3
82,2631,4
82,14501,3
82,17857,5
82,7234,4
82,11117,5
82,2617,2
82,945,4
82,16989,3
82,6099,4
82,5713,5
82,17159,3
83,15561,4
83,15379,5
83,1139,4
83,684,5
83,685,5
83,11947,5
83,14448,5
83,13945,3
83,2550,5
83,18386,4
83,16322,5
83,17526,4
83,4139,4
83,467,5
83,468,5
83,962,4
83,7974,5
83,7366,3
83,17126,5
83,6890,5
83,15548,4
83,6873,5
83,7878,5
83,5807,5
83,5823,5
83,349,5
83,4152,4
83,3401,4
83,15511,5
83,5963,5
83,7861,4
83,5782,5
83,6644,5
83,4814,5
83,313,5
83,6857,5
83,9994,5
83,964,4
83,2281,4
83,144,5
83,963,4
83,12923,5
84,10898,5
84,5999,5
84,17028,4
84,588,5
84,10759,4
84,8853,5
84,18002,5
84,7963,5
84,16308,4
84,8431,5
84,17279,5
84,18028,5
84,13010,5
84,6413,3
84,10749,5
84,8206,4
84,17806,3
84,4745,5
84,17922,5
84,17807,5
84,8393,3
84,18550,3
84,12577,4
84,1253,3
84,12725,4
84,1698,4
84,1990,5
84,10889,4
84,9047,4
84,22124,3
84,12714,5
84,2653,5
84,8381,5
84,20093,2
84,19499,4
84,2764,5
84,2763,5
84,15091,5
84,8548,5
84,15538,5
84,10758,4
84,8634,5
84,11006,4
84,11602,4
84,5987,5
84,13578,3
84,8320,4
84,17589,5
84,11229,5
84,17235,5
84,13650,4
84,17981,5
84,14259,5
84,12510,5
84,14437,5
84,8531,5
84,13357,5
84,13369,4
84,8725,3
84,11364,5
84,734,4
84,5076,5
84,8988,5
84,14237,5
84,1488,5
84,669,5
84,18734,5
84,16948,4
84,10843,4
84,13020,5
84,13336,5
84,9421,5
84,8007,4
84,13569,3
84,3268,4
84,6023,4
84,5980,5
84,9046,4
84,13060,5
84,2044,5
85,2658,5
85,3225,4
85,2773,4
85,9452,5
85,1285,4
85,10104,5
85,2657,5
85,7464,5
85,3888,5
85,6716,5
85,6029,5
85,3619,5
85,5025,5
85,9735,5
85,9605,5
85,2423,4
85,5386,5
85,1675,5
85,9603,5
85,1595,5
85,10158,4
85,19336,5
85,606,5
85,19798,5
85,19342,5
85,15586,5
85,19343,3
85,4230,3
85,12464,3
85,600,5
85,596,5
85,2405,5
85,3641,5
85,9819,5
85,9818,3
85,604,5
85,603,4
85,9872,2
85,4873,4
85,7537,5
85,19487,5
85,3336,4
85,2825,4
85,15096,5
85,2416,3
85,15082,4
85,9227,5
85,1261,5
86,14671,4
86,22108,4
86,37,4
86,1058,4
86,14675,4
86,9275,5
86,17737,5
86,14010,5
86,19035,5
86,17789,5
86,11096,5
86,13017,2
86,11329,4
86,22033,4
86,16765,3
86,5521,4
86,6357,5
86,7198,4
86,6328,4
86,22150,4
86,2729,4
86,12966,5
86,6356,5
86,6330,3
86,22246,4
87,19646,5
87,9851,5
87,19533,4
87,13086,5
87,12484,5
87,1335,5
87,6515,4
87,9760,5
87,7370,5
87,2276,5
87,15476,5
87,9852,5
87,18204,5
87,7350,5
87,13554,5
87,16720,5
87,15219,5
87,7349,5
87,8505,5
87,12134,5
87,6631,5
87,5226,2
87,16402,5
87,12185,5
87,5250,5
87,22075,5
87,22303,5
87,6773,5
87,2275,5
87,7244,5
87,2592,4
87,7361,5
87,15218,5
87,15047,5
87,5205,5
87,15101,4
87,5426,5
88,20461,4
88,14802,4
88,14555,5
88,20942,5
88,14553,5
88,18997,5
88,20245,5
88,10546,5
88,10521,5
88,10405,5
88,10520,5
88,20383,4
88,13616,5
88,21421,5
88,21303,5
88,21308,5
88,21211,5
88,20153,5
88,21331,3
88,21294,5
88,21313,5
88,19004,5
88,13857,4
88,14069,4
88,21444,4
88,20096,4
88,3059,5
88,21234,4
88,15705,5
88,18907,4
88,21324,2
88,21175,5
88,10486,4
88,20741,5
88,20499,5
88,20680,5
88,20316,5
88,17147,4
88,20534,5
88,20537,5
88,20670,5
88,17743,5
88,18056,5
88,20346,4
89,12444,5
89,6109,5
89,2157,5
89,14453,5
89,14442,5
89,13829,5
89,11147,5
89,11920,5
89,12831,4
89,14741,5
89,13876,2
89,950,5
89,11603,5
89,17728,5
89,14730,5
89,996,5
89,10508,5
89,14810,5
89,13670,5
89,10678,5
89,11327,5
90,18976,1
90,1908,4
90,7512,4
90,10560,4
90,8888,5
90,3728,5
90,18724,5
90,14037,5
90,7760,4
90,13086,5
90,7751,3
90,7745,5
90,10063,3
90,17095,5
90,9656,4
90,3321,4
90,19719,4
90,7920,3
90,1263,5
90,14059,1
90,19939,4
90,5202,4
90,16608,5
90,4779,5
90,16,4
90,11755,4
90,8903,2
90,17390,3
90,11382,5
90,16589,4
90,17445,5
90,14680,5
90,5469,5
90,19938,4
90,3859,5
90,3061,5
90,9941,3
90,8893,4
90,7743,5
90,7919,5
90,21830,4
90,15280,5
90,19074,3
90,11247,5
90,21965,4
90,13624,5
90,20590,4
90,15699,4
90,17285,4
90,17360,4
90,17656,5
90,20668,5
91,13760,4
91,9119,4
91,5947,3
91,451,4
91,9360,5
91,16731,5
91,3096,3
91,11049,5
91,556,5
91,19211,5
91,3607,5
91,17148,4
91,16738,5
91,10856,5
91,15931,5
91,17904,5
91,3798,5
91,5856,5
91,1635,5
91,12182,5
91,2485,2
91,6526,4
91,12179,4
91,292,5
91,18440,5
91,385,5
91,523,3
91,8226,4
91,11056,3
91,3078,5
91,3787,5
91,5846,5
91,8367,3
92,4532,4
92,4521,3
92,96,4
92,1125,4
92,3895,4
92,3898,4
92,10033,4
92,8577,4
92,9336,5
92,3901,4
92,1309,4
92,1104,4
92,1108,4
92,1324,4
92,3892,4
92,6786,4
92,3390,3
92,133,2
92,1554,4
92,3381,4
92,6918,4
92,6785,4
92,3919,4
92,1320,4
92,12404,4
92,8578,5
92,8580,4
92,7941,4
92,19454,4
92,6933,4
92,116,4
92,2435,4
92,3386,3
92,4115,4
92,4111,4
92,15043,4
92,5449,4
92,6513,4
92,2751,3
92,9099,4
92,7779,5
92,7783,5
92,3949,4
92,4116,4
92,6670,4
92,7017,3
92,6503,4
92,9333,5
92,5460,5
92,1526,5
92,1123,4
92,7041,4
92,7942,5
92,6648,5
92,9725,4
92,6784,4
92,8736,4
92,15019,4
92,6913,4
92,7291,3
92,1365,4
92,7955,4
92,3894,4
92,6932,4
92,1559,3
92,4112,4
92,6667,4
92,3283,2
92,9341,4
92,3897,4
92,12240,3
92,1506,3
92,6881,4
92,12153,4
92,9801,4
92,6467,3
92,8997,4
92,15562,4
92,3411,4
92,1543,4
92,6827,4
92,1514,4
92,6902,4
92,568,4
92,18557,4
92,6829,4
92,6953,4
92,3362,4
92,12223,4
92,19315,4
92,1538,4
92,1583,4
92,1372,2
92,1317,4
92,6927,4
92,9894,4
92,208,4
92,3948,4
92,14860,4
92,12158,4
92,9893,3
92,6843,4
92,12399,4
92,12401,5
92,9136,3
92,12520,4
92,10032,3
92,4642,4
92,4486,3
92,3946,4
92,5384,4
92,4622,4
92,2774,4
92,9794,4
92,4107,3
92,5943,1
92,6248,4
92,6284,4
92,18230,4
92,1801,4
92,8964,4
92,3951,4
92,1310,4
92,5753,4
92,6882,4
92,7970,4
92,6481,4
92,162,4
92,9890,4
92,2244,4
92,6498,4
92,14987,4
92,3247,4
92,9323,4
92,6834,4
92,475,4
92,12413,4
92,6842,4
92,3957,4
92,3418,4
92,4639,3
92,7953,4
92,4106,3
92,3910,3
92,19557,4
92,3902,4
92,1587,4
92,4505,2
92,12426,5
92,5758,4
92,6500,4
92,167,4
92,9888,3
92,6900,4
92,4512,4
92,1807,4
92,1811,4
92,1806,4
92,8666,4
92,7645,4
92,3940,4
92,3931,3
92,8658,4
92,9094,4
92,58,4
92,6768,3
92,6269,4
92,18563,3
92,6268,4
92,6840,4
92,6249,4
92,7275,2
92,6880,4
92,6942,4
92,7952,4
92,7807,4
92,6954,4
92,168,3
92,2816,3
92,1808,5
92,3906,4
92,3893,4
92,3900,4
92,1510,4
92,7774,4
92,6903,4
92,18186,2
92,18185,2
92,9697,2
92,9339,2
92,18331,3
92,15020,4
92,277,4
92,1315,3
92,9526,4
92,400,4
92,6511,4
92,3457,4
92,3460,4
92,3459,4
92,15665,4
92,316,4
92,15664,4
92,6263,4
92,8567,4
92,4797,4
92,4520,4
92,399,4
92,1316,3
92,54,3
92,4525,4
92,4641,4
92,10124,3
92,7937,4
92,12411,5
92,1394,2
92,1522,5
92,5910,4
92,1102,4
92,5455,4
92,73,4
92,6871,4
92,3917,4
92,2436,4
92,9486,3
92,1643,3
92,5522,4
92,3899,4
92,6279,3
92,12409,4
92,144,3
92,206,3
92,6854,4
92,4477,4
92,3912,3
92,6276,4
92,1414,4
92,3918,3
92,3896,4
92,3944,4
92,9525,4
92,9347,4
92,9097,5
92,1544,4
93,12063,3
93,12052,3
93,18720,3
93,19896,3
93,9768,3
93,19455,5
93,605,4
93,10064,4
93,5614,4
93,7555,3
93,12188,4
93,12053,5
93,10400,3
93,16972,4
93,13557,3
93,10478,2
93,1573,3
93,15968,5
93,178,5
93,12071,3
93,13953,3
93,216,4
93,11653,3
93,6632,3
93,14541,3
93,6271,3
93,13387,4
93,5976,4
93,4619,2
93,8970,2
93,14907,4
93,1194,3
93,20106,5
93,12984,3
93,20024,4
93,4814,2
93,2190,2
93,12062,4
93,19819,3
93,7428,5
93,5210,5
93,14977,3
93,12057,3
93,12058,2
93,12059,4
93,20167,4
93,19772,5
93,19990,4
93,19951,4
93,12068,4
93,12060,3
93,20920,5
93,12067,4
93,12066,3
93,109,3
93,9354,3
93,12272,4
93,10205,3
93,12168,3
93,19434,5
93,9012,2
93,4847,3
93,9034,4
93,11763,3
93,1902,3
93,7979,4
93,19948,4
93,4546,4
93,9774,3
93,19493,3
93,4115,3
93,15578,4
93,9698,2
93,18844,4
93,15464,3
94,16930,5
94,8451,5
94,7657,5
94,19500,5
94,8452,5
94,5924,5
94,5252,5
94,5251,3
94,1526,5
94,5265,5
94,15246,5
94,1319,5
94,15566,5
94,5258,5
94,14366,5
94,18344,5
94,11932,5
94,14829,5
94,9816,5
94,19427,5
94,8449,5
94,19933,5
94,4572,5
94,20862,5
94,16642,5
94,12992,5
94,6667,5
94,2276,5
94,6778,5
94,18981,5
94,15212,5
94,8446,5
94,6937,5
94,8455,5
94,8456,5
94,8457,5
94,6498,5
94,9815,5
94,22189,5
94,14806,5
94,8176,5
95,3209,5
95,5065,5
95,3820,4
95,6733,4
95,13338,5
95,4097,3
95,3713,2
95,1877,4
95,15676,5
95,6412,3
95,7472,3
95,18013,4
95,7012,4
95,198,5
95,284,4
95,1845,5
95,13361,3
95,11608,4
95,16828,4
95,1730,5
95,11426,5
95,13863,3
95,13367,5
95,11683,5
95,14800,3
95,10719,2
95,17165,5
95,2765,4
95,3643,4
95,16965,5
95,17560,4
95,11372,4
95,16475,4
95,14442,3
95,13757,3
95,5498,4
95,11553,5
95,6291,4
95,6487,4
95,13441,5
95,5157,2
95,18811,4
95,16522,5
95,22124,4
95,18027,4
95,14144,3
95,12715,5
95,12514,4
95,13377,5
95,10252,2
95,15950,4
95,5159,3
95,18380,5
95,16474,2
95,14087,4
95,2890,5
95,5118,4
95,17278,4
95,3640,3
95,15294,5
95,2882,5
95,5072,3
95,17593,5
95,7447,5
95,10278,4
95,2641,4
95,182,4
95,5672,5
95,17982,4
95,1598,5
95,1490,3
95,8510,5
95,5156,2
95,11385,4
95,3634,3
95,6506,3
95,7926,2
95,14740,5
95,7734,4
95,17967,4
95,1065,5
95,3041,2
95,17349,4
95,15849,4
95,13800,5
95,7526,5
95,7528,5
95,7096,3
95,7532,5
95,17249,4
95,15702,5
95,17950,3
95,7748,3
95,14414,4
95,3525,4
95,5638,4
95,14406,2
95,1171,5
95,9215,4
95,1861,4
95,10812,4
95,13604,4
95,2444,4
95,15808,3
95,10780,3
95,16808,5
95,1932,4
95,7866,4
95,5106,3
95,13742,4
95,10775,4
95,5586,5
95,9167,5
95,802,3
95,1244,5
95,730,5
95,795,4
95,11001,3
95,5074,5
95,5630,3
95,734,3
95,16953,3
95,5645,4
95,11086,4
95,3990,4
95,15789,4
95,12721,5
95,10308,3
95,10978,3
95,1256,4
95,1224,4
95,16307,3
95,1255,4
95,9146,4
95,2493,4
95,1771,4
95,15600,5
95,12973,4
95,1199,4
95,16051,4
95,561,4
95,15836,4
95,15842,4
95,17811,3
95,13082,5
95,516,3
95,1231,3
95,10746,3
95,16343,5
95,3431,4
95,15832,4
95,1987,4
95,1717,5
96,2698,5
96,7107,5
96,2748,5
96,2750,5
96,7771,5
96,7081,3
96,17611,3
96,11411,5
96,17471,5
96,14411,5
96,17492,5
96,11219,5
96,7075,5
96,7737,5
96,7130,5
96,17257,5
96,14409,5
96,5753,5
96,11418,5
96,17642,5
96,11440,5
96,14406,5
96,10610,5
96,17287,3
96,17621,5
96,16173,5
96,11619,5
96,9823,5
96,13375,5
96,16716,5
96,18042,5
96,17263,4
96,11638,5
96,7728,4
96,7093,4
96,16175,5
96,17613,5
96,17617,5
96,3042,5
96,11794,5
96,7065,5
96,5702,5
96,17622,5
96,18843,5
96,17385,4
96,13799,5
96,9549,3
96,11789,5
96,7928,3
96,17619,5
96,6115,5
96,17625,5
96,17618,5
96,2755,3
96,13377,5
96,13011,5
96,14160,5
96,16885,5
96,18001,5
96,7713,4
96,17620,5
96,17612,4
96,17647,5
96,16890,5
96,14450,5
96,14518,5
96,14354,5
96,7067,4
96,6250,5
96,21584,5
96,17058,5
96,18000,5
96,17624,5
96,17301,5
96,9821,5
96,17488,5
96,14488,5
96,17387,5
96,7057,4
96,17623,5
96,7083,5
96,7129,5
96,7534,5
96,7707,5
96,6142,4
96,11243,5
96,17426,5
96,7748,4
96,17616,5
96,17615,5
96,17627,5
96,11620,5
97,19577,5
97,16182,5
97,1759,5
97,5460,5
97,18622,5
97,15404,5
97,7155,5
97,12961,5
97,12791,5
97,10306,5
97,717,4
97,19391,5
97,12958,5
97,11929,5
97,3029,5
97,12793,5
97,12957,5
97,9476,5
97,7906,5
97,7160,5
97,12960,5
97,5188,5
97,7914,5
97,18369,5
97,18409,5
97,18358,5
97,15241,5
97,1913,5
97,11801,5
97,6063,5
97,5305,5
97,7908,5
97,7907,5
97,12962,5
97,16295,5
97,10198,5
97,9342,5
97,15732,5
97,15149,5
97,1551,5
97,15530,5
97,9642,5
97,10078,5
97,464,5
97,11952,5
97,12705,5
97,12977,5
97,16724,5
97,9318,5
97,15726,5
97,19154,5
97,18793,5
97,13866,3
97,16180,5
97,15599,5
97,14334,5
97,18712,5
97,5258,5
97,20494,5
97,12799,5
98,8807,5
98,18074,4
98,11476,5
98,17023,4
98,11107,2
98,11475,4
98,17510,4
98,8816,4
98,11539,5
98,7105,3
98,22065,5
98,11459,4
98,8818,5
98,17344,3
98,11486,5
98,8814,4
98,8151,5
98,12519,3
98,8804,5
98,8813,4
98,11507,5
98,2121,3
98,17295,4
98,18782,5
98,11540,5
98,17884,4
98,17485,4
98,17017,4
98,11322,4
98,14408,4
98,11541,5
98,8798,4
98,8793,5
98,11504,5
98,17443,3
98,13386,4
98,13384,5
98,8150,4
98,7175,5
98,11548,5
98,8776,3
98,7709,5
98,2098,4
98,10878,3
98,8418,4
98,11487,5
98,11469,5
98,11244,3
98,17377,4
98,6333,5
98,11255,4
98,10493,4
98,11458,5
98,12649,3
98,8911,5
98,12644,4
98,8899,5
98,2120,4
98,11756,4
98,8928,5
98,8915,4
98,8801,5
98,17403,3
98,11752,3
98,17446,3
98,8787,5
98,8809,5
98,11491,5
98,11480,4
98,8820,5
98,8157,5
98,14684,4
98,11544,5
98,11479,4
98,8822,5
98,8819,4
98,11508,4
98,8794,4
98,11233,3
98,8775,4
98,18845,4
98,8465,5
98,8487,4
98,11521,5
98,8805,4
98,10494,3
98,11484,4
98,11538,4
98,11522,4
98,8811,5
98,11220,2
98,16574,5
98,11137,3
98,8472,5
98,11515,4
98,11514,4
98,7524,3
98,12838,5
98,7752,3
98,11769,4
98,18939,4
98,8149,4
98,8815,5
98,11474,5
98,11519,4
98,11523,5
98,1050,2
98,8799,5
98,8782,5
98,7341,4
98,11546,4
98,17680,4
98,8800,4
98,8143,5
98,22276,4
98,8795,5
98,2322,3
98,11517,4
98,18954,4
98,11467,5
98,8147,4
98,8771,4
98,8792,4
98,22212,5
98,8777,5
98,10588,4
98,8797,4
98,11485,4
98,8802,4
98,2105,4
98,11293,2
98,17687,4
98,8796,4
98,8481,4
99,7187,5
99,7178,4
99,13808,5
99,16375,4
99,17079,5
99,10935,4
99,10654,5
99,10406,4
99,355,4
99,2586,4
99,10230,5
99,13397,1
99,9039,4
99,10447,5
99,7177,4
99,17863,3
99,5624,4
99,16288,5
99,12588,3
99,7799,5
99,20961,4
99,10499,5
99,2982,5
99,13571,3
99,17882,3
99,5652,5
99,18797,3
99,14630,5
99,13884,5
99,18752,4
99,3086,3
99,18753,5
99,13113,1
99,2159,4
99,11788,2
99,11300,4
99,14353,4
99,17736,4
99,10930,5
99,7260,4
99,10922,3
99,16914,5
99,8260,5
99,6221,4
99,21061,5
99,8251,4
99,16917,5
99,16918,5
99,16406,3
99,16925,4
99,11764,3
99,17862,5
99,12687,5
99,12219,5
99,3085,4
99,10586,5
99,12414,4
99,16512,4
99,4829,5
99,12214,5
99,12192,4
99,2304,3
99,4148,4
99,12203,4
99,4555,5
99,12585,3
99,10371,4
99,3771,5
99,18558,2
99,10372,3
99,3751,4
99,2331,4
99,8368,4
99,2305,4
99,2005,4
99,3785,5
99,3755,4
99,550,5
99,4830,3
99,10926,5
99,5825,4
99,5818,4
99,12586,4
99,4147,5
100,4390,5
100,4440,5
100,4884,5
100,4363,5
100,21534,4
100,7371,5
100,4377,5
100,13982,5
100,7373,5
100,7398,5
100,21512,5
100,21056,5
100,11149,5
100,21513,5
100,4365,5
100,13999,4
100,4341,5
100,21901,5
100,21794,5
100,22093,5
100,22107,5
100,13897,5
100,11298,5
100,4430,5
100,21304,5
100,4927,5
100,21456,5
100,21446,5
100,22277,5
100,20832,5
100,4352,5
100,21103,5
100,16701,5
100,17596,5
100,4371,5
100,4391,5
100,13970,5
100,13971,5
100,17601,5
100,4445,5
100,21346,5
100,13981,5
100,21258,5
100,17176,5
100,7369,5
100,4389,5
100,4323,5
100,19530,5
100,4388,5
100,4452,5
100,22271,5
100,13973,5
101,21869,5
101,5508,5
101,14669,4
101,21732,5
101,20771,5
101,21612,5
101,4976,5
101,14686,5
101,20635,5
101,21926,4
101,2769,5
101,21787,4
101,14012,4
101,15245,5
101,14691,5
101,11236,5
101,21593,5
101,22046,5
101,20991,4
101,21332,5
101,21221,5
101,11259,4
101,1063,5
101,21985,4
101,11333,4
101,15733,5
101,22158,4
101,21735,5
101,22142,4
101,22163,5
101,6367,5
101,6386,4
101,22321,5
102,12091,5
102,2214,2
102,4606,3
102,12103,5
102,18306,3
102,2248,5
102,4522,5
102,2888,4
102,4879,4
102,1813,5
102,7423,5
102,6918,5
102,15033,5
102,4885,5
102,3977,5
102,6715,4
102,9038,5
102,4772,4
102,15646,4
102,2413,4
102,1295,5
102,4773,5
102,5053,4
102,6157,5
102,15070,5
102,15782,5
102,6688,3
102,3197,4
102,3980,5
102,7461,4
102,4654,4
102,7021,3
102,15172,4
103,14279,5
103,14364,5
103,21792,2
103,845,5
103,14043,5
103,15247,5
103,988,5
103,17690,2
103,10597,5
103,12982,4
103,10570,5
103,12985,5
103,10509,5
103,10569,5
103,17683,4
103,22096,5
103,12986,5
103,14271,5
103,8029,5
103,4402,5
103,846,5
103,844,5
103,13913,5
103,13926,5
103,13935,5
103,21962,5
103,22181,5
103,5276,5
103,18959,5
103,22228,5
103,22185,5
103,22235,5
103,998,5
103,22232,5
103,22174,5
103,18962,5
103,18961,5
103,13909,5
103,13910,5
103,22265,5
103,22292,5
103,17699,5
103,22296,5
103,18958,5
103,22001,5
103,11505,5
103,21978,4
103,5277,5
103,5241,5
103,5175,5
103,5228,5
103,21916,5
103,21986,5
103,11470,5
103,18960,5
103,21912,5
103,22175,5
103,22011,5
103,21933,5
103,22183,5
103,946,5
103,359,5
103,14564,5
103,16933,4
103,17040,5
103,19009,5
103,18739,3
103,17227,5
103,5271,5
103,14807,5
103,7367,5
103,18974,5
103,14506,5
103,14808,3
103,18055,5
103,14042,5
103,17723,5
103,17718,5
103,14543,5
103,17717,1
103,14419,5
103,1012,5
103,12834,2
103,19096,5
103,17527,2
103,19093,5
103,18795,5
103,18993,5
103,18675,2
103,15246,5
103,14278,2
103,13298,2
103,14375,5
103,5260,2
103,13296,2
103,14367,3
103,14368,5
103,14708,5
103,1436,3
103,17904,5
103,14397,4
103,10500,5
103,19215,5
103,18391,5
103,12468,5
103,14613,5
103,14556,5
103,14789,5
103,12467,5
103,14542,5
103,1347,5
103,8178,5
103,5248,5
103,14041,5
104,18291,5
104,17121,5
104,5221,3
104,16719,5
104,2039,4
104,19482,5
104,10094,3
104,9578,5
104,77,5
104,10206,5
104,10333,4
104,15575,4
104,15334,5
104,9049,5
104,9577,3
104,19290,5
104,1589,4
104,9511,5
104,9575,5
104,19400,3
104,1260,5
104,9920,5
104,9204,3
104,3887,5
104,1568,4
104,18072,5
104,19793,4
104,9601,4
104,8550,4
104,9861,5
104,18083,5
104,10567,3
104,18200,5
104,2995,3
104,19178,5
105,2184,5
105,18397,3
105,3452,4
105,4487,5
105,8279,5
105,10980,4
105,4603,5
105,1754,5
105,18642,2
105,21282,5
105,6015,5
105,5208,5
105,10679,5
105,8030,4
105,5197,5
105,20481,2
105,18252,4
105,14201,5
105,6865,3
105,351,4
105,6258,5
105,1085,4
105,11629,5
105,1386,5
105,19693,4
105,18251,4
105,4631,5
105,3784,3
105,8276,4
105,3761,3
105,14219,4
105,10495,5
105,14801,5
105,3600,5
105,3356,5
105,1101,4
105,10244,5
105,5133,5
105,2353,2
105,18787,5
105,11568,5
105,16769,1
105,9248,5
105,6043,5
105,12876,4
105,13715,5
105,14875,5
105,14872,5
105,4616,5
105,3818,5
105,1130,5
105,3290,4
105,6216,5
105,4944,5
105,3929,5
105,5835,5
105,14874,5
105,20872,5
105,12157,5
105,20370,4
105,11041,5
105,1586,5
105,6272,5
105,13928,4
105,3835,5
105,1753,4
105,6780,5
105,17373,2
105,13494,2
105,13389,4
105,2438,4
105,2554,5
105,13,3
105,878,2
105,13077,5
105,15871,3
105,5413,5
105,13490,3
105,14047,2
105,7098,5
105,7794,3
105,20304,4
105,12427,3
105,17471,5
105,9211,5
105,7106,5
105,7065,5
105,14411,5
105,11918,5
105,11623,5
105,7102,5
105,1923,5
105,20620,4
105,5028,5
105,1524,5
105,450,5
105,15306,5
105,13044,5
105,19669,2
105,17627,5
105,16115,5
105,13678,5
105,1523,3
105,19430,3
105,20283,2
105,20054,5
105,2609,5
105,9759,2
105,16995,5
105,17301,5
105,13890,5
105,21526,5
105,14126,3
105,13800,5
105,14595,4
105,973,2
105,7110,5
105,6723,4
105,6371,4
105,9714,2
105,5189,5
105,17620,5
105,14943,5
105,1727,5
105,21543,5
105,16893,5
105,11794,5
105,11581,5
105,17622,5
105,7066,5
105,7061,5
105,7063,5
105,7062,5
105,20425,4
105,16885,3
105,14765,4
105,3953,5
105,12184,4
105,6908,4
105,1373,5
105,4823,5
105,17688,5
105,19725,5
105,17618,5
105,17619,5
105,14161,3
105,5795,5
105,6887,5
105,17642,5
105,21882,5
105,17616,5
105,17452,5
105,18841,5
105,18843,5
105,17409,5
105,11621,5
105,17460,5
105,18901,5
105,17462,5
105,17625,5
105,7085,5
105,7070,5
105,19436,3
105,17623,5
105,14163,5
105,17063,5
105,17400,5
105,17624,5
105,14187,3
105,17379,5
105,21180,4
105,17358,5
105,7064,5
105,7056,5
105,19715,5
105,21883,5
106,2064,4
106,16402,5
106,15269,5
106,15039,5
106,8942,5
106,13512,5
106,16147,5
106,11767,4
106,8323,5
106,15661,5
106,16721,4
106,15619,5
106,8468,4
106,18989,4
106,15272,4
106,16968,5
106,18466,4
106,6433,5
106,8545,4
106,9696,4
106,15640,4
106,16046,4
106,13080,4
106,15655,5
106,1572,5
106,14060,5
106,19398,5
106,12628,5
106,10092,4
106,14083,4
106,17568,5
107,6039,4
107,2190,5
107,8546,2
107,1965,5
107,5215,5
107,9713,2
107,13941,3
107,14057,4
107,19223,3
107,1904,5
107,18482,2
107,14815,2
107,1852,5
107,6980,1
107,2324,5
107,9385,2
107,3776,1
107,17701,1
107,18894,1
107,17904,5
107,14550,2
107,21095,5
107,10967,1
107,11657,5
107,1793,1
107,1778,4
107,10911,1
107,10555,2
107,5085,5
107,9389,5
107,13463,5
107,18832,5
107,17304,1
107,15589,1
107,825,5
107,3030,5
108,14318,1
108,6037,5
108,1267,3
108,4381,2
108,5050,3
108,7417,3
108,3337,5
108,1888,4
108,248,3
108,3221,5
108,7431,3
108,3496,3
108,6796,5
108,2570,2
108,1939,1
108,21239,4
108,21138,5
108,21405,2
108,14100,3
108,3498,4
108,7986,2
108,3815,3
108,230,4
108,4758,4
108,14050,4
108,14097,3
108,10921,3
108,4735,1
108,501,3
108,6104,3
108,16075,3
108,17558,2
108,14500,1
108,9012,4
108,15973,1
108,18822,1
108,6743,4
108,2912,4
108,904,3
108,11308,3
108,5508,3
108,13492,3
108,14138,3
108,9212,1
108,9062,2
108,1440,2
108,15521,3
109,13942,5
109,16284,5
109,10270,5
109,1182,5
109,13275,5
109,3442,5
109,7514,5
109,3464,5
109,16616,5
109,9899,5
109,12250,5
109,8535,5
109,18361,5
109,6515,5
109,2805,5
109,1238,5
109,14470,5
109,16623,5
109,9304,5
109,16466,5
109,5263,5
109,16042,5
109,6098,5
109,9942,5
109,12574,5
109,13250,5
109,17905,5
109,17904,5
110,607,5
110,356,5
110,13823,5
110,662,5
110,814,5
110,18110,5
110,5842,5
110,7309,5
110,829,5
110,5903,5
110,663,5
110,13698,5
110,5853,5
110,5827,5
110,5826,5
110,5837,5
110,143,5
110,11628,5
110,11637,5
110,5869,5
110,13834,4
110,4182,5
110,7312,5
111,19161,4
111,10506,5
111,20972,5
111,21403,4
111,11156,5
111,21259,5
111,21269,5
111,16498,4
111,14511,5
111,14748,4
111,8422,5
111,21012,5
111,21568,5
111,22084,5
111,6948,5
111,11158,5
111,11265,5
111,22072,5
111,5520,5
111,22167,4
111,22285,4
111,17731,5
111,11493,4
111,14667,4
111,1002,4
111,11207,4
111,21705,5
111,21189,5
111,21745,5
111,21554,5
111,17715,5
111,18694,5
111,22297,5
111,21468,5
111,21489,4
111,20126,5
112,5181,5
112,13137,5
112,16184,5
112,665,5
112,13142,5
112,13143,5
112,15319,5
112,13145,5
112,16939,5
112,12427,5
112,16938,5
112,12977,5
112,18734,5
112,10913,4
112,6013,5
112,13144,5
112,15065,5
112,3538,5
112,9972,3
112,15402,5
112,9782,5
112,15250,4
112,16554,5
112,16183,5
112,16198,5
112,7473,4
112,10751,4
112,9766,5
112,16099,5
112,15982,5
112,16042,5
112,3774,4
112,13555,5
112,3184,5
112,12976,5
112,4989,5
112,5732,5
112,16940,5
112,10642,5
112,14501,5
112,8529,5
112,14690,4
112,9408,4
112,921,5
112,13851,5
112,17647,5
112,3102,4
112,15554,5
112,17012,5
112,7070,5
112,10849,5
112,17407,5
112,17436,4
112,18586,5
112,17139,4
112,4091,5
112,14162,5
112,15721,4
112,15733,5
112,10638,4
112,14205,5
112,874,4
112,11346,5
112,14052,5
112,16857,5
112,11713,5
112,4075,5
112,19210,5
112,17156,5
112,17157,4
112,16987,5
112,13433,5
112,6081,4
112,943,4
112,7178,4
112,11565,5
112,2628,5
113,16760,5
113,13817,4
113,3193,4
113,13326,5
113,4442,4
113,4172,3
113,4499,4
113,4816,4
113,12938,4
113,3276,4
113,20556,3
113,11078,4
113,17569,5
113,14767,5
113,18890,4
113,11452,4
113,10788,5
113,18666,5
113,18891,4
113,3192,5
113,11154,5
113,12203,4
113,18665,4
113,18617,5
113,17689,5
113,12329,4
113,17173,4
114,4941,5
114,5631,3
114,5526,5
114,5923,5
114,11837,3
114,19447,2
114,17047,5
114,11840,3
114,1733,4
114,6241,5
114,15514,2
114,22161,1
114,1736,4
114,6975,5
114,17745,1
114,5742,2
114,2842,2
114,7803,5
114,21018,5
114,7797,5
114,7776,4
114,6186,1
114,15677,1
114,2898,5
114,13873,1
114,20033,1
114,13106,5
114,13473,2
114,13036,3
114,3218,2
114,18188,5
114,2496,1
114,10008,4
115,2218,5
115,15293,5
115,3491,3
115,13738,4
115,14925,4
115,5821,5
115,9328,5
115,3468,5
115,1526,2
115,13153,5
115,17979,2
115,7277,5
115,6667,5
115,5794,5
115,12185,5
115,16332,5
115,22266,5
115,472,3
115,3939,5
115,14785,3
115,13921,5
115,10084,5
115,7009,5
115,13108,1
115,9043,5
115,15530,4
115,18164,2
115,19963,5
115,15475,5
115,7494,3
115,9393,2
115,16334,5
115,19928,4
115,4471,3
115,7910,4
115,4472,5
115,16297,5
115,3162,4
115,9387,3
116,20307,5
116,21155,5
116,20705,5
116,19995,5
116,20005,5
116,21105,5
116,22195,5
116,19890,5
116,20925,5
116,20269,5
116,21237,5
116,21067,5
116,14384,5
116,21121,4
116,17780,5
116,21861,5
116,20761,5
116,21031,5
116,21112,5
116,21150,4
116,21694,5
116,9688,5
116,19797,5
116,20332,5
116,21117,4
116,20707,5
116,19959,5
116,20513,5
116,21389,5
116,21469,5
116,21547,5
116,21664,4
116,11227,5
116,21680,5
116,21806,5
116,21716,5
116,20874,5
116,21639,5
116,12046,5
116,20465,5
116,20451,5
116,20509,5
116,19714,5
116,20865,5
116,14177,5
116,20479,5
116,20356,5
116,20203,5
116,20105,5
116,20615,5
116,20613,5
116,2,4
116,19855,5
116,12045,5
116,3979,5
116,13741,5
116,19419,5
116,20008,5
116,19333,5
116,19358,5
117,12333,5
117,8394,4
117,16704,4
117,8406,5
117,4076,4
117,18452,5
117,8379,5
117,804,5
117,18451,4
117,14117,4
117,3190,4
117,12337,5
117,19676,5
117,3142,5
117,5548,4
117,8398,5
117,15317,5
117,8326,5
117,3026,5
117,4040,5
117,4037,4
117,108,3
117,96,3
117,8351,5
117,8385,4
117,8369,4
117,4188,4
117,12325,5
117,4032,3
117,19057,5
117,12323,4
117,19561,5
117,7240,5
117,8391,5
117,20255,4
117,19956,4
117,8408,5
117,8345,5
117,7246,5
117,18453,5
117,10528,4
117,14695,5
117,21950,5
117,17904,3
117,10710,5
117,14179,3
117,10709,5
117,8337,5
117,1473,3
118,9884,3
118,1121,5
118,6251,4
118,5914,4
118,447,3
118,6935,3
118,5955,4
118,1516,5
118,5769,5
118,14926,5
118,13674,5
118,2441,5
118,2442,5
118,5806,5
118,8578,5
118,3963,5
118,157,4
118,9012,5
118,16047,5
118,1122,4
118,225,5
118,6880,5
118,4547,4
118,5356,5
118,12894,5
118,1808,4
118,6466,5
118,1118,4
118,6883,5
118,6760,4
118,15303,5
118,1120,3
118,7592,4
118,6492,5
118,3960,5
119,3785,5
119,108,5
119,2325,4
119,13279,4
119,13630,4
119,13538,4
119,4519,5
119,20183,5
119,16483,5
119,13465,4
119,8340,5
119,20181,4
119,10120,5
119,11972,5
119,3996,5
119,8356,3
119,5832,3
119,3174,4
119,2555,4
119,14866,4
119,3696,5
119,11919,5
119,6599,3
119,5841,4
119,6455,3
119,7995,4
119,13461,5
119,13271,4
119,6608,3
119,8228,4
119,13943,5
119,16948,4
119,13946,4
119,10986,3
119,2990,4
119,7698,3
119,16768,4
119,10482,4
119,701,5
119,10990,5
119,10933,3
119,10464,4
119,5593,5
119,18686,5
119,3447,4
119,6959,5
119,11915,4
119,13133,5
119,8839,2
119,13248,4
119,3000,4
119,16784,4
119,8403,4
119,6452,5
119,4864,3
119,729,4
119,8352,4
119,13567,3
119,4706,5
119,19795,4
119,4861,3
119,18667,4
119,4862,3
119,16350,4
119,12096,4
119,19745,3
119,372,5
119,15266,5
119,18264,3
119,8387,3
119,13247,4
119,10402,4
119,14857,5
119,2997,5
119,10351,4
119,18641,4
119,19778,5
119,19880,5
119,2939,3
119,3159,2
119,5333,2
119,4232,3
119,13617,5
119,19981,4
119,7385,4
119,18370,4
119,397,2
119,20009,4
119,354,3
119,3814,2
119,4269,2
119,13070,5
119,19673,3
119,13261,3
119,5831,4
119,19706,4
119,4630,5
119,13456,3
119,6817,5
119,2591,3
119,19302,5
119,11734,2
119,4270,3
119,4919,3
119,8333,3
119,199,5
119,16766,4
119,19884,4
119,8409,4
119,10458,5
119,20035,5
119,5751,4
119,5825,4
119,19952,4
119,19803,4
119,1253,3
119,19984,4
119,20078,4
119,15261,5
119,10360,2
119,13246,3
119,9337,4
119,13149,5
119,8042,4
119,5199,5
119,20753,5
119,4189,5
119,14080,5
119,12988,4
119,10698,2
119,17914,4
119,17008,4
119,11097,4
119,18019,3
119,8381,4
119,4195,4
119,13577,3
119,2998,5
119,10385,4
119,13148,5
119,5176,2
119,17942,4
119,5267,3
119,8619,4
119,20921,3
119,13147,4
119,11988,4
119,17913,3
119,2636,5
119,16408,3
119,922,4
119,11554,4
119,9421,3
119,1695,4
119,11211,5
119,20418,1
119,21493,4
119,20838,5
119,11182,5
119,12724,4
119,21037,4
119,21000,4
119,20844,4
119,20833,4
119,18436,4
119,7368,4
119,16337,5
119,15810,4
119,18631,5
119,21075,3
119,10551,5
119,21241,4
119,15245,3
119,13499,3
119,16770,4
119,18106,3
119,7699,4
119,16931,4
119,13806,5
119,18614,4
119,4048,4
119,13506,5
119,18711,4
119,2310,5
119,17912,4
119,3180,3
119,13296,3
119,3548,4
119,20456,4
119,16628,4
119,8359,3
119,16399,5
119,10989,4
119,12708,4
119,11925,4
119,11034,3
119,4974,3
119,8162,5
119,12870,4
119,9805,4
119,14195,3
119,14397,5
119,15879,4
119,13878,3
119,13521,4
119,10530,4
119,12830,4
119,14381,4
119,4455,3
119,20572,4
119,4684,4
119,16417,3
119,7700,3
119,11002,4
119,811,3
119,13516,3
119,20618,4
119,8547,5
119,4050,4
119,4071,4
119,4988,4
119,9067,5
120,10216,5
120,10501,5
120,18998,5
120,19051,5
120,17693,5
120,14345,5
120,5245,5
120,14655,5
120,17721,5
120,19208,5
120,14706,5
120,14615,5
120,18982,5
120,12993,5
120,13452,5
120,18981,5
120,6545,5
120,10516,5
120,14714,5
120,14605,5
120,14711,5
120,14557,5
120,12710,5
120,12828,5
120,17904,5
120,7000,5
120,12988,5
120,6998,5
120,16934,5
120,20796,3
120,22213,5
120,19101,5
120,14710,5
121,8233,5
121,16602,3
121,19424,4
121,4957,5
121,12747,4
121,16711,5
121,19333,5
121,20066,3
121,19358,4
121,19414,4
121,19419,5
121,13490,5
121,20702,4
121,20975,3
121,21021,4
121,4976,3
121,19787,3
121,2701,5
121,3040,5
121,891,4
122,6913,4
122,15547,3
122,15255,3
122,15066,4
122,16650,5
122,8599,3
122,15860,5
122,10277,3
122,18719,5
122,14608,4
122,2901,5
122,16158,2
122,15858,5
122,8609,5
122,22325,5
122,19072,5
122,8610,5
122,8608,5
122,14927,5
122,8607,5
122,16207,5
122,5474,5
122,2941,5
122,15859,5
122,16209,5
123,11442,3
123,2527,3
123,9204,4
123,6231,5
123,7003,5
123,5608,5
123,3408,3
123,2478,4
123,1089,4
123,12218,4
123,10942,4
123,19641,4
123,3744,5
123,5462,5
123,855,4
123,10108,4
123,14972,5
123,2289,5
123,1374,3
123,14718,5
123,20596,5
123,13753,5
123,6456,5
123,10054,4
123,2471,5
123,1743,3
123,4626,4
123,12521,5
123,19671,4
123,9812,4
123,110,4
123,4529,5
123,10137,5
123,6641,4
123,19301,5
123,137,5
123,4494,5
123,8502,4
123,7018,5
123,1275,4
123,316,4
123,6648,4
123,8580,4
123,222,5
123,18112,3
123,14659,5
123,17769,5
123,200,5
123,2435,5
123,1310,4
123,7465,3
123,9089,5
123,11390,5
123,12175,5
123,17798,4
123,4102,5
123,22069,5
123,4468,5
123,22194,5
123,17785,5
123,14900,4
123,5068,4
123,17796,5
123,22283,5
123,21799,4
123,22257,5
123,17749,4
123,6230,5
123,1315,5
123,21903,5
123,21779,5
123,15037,5
123,10135,5
123,6232,5
123,6822,4
123,19945,5
123,17760,4
123,3932,5
123,3501,5
123,21785,5
123,9855,5
123,15517,5
123,283,5
123,6228,5
123,3894,5
123,3352,5
123,9101,5
123,6983,5
123,12207,5
123,7007,5
123,17716,5
123,13400,4
123,6846,5
123,1557,5
124,2467,4
124,6645,3
124,12256,4
124,12613,2
124,1889,4
124,1605,4
124,16088,4
124,3837,5
124,17169,5
124,5105,4
124,17439,4
124,17473,5
124,1608,4
124,9206,4
124,12258,4
124,10337,4
124,18415,3
124,12255,3
124,13841,5
124,18132,4
124,19088,4
124,17187,5
124,8912,5
124,17283,4
124,17381,4
124,1186,4
124,10584,5
124,12263,4
124,11256,5
124,15160,4
124,12973,4
124,15639,4
124,15333,5
124,13244,3
124,10356,4
124,1168,4
124,12953,4
124,13272,3
124,5126,3
124,15083,5
124,1252,4
124,3657,4
124,12351,4
124,12776,4
124,1925,4
124,10800,4
124,1352,5
124,17306,4
124,15098,4
124,18014,3
124,6397,4
124,17030,4
124,9582,5
124,7863,4
124,10440,4
124,16428,4
124,15760,4
124,18570,4
124,18648,4
124,18546,4
124,18548,5
124,5151,3
124,7894,4
124,13619,4
124,4273,3
124,2201,4
124,7445,3
124,6619,4
124,6812,4
124,6798,4
124,11671,3
124,8278,4
124,4840,4
124,1141,4
124,7432,3
124,9107,3
124,9103,5
124,7270,4
124,3643,4
124,11669,3
124,1325,4
124,12610,4
124,12262,3
124,12607,3
124,12609,2
124,9959,3
124,7020,4
124,6046,5
124,15214,5
124,9900,3
124,11726,4
124,4709,4
124,7961,4
124,217,5
124,16054,3
124,9958,5
124,16794,3
124,4713,5
124,11725,3
124,255,3
125,2479,5
125,16791,5
125,2318,4
125,4902,5
125,12773,5
125,13270,5
125,4893,5
125,20410,3
125,20086,5
125,12846,3
125,20522,5
125,20424,4
125,6450,5
125,17904,5
125,1397,4
125,20180,5
125,20229,5
125,10452,5
125,20208,5
125,10444,5
125,10453,5
125,16204,5
125,13140,4
125,1475,5
125,4599,5
125,15816,5
125,13853,5
125,155,5
125,20191,5
125,13262,5
125,6447,5
126,2736,5
126,11638,5
126,17004,5
126,4741,5
126,6760,5
126,4187,5
126,2505,5
126,13181,4
126,13226,5
126,4244,5
126,12043,5
126,10301,5
126,12048,5
126,12047,5
126,4508,5
126,9151,5
126,10302,5
126,11818,5
126,3615,5
126,12765,5
126,9853,5
126,12756,5
126,4242,5
126,4241,5
126,8752,5
126,2578,5
126,5541,5
126,12044,5
126,1822,5
126,1918,5
126,21997,5
126,12246,3
126,4002,5
126,3978,5
126,2577,5
126,3975,5
126,16059,5
126,7575,5
126,10671,5
126,15960,5
126,2558,5
126,3624,5
126,2625,1
126,3976,5
126,6123,5
126,5343,5
126,7980,5
126,6120,5
126,4263,4
126,4020,5
126,12053,5
126,715,5
126,3587,5
126,3593,5
126,11427,5
126,3982,5
126,13209,5
126,13194,5
126,3008,5
126,2579,5
126,8834,4
126,4249,4
126,10526,4
126,2694,5
127,4877,4
127,11668,5
127,3113,3
127,2364,3
127,11150,3
127,2243,2
127,7204,5
127,16708,3
127,13281,5
127,3618,4
127,18135,5
127,6793,5
127,15628,4
127,15626,5
127,15623,5
127,6647,2
127,4355,5
127,15055,5
127,21329,5
127,9949,5
127,7486,2
127,3971,5
127,18338,5
127,6696,5
127,11190,4
127,7212,4
127,7569,4
127,984,3
127,6801,5
127,15054,5
127,1491,5
127,14002,5
127,7566,5
127,7567,5
127,2164,4
127,14947,5
127,5525,5
127,17559,5
127,19253,4
127,13428,4
127,7202,3
127,13282,3
127,4839,5
127,2812,3
127,3115,4
127,7208,2
127,7207,4
127,4828,3
127,17161,5
127,14823,2
127,4841,3
127,6650,5
127,19366,5
127,2502,5
127,3473,3
127,2839,4
127,5714,3
127,3114,5
127,6792,5
127,6666,5
127,2191,4
127,20170,4
127,4249,2
127,16262,4
127,6625,4
127,5038,4
127,15163,5
127,3112,3
127,17156,5
127,8062,4
127,6056,4
127,11901,3
127,6853,4
127,4588,5
127,1276,4
127,6789,5
127,16614,2
127,2371,3
127,6442,4
127,1760,4
127,4301,3
127,265,4
127,6558,4
127,4333,5
127,5099,5
127,6791,4
127,2168,4
127,1193,3
127,50,2
127,3467,3
127,8537,3
127,2824,4
127,4866,4
127,9214,5
127,2398,2
127,20404,3
127,7600,5
127,6185,5
127,16653,3
127,9258,2
127,14962,4
127,18118,4
127,2375,4
127,4834,5
127,1417,1
127,1304,5
127,2198,5
127,10952,5
127,2193,5
127,2557,5
127,13043,2
127,7463,3
127,15139,5
127,15138,5
127,15584,2
127,4379,3
127,4584,5
127,14157,3
127,15625,5
127,10938,3
127,3116,5
127,4287,3
127,19249,1
127,7203,5
127,4384,3
127,4224,3
127,9070,4
128,15398,5
128,9785,5
128,19170,1
128,14934,5
128,15693,5
128,4653,5
128,9747,4
128,2900,5
128,4651,5
128,7286,5
128,4955,5
128,6187,3
128,6396,5
128,15694,5
128,6399,4
128,2883,5
128,15155,5
128,18232,5
128,19169,4
128,18248,4
128,18238,4
128,19168,4
128,2901,5
128,2886,2
128,6171,5
128,4952,5
128,4953,5
128,10113,5
128,4773,5
128,4959,5
128,10373,5
128,18595,5
128,2940,2
128,5086,5
128,2930,5
128,2456,5
128,10808,5
128,14231,5
128,10550,5
128,2942,4
128,15818,5
128,15785,5
128,13022,5
128,15436,5
128,202,5
128,4298,1
128,4958,5
128,15397,5
128,18214,5
128,15817,5
128,9784,5
128,18233,5
128,19171,5
129,21802,5
129,21766,4
129,21931,5
129,20859,4
129,21786,4
129,21831,4
129,21299,3
129,21002,4
129,21215,4
129,21257,4
129,20696,4
129,21476,4
129,20348,4
129,21500,4
129,21371,5
129,20845,4
129,20213,5
129,21979,5
129,21536,4
129,21755,4
129,20587,4
129,20627,4
129,20990,5
129,21620,4
129,21870,4
129,21304,4
129,19008,4
129,12998,5
129,21552,4
129,21589,5
129,17770,4
129,20387,4
129,21342,4
129,21699,4
129,20322,4
129,21314,4
129,21323,4
129,19988,5
129,21633,4
129,21137,4
129,20779,4
129,22099,4
129,22280,4
129,22322,4
129,22088,4
129,22054,4
129,22299,5
129,22206,4
129,21925,5
129,22234,4
129,20082,4
129,21812,5
129,20958,5
129,22168,4
129,19713,4
129,22068,4
129,19854,4
129,20350,5
129,22058,4
129,22182,5
129,21184,4
129,21068,5
129,22045,4
129,22116,4
129,22122,5
129,22049,4
129,21616,4
129,22020,5
129,21205,4
129,21968,4
129,20545,5
129,20681,5
130,10231,5
130,3489,4
130,4652,5
130,10241,3
130,4682,5
130,2846,5
130,18497,5
130,9368,5
130,6673,5
130,1837,4
130,2163,5
130,9366,5
130,10236,5
130,4283,3
130,2397,4
130,10317,3
130,2860,4
130,12742,3
130,18318,4
130,9986,5
130,2381,2
130,15256,3
130,8606,3
130,1606,4
130,4268,3
130,8605,5
130,22312,5
130,9523,4
130,5699,5
130,9191,4
130,18577,3
130,12355,3
130,17395,5
130,16208,4
130,18540,5
130,18275,4
130,18279,3
130,1983,4
130,8623,4
130,3599,5
130,9012,4
130,15544,5
130,11794,5
130,7084,5
131,19644,5
131,19634,2
131,20076,4
131,20299,5
131,20252,4
131,21639,5
131,21919,5
131,21861,5
131,22288,5
131,21649,5
131,22221,5
131,21650,5
131,20057,4
131,21651,5
131,2014,4
131,22079,5
131,22029,5
131,22063,5
131,20733,4
131,21800,5
131,22323,5
131,20598,5
131,21216,4
131,20050,1
131,21659,3
131,21623,5
131,19412,5
131,20924,5
131,19420,5
131,20313,3
131,20118,5
131,21202,2
131,19326,5
131,20886,5
131,20290,5
131,19464,5
131,20692,4
131,19514,5
131,19989,5
131,20676,5
131,19714,4
131,20619,3
131,20819,5
131,20888,5
131,20776,5
131,20829,5
131,20177,5
132,19834,5
132,21288,5
132,20067,4
132,20295,5
132,19324,5
132,20394,5
132,20362,3
132,19651,5
132,20027,4
132,19637,4
132,20030,5
132,19934,5
132,20023,5
132,21166,4
132,20719,5
132,20536,5
132,20535,5
132,20558,4
132,19383,3
132,19647,4
132,19514,5
132,19420,5
132,20321,4
132,20299,4
132,19913,4
132,20452,4
132,19890,5
132,20146,4
132,19350,5
132,20386,5
132,20390,4
132,19764,5
132,20134,5
132,20360,5
132,19555,5
132,21004,5
132,20214,5
132,21384,4
132,19422,4
132,20343,4
132,20290,5
132,20667,5
132,21424,4
132,20753,5
132,20358,4
132,20772,3
132,20574,5
132,19440,4
132,20676,5
132,19694,5
132,20521,5
132,20313,5
132,20686,5
132,19329,4
132,19969,5
132,20576,4
132,20347,4
132,19752,5
133,11498,5
133,11481,5
133,3147,5
133,3125,5
133,11529,5
133,3124,5
133,3145,5
133,3149,5
133,11536,5
133,11528,5
133,3148,5
133,11499,5
133,1748,5
133,3117,5
133,3146,5
133,11535,5
133,11526,5
133,11527,5
133,11533,5
133,11530,5
133,11531,5
133,14705,5
134,4208,5
134,8192,4
134,13871,5
134,6465,4
134,19014,5
134,19346,3
134,4332,5
134,11660,4
134,279,4
134,7476,3
134,17915,5
134,12841,5
134,12837,5
134,11899,5
134,11833,3
134,5493,2
134,17256,5
134,13485,5
134,6274,5
134,1360,4
134,16828,4
134,19517,4
134,13999,3
134,19012,3
134,20014,4
134,2580,4
134,18425,5
134,11040,3
134,20767,3
134,6069,5
134,17631,4
134,9482,5
134,15207,5
134,147,4
134,2877,4
134,19379,4
134,15787,5
134,12608,3
134,10310,4
134,4883,5
134,14840,4
134,15597,4
134,18572,3
134,2462,4
134,4880,4
134,4675,4
134,18330,4
134,6657,5
134,4594,3
134,12111,5
134,10314,4
134,14963,5
134,18574,4
134,6193,5
134,327,5
134,10282,4
134,11937,5
134,12253,4
134,4882,5
134,18127,4
134,4748,5
134,18578,4
134,10267,5
134,4316,4
134,16027,5
134,4331,5
134,11652,4
134,1854,5
134,15157,5
134,13228,4
134,11998,5
134,20244,4
134,72,2
134,2909,4
134,10547,4
134,2952,4
134,287,5
134,15746,5
134,15336,5
134,18315,4
134,7288,5
134,16345,4
134,3869,5
134,2873,5
134,15210,4
134,130,5
134,8203,4
134,12735,4
134,4590,3
134,3559,3
134,13001,4
134,15596,4
134,2914,4
134,7340,5
134,2935,5
134,13653,4
134,18636,4
134,7874,5
134,16431,4
134,19976,3
134,18678,3
134,4784,5
134,2650,4
134,2313,3
134,15209,5
134,19490,5
134,6698,4
134,5055,4
134,10736,3
134,2936,4
134,13069,5
134,10481,4
134,15674,4
134,13483,5
134,11701,3
134,15211,5
134,13016,4
134,6506,3
134,13040,4
134,2902,4
134,3735,3
134,19841,4
134,6206,3
134,7671,4
134,13390,3
134,7482,4
134,12734,3
134,7669,3
134,4694,4
134,14986,5
134,7289,4
134,7678,4
134,2934,4
134,515,4
134,7677,4
134,13023,4
134,12620,3
134,19654,5
134,19018,5
134,67,4
134,18589,5
134,7675,4
134,14138,5
134,7468,3
134,207,4
134,16700,3
134,1449,4
134,11073,4
134,14391,3
134,10578,3
134,780,4
134,3538,4
134,1906,5
134,15521,5
134,13869,5
134,6663,5
134,3718,4
134,13185,4
134,11849,3
134,9791,3
134,11835,4
134,11914,5
134,13061,5
134,4403,4
134,15158,5
134,3575,5
134,18457,5
134,10437,5
134,4347,3
134,4335,4
134,6805,5
134,13502,5
134,13870,4
134,3004,4
134,252,4
134,6476,5
134,4314,4
134,18682,3
134,16699,3
134,19542,5
134,7360,4
134,3845,4
134,7287,5
134,18456,5
134,1450,5
134,4790,4
134,1922,4
134,17081,4
134,16702,4
134,3543,5
134,7424,5
134,66,4
134,4783,4
134,2598,5
134,7775,4
134,6740,4
134,10007,5
134,13053,2
134,151,3
134,8880,3
134,2503,4
134,18220,3
134,126,3
134,3639,5
134,7423,4
134,2894,5
134,2876,3
134,9848,4
134,2867,4
134,6653,4
134,3318,4
134,14913,5
134,7379,5
134,1292,5
134,4640,5
134,9096,5
134,83,4
134,14949,3
134,7504,4
134,1354,4
134,4777,4
134,2772,3
134,191,4
134,18236,5
134,4644,5
134,2629,4
134,4865,4
134,9201,4
134,14899,4
134,8054,5
134,15228,4
134,6416,4
134,11735,4
134,15102,4
134,7458,4
134,4704,4
134,8274,5
134,2896,4
134,3633,5
134,8570,4
134,15298,2
134,18190,4
134,18465,4
134,12005,4
134,7449,3
134,192,4
134,6923,5
134,2060,4
134,19298,4
134,3894,5
134,1834,4
134,9974,4
134,15151,4
134,6191,4
134,1282,4
134,7474,4
134,11665,4
134,7438,4
134,15020,5
134,173,3
134,18237,5
134,9944,4
134,18539,3
134,19259,5
134,180,4
134,1138,3
134,158,4
134,6478,4
134,15747,2
134,10214,5
134,202,4
134,2893,5
134,61,5
134,18300,3
134,11672,4
134,181,5
134,15710,4
134,2170,4
134,15549,3
134,184,4
134,7666,4
134,6752,3
134,1517,5
135,16517,5
135,12863,5
135,12456,3
135,12862,5
135,13411,4
135,16411,4
135,16785,5
135,13241,5
135,16762,4
135,16506,5
135,7395,5
135,16412,5
135,3584,5
135,12857,4
135,16508,5
135,7396,5
135,12580,4
135,1975,5
135,13238,5
135,1976,5
135,16414,4
135,535,5
135,16507,5
135,16452,5
135,12856,4
135,7394,5
135,16471,5
135,13240,5
135,630,4
135,16413,5
135,1974,5
135,12459,5
136,18998,4
136,22177,3
136,12468,5
136,21823,4
136,18983,5
136,14769,5
136,18994,3
136,10491,4
136,12470,5
136,18982,5
136,12993,5
136,14706,5
136,12988,5
136,5204,5
136,8178,5
136,19000,5
136,8179,5
136,1467,5
136,21960,4
136,14122,4
136,14806,5
136,22015,4
136,1473,5
136,21889,1
136,22111,4
136,14367,4
136,1472,4
136,10614,4
136,5226,5
136,21844,4
136,10602,4
136,21875,4
136,21770,4
136,20830,3
136,21895,4
136,5293,5
136,12471,5
136,17724,5
136,20143,4
136,21916,4
136,1436,5
137,12470,5
137,4334,5
137,3394,5
137,18820,5
137,12990,4
137,18978,5
137,19132,5
137,12985,5
137,12696,5
137,14719,4
137,22261,5
137,18059,5
137,17904,4
137,19219,5
137,5293,5
137,5295,5
137,17787,3
137,19140,5
137,17786,3
137,22213,5
137,12467,5
137,19139,5
137,5298,5
137,10607,5
137,10608,5
137,5285,5
138,2358,4
138,1578,3
138,13798,4
138,15806,4
138,3554,4
138,11602,5
138,18586,5
138,17286,5
138,18209,5
138,2716,5
138,17452,5
138,11795,5
138,7730,5
138,5606,5
138,11619,5
138,11162,3
138,4045,5
138,1617,4
138,16128,3
138,15836,5
138,11723,5
138,17354,5
138,17440,5
138,16605,4
138,1227,3
138,3656,4
138,1221,5
138,8853,4
138,16312,4
138,10760,4
138,7876,4
138,1251,5
138,2937,5
138,7890,5
138,1444,4
138,16540,4
138,2363,4
138,12386,4
138,16021,4
138,84,5
138,7933,5
138,7446,5
138,8555,5
138,13555,5
138,1836,3
138,18263,4
138,2444,5
139,20789,5
139,7001,5
139,14542,2
139,14418,3
139,18556,4
139,11109,1
139,5238,4
139,17905,5
139,14397,1
139,1436,5
139,7366,5
139,12802,3
139,14375,1
139,19216,4
139,14374,5
139,12709,5
139,18675,5
139,10539,4
139,14332,5
139,13744,5
139,12708,5
139,7004,5
139,18674,5
139,20669,5
139,20828,5
139,14278,5
139,14367,3
139,14371,5
139,6461,5
139,18767,3
139,10286,1
139,17904,5
140,13255,4
140,17556,5
140,11973,4
140,10618,5
140,11191,5
140,11262,5
140,1024,5
140,1071,4
140,11300,5
140,14813,4
140,11223,4
140,6378,4
140,17669,5
140,17889,5
140,11471,3
140,7245,3
140,11338,3
140,11550,4
140,8420,4
140,6367,4
140,6375,4
140,11340,4
140,13901,3
140,11312,5
140,8331,4
140,17518,4
140,9085,5
140,3046,4
140,18141,5
140,2702,4
140,11343,3
140,11287,3
140,14600,4
140,11307,4
140,11320,3
140,3056,4
140,14594,5
140,19023,5
140,8416,3
141,14621,5
141,14591,4
141,14635,5
141,14747,5
141,12543,5
141,14636,5
141,10472,5
141,2005,5
141,10950,5
141,12436,2
141,526,3
141,10926,5
141,8049,5
141,6292,5
141,11792,4
141,12430,4
141,15377,5
141,12434,4
141,16440,5
141,10287,5
141,16117,5
141,5423,5
141,20352,5
141,12921,5
141,7662,4
141,4472,5
141,620,5
141,486,5
141,488,5
141,560,2
141,10392,5
141,12897,5
141,2327,4
141,15375,4
141,5419,4
141,14436,5
141,11630,5
141,4171,5
141,3424,5
141,14448,5
141,532,4
141,18653,4
141,7663,5
141,10672,4
141,12835,5
141,821,5
141,9022,4
141,5432,5
141,487,5
141,12277,4
141,14490,4
141,7800,5
141,12540,5
141,6546,5
141,3611,5
141,14753,5
141,14754,5
141,14634,5
141,8034,5
141,10675,5
141,4098,5
141,2600,5
141,13693,5
141,3790,4
141,13806,5
141,3807,4
141,14610,5
141,10574,5
141,13874,5
142,4947,3
142,16779,3
142,11035,3
142,1858,5
142,6096,2
142,6093,4
142,16953,3
142,4439,4
142,11006,4
142,17150,4
142,14051,3
142,5551,4
142,6095,4
142,5651,5
142,15878,3
142,9433,4
142,14278,5
142,13608,3
142,774,2
142,4983,2
142,13148,5
142,13929,5
142,6079,5
142,11003,3
142,3569,4
142,14049,3
142,5987,4
142,738,5
142,16709,2
142,10626,5
142,13648,5
142,4071,4
142,4050,3
142,734,3
142,1860,4
142,13217,5
142,1494,4
142,12751,5
142,461,4
142,2867,2
142,20328,4
142,17595,2
142,16866,4
142,2666,4
142,1468,4
142,17991,2
142,7694,4
142,17931,5
142,14234,4
142,11357,5
142,15713,5
142,9403,3
142,11118,2
142,9041,3
142,6089,4
142,18791,3
142,9047,5
142,3838,4
142,11108,5
142,3025,4
142,16674,4
142,2638,3
142,13880,4
142,13060,5
142,3541,3
142,16699,2
142,16664,4
142,16702,2
142,9050,5
142,5706,3
142,5260,4
142,4064,4
142,15716,3
142,10038,4
142,586,3
142,6092,2
142,3476,4
142,18094,5
142,4247,3
142,9950,3
142,5044,5
142,2871,4
142,6758,5
142,8594,5
142,15610,3
142,567,4
142,2965,4
142,5061,3
142,4906,3
142,4774,3
142,637,3
142,19706,3
142,642,3
142,11837,4
142,2287,5
142,3540,4
142,16292,3
142,565,4
142,4876,3
142,2945,4
142,3836,3
142,11358,5
142,19802,3
142,8277,4
142,1266,3
142,15607,4
142,11697,3
142,9064,4
142,3699,4
142,1816,3
142,9311,4
142,6804,3
142,9876,2
142,2969,3
142,4795,4
142,1888,4
142,330,3
142,3651,5
142,3738,4
142,5056,3
142,6431,3
142,6919,4
142,3207,2
142,1447,3
142,9395,3
142,4315,2
142,15115,3
142,3324,4
142,3647,4
142,9139,2
142,9383,5
142,340,4
142,13613,4
142,6199,3
142,4717,3
142,2299,3
142,3993,3
142,4048,4
142,730,3
142,13179,4
142,8880,4
142,6702,3
142,9849,3
142,17826,5
142,16948,5
142,5063,4
142,11000,3
142,4045,3
142,4013,3
142,15232,1
142,16657,5
142,1264,5
142,1828,4
142,12090,2
142,737,4
142,9143,4
142,13550,2
142,13526,3
142,834,4
142,5426,5
142,6521,4
142,11013,4
142,5428,3
142,2337,4
142,794,4
142,3708,5
142,755,5
142,2310,4
142,820,4
142,18650,5
142,5616,3
142,791,4
142,11005,4
142,3016,3
142,7482,5
142,11707,5
142,7875,4
142,16021,3
142,16483,4
142,13585,3
142,15873,2
142,3516,4
142,3535,3
142,88,4
142,8309,4
142,20135,3
142,1981,5
142,710,4
142,9428,4
142,10016,3
142,729,5
142,15303,5
142,3544,5
142,1827,3
142,16777,5
142,2016,3
142,6074,3
142,11840,4
142,18582,4
142,2411,3
142,1424,5
142,5034,5
142,10945,5
142,6566,5
142,6023,4
142,2361,4
142,6471,4
143,5399,5
143,5047,5
143,3901,5
143,1936,4
143,4852,5
143,1763,4
143,12122,5
143,3296,5
143,19521,4
143,12023,5
143,7650,5
143,3823,5
143,8588,5
143,6739,5
143,5916,5
143,7655,5
143,18272,5
143,1705,5
143,16303,5
143,16102,4
143,5372,5
143,7409,4
143,1219,5
143,5116,4
143,6402,5
143,15129,5
143,19368,4
143,12103,3
143,5390,5
143,9386,4
143,9761,5
143,1592,5
143,1225,5
143,15164,5
143,9263,5
143,1201,4
143,1254,4
143,18129,5
143,7872,5
143,16605,4
143,8958,4
143,2379,5
143,12038,5
143,7453,5
143,3334,5
143,18201,4
143,5582,5
143,18549,4
143,8284,5
143,6958,5
143,3629,5
144,9081,5
144,18262,5
144,15603,4
144,14068,4
144,12097,5
144,22295,2
144,10143,5
144,16753,2
144,4593,1
144,14919,3
144,6864,5
144,4616,3
144,1420,5
144,18120,5
144,2397,5
144,304,1
144,4286,5
144,1565,5
144,1918,1
144,1404,3
144,6820,5
144,18485,4
144,16179,5
144,13174,5
144,18652,4
145,1555,4
145,641,5
145,670,5
145,166,5
145,5193,1
145,6922,5
145,12877,5
145,12238,4
145,5223,2
145,5802,5
145,5844,5
145,8734,5
145,5957,5
145,7962,5
145,2441,5
145,3436,5
145,2497,5
145,4038,5
145,1106,5
145,4127,5
145,4547,4
145,9880,5
145,2270,5
145,7788,5
145,9012,5
145,16010,5
145,15570,4
145,12183,4
145,7043,5
145,224,5
145,4849,5
145,639,5
145,11950,5
145,480,5
145,5975,5
145,5839,3
145,4146,3
145,2273,5
145,12195,4
145,7994,5
145,14959,5
145,7880,5
145,7868,5
146,20305,5
146,20333,5
146,20005,5
146,21697,5
146,20957,5
146,20144,5
146,20935,5
146,21019,5
146,21708,5
146,20819,5
146,21679,5
146,21987,5
146,21625,5
146,21245,5
146,21734,5
146,21381,5
146,20455,5
146,20644,5
146,20806,5
146,20313,5
146,20330,5
146,20217,5
146,20258,5
146,20007,5
146,19890,5
146,20345,5
146,20431,5
146,20076,5
146,20013,5
146,20048,5
146,20597,5
146,20481,5
146,19994,5
146,20286,5
146,20358,5
146,20361,5
146,20963,5
146,20812,5
146,20293,5
146,20882,5
146,20513,5
146,20788,5
147,18363,3
147,2135,3
147,2136,5
147,7222,5
147,13862,5
147,19810,5
147,13265,4
147,12562,5
147,15700,4
147,9663,5
147,17006,4
147,10816,5
147,7236,4
147,14046,5
147,12561,5
147,14389,5
147,2652,5
147,16969,4
147,242,5
147,17292,5
147,12568,5
147,17293,5
147,2063,5
147,17423,5
147,17447,4
147,17417,5
147,17012,4
147,17290,4
147,17359,5
147,17269,5
147,14940,5
147,9667,4
147,17261,5
147,2118,5
147,18831,5
147,17539,5
147,16882,5
147,14665,5
147,18824,5
147,8932,5
147,17393,5
147,12968,4
147,12818,4
147,14932,5
147,8476,4
147,6457,5
147,9980,5
147,9776,5
147,2114,4
147,9981,5
147,3550,4
147,12969,5
147,12491,4
147,18085,5
147,13574,5
147,10831,4
147,13306,5
147,9426,4
147,7773,5
147,6407,4
147,9775,5
147,580,5
147,9338,3
147,2075,5
147,10764,5
147,17504,5
147,9378,4
147,15318,5
147,9331,5
147,15000,4
147,15342,5
147,1658,5
147,8271,4
147,2161,5
147,11817,5
147,8440,5
147,2071,5
147,18288,4
147,12691,4
147,18101,4
147,12861,3
147,7768,5
147,12865,4
147,15313,5
147,9654,4
147,7759,4
147,12660,5
147,17071,5
147,14946,3
147,11761,4
147,17027,5
147,15807,4
147,17221,5
147,11769,5
147,7752,4
147,12667,5
147,2800,5
147,12663,5
147,8487,5
147,17029,5
147,12654,5
147,12658,5
147,11964,5
147,145,5
147,12666,5
147,12661,4
147,12652,5
147,17674,5
147,17436,2
147,7760,4
147,12664,3
147,12665,5
147,12650,5
147,22301,5
147,7745,5
147,17491,5
147,17498,5
147,17474,4
147,16838,5
147,7741,5
147,12649,4
147,17480,5
147,12648,4
147,15706,5
147,8902,5
147,17425,4
147,17444,5
147,11752,5
147,14411,5
147,9586,5
147,7754,5
147,11758,5
147,15557,5
147,12657,5
147,10829,5
147,18899,4
147,17448,4
147,17457,4
147,17495,4
147,7738,5
147,7128,5
147,3450,5
147,17295,4
147,12653,3
147,12647,5
147,15280,5
147,7720,5
147,15707,5
147,17479,5
147,15708,5
147,17024,4
147,12645,5
148,6152,2
148,2511,1
148,4342,4
148,2667,3
148,20831,3
148,570,4
148,17676,3
148,20541,2
148,4466,3
148,4331,4
148,15854,2
148,19752,4
148,19750,5
148,6107,5
148,536,4
148,15695,3
148,13975,2
148,20772,5
148,21075,1
148,2993,3
148,12518,5
148,4410,2
148,14528,4
148,49,4
148,8405,1
148,11,5
148,1455,3
148,251,4
148,6147,4
148,2219,3
148,18097,4
148,20706,5
148,6149,4
148,13691,5
148,3969,5
148,3506,5
148,6150,5
148,4748,4
148,6148,4
148,13980,4
148,5991,4
148,19659,1
148,15305,4
148,19337,4
148,19342,4
148,6143,4
148,6144,5
148,2669,4
148,6658,5
148,9475,3
148,19719,1
148,6108,3
148,2370,4
149,19839,4
149,5817,4
149,4154,5
149,1367,3
149,6901,5
149,3246,3
149,11720,4
149,15998,4
149,10283,4
149,9236,4
149,2463,5
149,3647,5
149,14831,3
149,16022,4
149,18428,5
149,5824,3
149,11658,4
149,9123,4
149,4043,4
149,2350,5
149,8214,5
149,395,4
149,16801,3
149,16188,4
149,18722,3
149,5935,5
149,9248,4
149,15873,4
149,3775,4
149,6559,3
149,18316,5
149,16587,4
149,7404,5
149,16187,5
149,18673,4
149,1374,4
149,1389,2
149,4289,5
149,10950,4
149,18320,3
149,10030,5
149,6403,2
149,114,4
149,3433,3
149,16011,4
149,1357,5
149,12449,5
149,4626,5
149,140,4
149,100,4
149,18649,5
149,1260,5
149,13652,3
149,3457,5
149,10459,2
149,3590,5
149,1330,4
149,6777,5
149,10943,5
149,16008,5
149,10276,5
149,19496,4
149,14958,4
149,10504,2
149,4146,5
149,10478,4
149,14871,5
149,2582,4
149,514,5
149,573,4
149,12211,4
149,1096,5
149,13014,4
149,11908,4
149,10394,4
149,15863,4
149,2345,5
149,13260,4
149,8324,3
149,14342,2
149,13400,5
149,18655,4
149,18700,3
149,3738,4
149,1527,3
149,3739,3
149,363,3
149,6886,5
149,10391,4
149,9302,2
149,200,4
149,2646,5
149,2775,5
149,4503,5
149,2438,5
149,15637,4
149,4471,2
149,4472,5
149,2004,5
149,9301,3
149,4507,3
149,12369,3
149,13046,3
149,6646,4
149,12236,3
149,15867,2
149,486,4
149,9541,3
149,1525,5
149,16435,3
149,7320,3
149,9120,5
149,9121,5
149,5921,3
149,1400,5
149,4534,4
149,3466,4
149,8432,5
149,4581,3
149,2298,4
149,351,2
149,6510,3
149,2242,5
149,2518,5
149,4624,3
149,1078,3
149,8556,5
149,5561,2
149,4036,5
149,9988,5
149,2349,4
150,21422,4
150,14663,5
150,18849,4
150,19011,5
150,1462,3
150,14757,5
150,13601,4
150,6567,5
150,13878,3
150,2348,5
150,19785,3
150,773,4
150,2349,4
150,11057,5
150,12591,5
150,13881,5
150,14355,3
150,10563,4
150,14356,3
150,20254,5
150,13883,5
151,12944,3
151,16312,5
151,5606,5
151,12440,4
151,2044,4
151,17816,4
151,13573,5
151,772,3
151,2310,5
151,2041,5
151,16778,4
151,12488,5
151,7843,5
151,7842,5
151,3686,5
151,13020,4
151,6014,5
151,13552,1
151,10826,4
151,7840,5
151,17825,5
151,13021,5
151,10974,5
151,13572,5
151,3007,5
151,12482,5
151,18559,4
151,8295,5
151,11742,5
151,5979,5
151,396,2
151,9046,4
151,2016,4
151,1803,5
151,370,4
151,1495,4
151,1722,5
151,422,4
151,584,5
151,3447,4
151,10975,5
151,16777,4
151,16561,4
151,16624,5
151,2926,5
151,5980,3
151,7405,5
151,2046,5
151,15993,3
151,14054,5
151,14891,5
151,1931,5
151,16539,2
151,5867,5
151,5664,5
151,13648,5
151,6102,5
151,11564,5
151,10844,5
151,16659,4
151,16474,5
151,5864,5
152,15171,5
152,4246,5
152,15120,5
152,4291,5
152,2260,5
152,9487,5
152,4293,5
152,16299,5
152,15167,3
152,2246,5
152,6058,5
152,2113,5
152,20588,2
152,1968,4
152,13300,5
152,19513,4
152,21409,4
152,21268,5
152,21573,5
152,16988,4
152,11080,5
152,21794,5
152,4203,4
152,21207,5
152,7463,5
152,14116,2
153,5871,5
153,6283,4
153,4489,5
153,7593,4
153,15180,4
153,12421,5
153,16440,5
153,5882,4
153,18569,5
153,1376,5
153,17519,5
153,7959,5
153,3412,5
153,6326,5
153,14306,5
153,12946,5
153,4113,5
153,18706,3
153,96,5
153,6667,5
153,6947,5
153,1362,5
153,11568,5
153,5889,4
153,5888,5
153,11905,3
153,15378,5
153,9343,2
153,5834,5
153,15018,3
153,12760,4
153,5579,5
153,13105,5
153,4114,4
153,3894,5
153,875,5
153,15472,5
153,10725,5
153,947,5
153,14577,5
153,11638,5
153,1083,5
153,9003,5
153,16007,3
153,6762,5
153,13886,5
153,11574,3
153,15425,5
153,8005,5
153,11582,5
153,889,3
153,8577,5
153,12449,5
153,17971,2
153,8018,5
153,5660,5
153,135,5
153,14619,5
153,924,5
153,11598,5
153,3586,5
153,6577,5
153,16191,5
153,538,3
153,12278,5
153,8011,5
153,18563,5
153,12413,5
153,13818,5
153,12936,5
153,5429,3
153,12409,5
153,5845,5
153,5901,5
153,2587,5
153,16020,5
153,7280,5
153,6325,5
153,17873,5
153,12401,5
153,13711,5
153,6310,5
153,12266,5
153,208,5
153,14404,4
153,17877,4
153,3954,1
153,12404,5
153,14590,5
153,10723,5
153,19560,5
153,19191,5
153,5857,5
153,4111,5
153,11572,5
153,17726,2
153,3916,4
153,3233,5
153,4824,5
153,447,5
153,9027,5
153,299,4
153,14171,4
153,948,5
153,16478,5
153,12923,5
153,14627,5
153,3897,5
153,8579,5
153,5661,5
153,13385,5
153,12933,5
153,14180,5
153,20932,3
153,12432,5
153,14519,5
153,1539,5
153,13686,4
153,13831,5
153,1378,5
153,12431,5
153,13814,5
153,12223,5
153,6851,4
153,12924,5
153,8578,5
153,12426,5
153,11957,3
153,12399,5
153,12945,5
153,2735,4
153,9012,5
153,12231,5
153,14572,3
153,5810,5
153,10616,5
153,17545,5
153,3901,5
153,108,5
153,14164,2
153,3251,4
153,17577,3
153,14515,5
153,5892,5
153,7941,5
153,9330,5
153,9113,5
153,10688,5
153,15177,5
153,5872,5
153,4473,5
153,9097,2
153,9017,5
153,12411,5
153,7016,5
153,3287,5
153,14579,3
153,9329,4
153,6835,5
153,5798,5
153,18413,5
153,20717,5
153,7990,5
153,4110,5
153,2301,1
153,5578,2
153,16945,4
153,7045,5
153,5431,5
153,9099,5
153,3417,5
153,11575,5
153,8019,5
153,14571,5
154,411,5
154,16331,5
154,7626,5
154,5933,5
154,5932,4
154,12319,5
154,9350,3
154,3195,5
154,8582,5
154,12215,3
154,15304,5
154,18501,5
154,15920,5
154,2216,5
154,16118,5
154,12079,5
154,5092,5
154,16286,4
154,2461,4
154,16098,5
154,4610,5
154,12172,5
154,12199,2
154,12725,4
154,9086,4
154,10100,2
154,9863,4
154,3752,4
154,15993,3
154,16116,4
154,385,5
154,15970,5
154,9754,3
154,16396,5
154,16336,5
154,16335,4
154,12713,5
154,15762,5
154,8703,3
154,1925,5
154,6713,4
154,12952,5
154,10907,5
154,16334,5
154,2802,5
154,11853,1
154,2000,5
154,1995,3
154,18643,5
154,1997,3
154,6508,5
154,13132,2
154,652,2
154,16370,4
154,13087,1
154,16366,4
154,518,5
154,3078,2
154,10139,5
154,19510,5
154,3763,2
154,3657,3
154,2465,4
154,15711,3
154,12114,5
154,16332,5
154,1235,3
154,17622,5
154,15160,4
154,11601,5
154,10134,5
154,12197,3
154,12024,5
154,1254,4
154,6816,4
154,15534,5
154,16877,5
154,17006,5
154,12190,5
154,13162,3
154,18012,5
154,16872,5
154,13342,5
154,3744,5
154,6602,5
154,18824,4
154,13348,5
154,16880,5
154,9864,5
154,15231,5
154,15675,5
154,6957,5
154,9662,5
154,13771,5
154,16875,4
154,17462,5
154,17280,4
154,17460,5
154,13374,5
154,17356,5
154,17385,5
154,3048,4
154,2728,4
154,11261,5
154,2174,5
154,13902,5
154,16523,5
154,17614,5
154,13007,5
154,9667,5
154,18384,3
154,15710,5
154,6618,5
154,7329,3
154,2549,5
154,2189,4
154,2519,5
154,7390,5
154,5752,5
154,2548,4
154,12186,5
154,2443,5
154,2433,5
154,11726,5
154,9,5
154,18341,5
154,235,5
154,5097,5
154,187,5
154,10355,4
154,1786,4
154,1428,5
154,2432,5
154,9384,5
154,6617,4
155,1293,4
155,12171,5
155,3505,5
155,1519,5
155,18230,5
155,1385,5
155,3931,4
155,9733,4
155,1569,4
155,1314,5
155,19255,5
155,15110,5
155,1386,4
155,19,4
155,6462,5
155,5450,5
155,1127,3
155,6464,4
155,6889,4
155,7016,4
155,1329,5
155,3893,4
155,6275,4
155,1102,5
155,3913,4
155,6012,4
155,11930,4
155,11965,4
155,6244,4
155,9245,4
155,15662,4
155,6477,5
155,15394,5
155,3900,4
155,2199,5
155,2138,4
155,15392,4
155,2165,5
155,15511,4
155,1075,5
155,7033,4
155,6825,4
155,1515,4
155,6247,4
155,7785,4
155,1302,3
155,4504,4
155,3927,4
155,3945,4
155,7015,4
155,4111,5
155,7560,3
155,7555,5
155,3901,4
155,15184,4
155,3446,4
155,3896,4
155,55,4
155,2435,5
155,74,4
155,1103,5
155,3915,4
155,139,4
155,4134,4
155,1523,5
155,4128,4
155,3952,4
155,4637,5
155,4102,5
155,9992,4
155,6877,4
155,1518,4
155,7193,3
155,6881,4
155,6280,3
155,102,4
155,4475,3
155,10019,2
155,18443,2
155,9092,5
155,6667,3
155,9794,2
155,1811,3
155,6947,4
155,1101,5
155,3949,4
155,4798,3
155,4114,4
155,1126,3
155,6818,4
155,3380,4
155,15042,3
155,6858,3
155,9774,5
155,56,2
155,3617,5
155,3947,4
155,8694,4
155,1524,5
155,1321,4
155,3908,4
155,6835,4
155,9099,4
155,101,5
155,15393,4
155,3404,5
155,3948,4
155,6644,4
155,6841,4
155,9993,4
155,4617,5
155,5516,5
155,1331,4
155,15991,5
155,1509,4
155,4113,4
155,10215,4
155,6639,4
155,1412,4
155,19402,4
156,21275,4
156,19460,3
156,20297,5
156,19448,5
156,1286,5
156,19581,5
156,19987,5
156,20277,5
156,20409,5
156,19723,5
156,20040,4
156,21257,5
156,19327,5
156,19526,5
156,19954,5
156,19977,1
156,20148,1
156,19486,5
156,20314,5
156,19364,5
156,21361,5
156,19345,5
156,20562,4
156,21115,5
156,20095,3
156,13679,5
156,19825,5
156,20161,5
156,20281,4
156,19900,3
156,21191,5
156,20250,5
156,19911,5
156,20209,5
156,20028,5
156,20299,5
156,19706,4
157,22277,5
157,18965,5
157,22290,5
157,14029,5
157,22219,5
157,20471,5
157,6389,5
157,11321,5
157,6340,5
157,6342,5
157,21868,5
157,22269,5
157,17074,5
157,21726,5
157,11099,5
157,21908,4
157,19612,5
157,18964,5
157,21898,5
157,14138,5
157,5239,5
157,21678,4
157,14744,5
157,21306,4
157,17041,5
157,21914,4
157,13972,5
157,20583,5
157,13976,5
157,4905,5
157,19018,5
157,21296,4
157,989,5
157,13973,5
157,20787,4
157,21668,5
157,20723,5
157,17123,5
157,21475,5
157,20515,4
157,14015,5
157,21711,5
157,20646,4
157,10599,5
157,21901,4
157,17794,5
158,7253,5
158,15021,5
158,14693,4
158,937,5
158,14132,5
158,21863,4
158,16717,5
158,6828,5
158,19608,5
158,11870,5
158,19330,5
158,9079,5
158,8076,5
158,10279,4
158,19837,5
158,16464,5
158,21741,5
158,21517,5
158,11295,5
158,4693,4
158,1726,3
158,11747,5
158,9406,5
158,19836,5
158,2606,4
158,21377,5
158,4917,5
158,14217,5
158,13514,5
158,6879,5
158,8616,5
158,11596,5
158,19425,5
158,20507,5
158,20708,4
158,5484,5
158,8713,5
158,7661,5
158,18878,5
158,10071,5
158,4535,5
158,21114,5
159,138,5
159,10295,5
159,6482,4
159,6918,5
159,2040,4
159,7302,5
159,4062,4
159,14350,5
159,13114,5
159,5195,3
159,13326,4
159,3925,5
159,5250,5
159,5866,5
159,7304,4
159,10992,4
159,4979,5
159,12787,4
159,10351,4
159,12916,5
159,10385,4
159,1310,5
159,9724,3
159,15442,5
159,2783,5
159,18082,5
159,5460,5
159,7596,5
159,18130,5
159,6832,4
159,20036,4
159,12524,5
159,3916,5
159,6917,4
159,10368,3
159,289,4
160,14929,5
160,19393,2
160,9049,5
160,9595,5
160,4681,5
160,16376,5
160,9891,3
160,6045,5
160,8283,5
160,19617,4
160,16379,5
160,5203,5
160,16803,5
160,12694,4
160,12131,4
160,19248,5
160,9040,4
160,13225,4
160,12270,5
160,6966,5
160,12487,4
160,16729,5
160,6794,4
160,9971,5
160,830,4
160,6219,5
160,11676,3
160,6955,5
160,9310,4
160,11389,4
160,782,5
160,19921,4
160,21033,5
160,6761,5
160,1368,5
160,14756,5
160,7801,3
160,13719,5
160,19660,4
160,20568,5
160,19473,4
160,20006,5
160,20020,4
160,5793,5
160,11704,5
160,19775,3
160,12981,5
160,3385,5
160,17905,5
160,16381,5
160,20784,4
160,1809,5
160,17904,5
160,16408,5
160,3376,5
160,13745,3
161,18602,4
161,16138,4
161,18579,5
161,21938,5
161,21971,5
161,20664,5
161,21530,5
161,22132,4
161,20134,5
161,21719,5
161,22254,5
161,22272,5
161,22268,4
161,22255,5
161,21248,5
161,21611,5
161,19742,5
161,22156,5
161,16771,5
161,19393,2
161,12873,5
161,19410,4
161,20315,5
161,14723,5
161,14822,5
161,571,5
161,22071,4
161,19342,5
161,21485,4
161,19494,4
161,22159,5
161,21554,5
162,4497,4
162,7806,3
162,17995,4
162,4053,5
162,2139,5
162,10192,5
162,13089,5
162,11971,4
162,13668,5
162,4555,5
162,3341,4
162,2354,3
162,2370,5
162,16123,2
162,9543,2
162,9542,4
162,19925,3
162,12274,5
162,21621,5
162,9102,4
162,3758,5
162,19564,3
162,16111,5
162,3749,5
162,6941,4
162,2559,3
162,4471,2
162,9393,5
162,12395,5
162,19932,2
162,6563,4
162,3250,5
162,8949,2
162,5814,5
162,6184,4
162,7785,4
162,3855,2
162,9302,4
162,2312,4
162,9138,4
162,3755,5
162,9299,5
162,2317,3
162,2487,5
162,7793,4
162,2569,3
163,16580,5
163,14854,5
163,9354,5
163,8698,5
163,3484,5
163,3593,5
163,3958,4
163,16004,4
163,17036,5
163,12521,5
163,3483,5
163,18481,4
163,15191,5
163,13602,5
163,424,5
163,5575,5
163,8972,5
163,429,5
163,162,5
163,159,5
163,40,5
163,6020,5
163,5926,5
163,7946,5
163,15189,5
163,42,5
163,41,5
163,1535,5
163,4805,5
163,4804,5
163,3232,5
163,9545,5
163,3485,5
163,15187,5
164,21928,5
164,21749,5
164,22023,5
164,21871,5
164,21768,5
164,21772,5
164,21647,5
164,21624,5
164,21587,5
164,22050,5
164,22233,5
164,22042,5
164,21838,5
164,10449,4
164,13868,4
164,13457,5
164,21689,5
164,20905,5
164,21570,5
164,21603,5
164,21395,5
164,21636,5
164,20747,5
164,21503,5
164,19543,5
164,16936,5
165,238,3
165,4419,2
165,1457,3
165,2184,4
165,5230,5
165,16741,2
165,13069,3
165,7304,5
165,10946,1
165,5275,2
165,12741,1
165,13462,4
165,5226,5
165,3961,2
165,11554,5
165,3341,3
165,727,2
165,7412,2
165,6601,1
165,20984,1
165,5250,5
165,4020,3
165,12483,1
165,15076,2
165,10941,2
165,381,3
165,4024,3
165,7298,4
165,13461,2
165,13275,5
165,21134,5
165,21706,4
165,2478,1
165,6437,4
165,4294,3
165,13490,3
165,1034,1
165,14126,5
165,1020,1
165,10002,5
165,19974,5
165,9666,5
165,2978,4
165,20531,3
165,2676,3
165,21378,3
165,9562,5
165,6181,2
165,971,3
165,20002,5
165,21361,2
165,14943,5
165,21450,2
165,21374,1
165,8181,5
165,21629,2
165,21162,1
165,21634,4
165,20730,2
165,17040,5
165,20159,3
166,14074,4
166,22218,4
166,22272,4
166,22037,4
166,20111,5
166,20520,4
166,20187,3
166,20495,3
166,19911,5
166,21556,5
166,21653,5
166,21479,4
166,21697,5
166,19890,5
166,22197,5
166,19953,5
166,21034,5
166,20455,4
166,21723,4
166,21063,4
166,20782,5
166,21036,5
166,20007,4
166,21706,5
166,21169,3
166,19714,5
166,21135,5
166,21424,4
166,20730,5
166,21249,5
166,21540,5
166,21837,4
166,21915,5
166,21948,5
166,21990,4
166,21817,4
166,19797,5
166,21560,5
166,20116,4
166,21944,4
166,21163,4
166,21886,3
166,21788,4
166,20874,5
166,21537,4
166,21040,5
166,20586,5
166,21016,5
166,21160,3
166,21007,4
166,20771,5
166,20579,4
166,21790,4
166,21381,5
166,19921,5
166,20788,5
166,20278,5
166,20699,5
166,20923,5
166,20692,4
166,20777,4
166,20041,5
166,22016,3
166,20963,5
166,21028,5
166,19733,3
166,19971,4
166,21299,5
166,20945,5
166,21191,5
166,20935,5
166,21161,4
166,21580,4
166,20949,5
166,20421,5
166,20705,5
166,20402,5
166,20743,5
166,21059,5
166,20988,4
167,4558,5
167,7317,5
167,15263,5
167,293,5
167,6556,5
167,7594,5
167,12602,5
167,6852,5
167,2138,5
167,5376,5
167,9993,5
167,15264,5
167,139,5
167,7319,5
167,6278,5
167,4514,5
167,6523,5
167,7318,5
167,1113,5
167,1508,5
167,4559,5
167,6259,5
167,6252,5
167,6950,5
167,7804,5
167,12685,5
167,1518,5
167,12684,5
167,12683,5
167,1362,5
167,9093,5
167,6918,5
167,18258,5
167,1331,5
167,18225,5
167,9095,5
167,6833,5
167,6851,5
167,3949,5
167,6285,5
167,4470,5
167,3913,5
167,5576,5
168,15249,4
168,21341,5
168,14039,4
168,12247,3
168,5281,4
168,20635,3
168,20365,3
168,10863,3
168,21052,4
168,6153,2
168,21023,2
168,17563,3
168,16861,5
168,12515,5
168,18839,3
168,17111,3
168,20409,3
168,17109,3
168,21191,1
168,21170,2
168,20902,3
168,14546,4
168,24,4
168,2597,4
168,4665,3
168,396,4
168,1927,2
168,12854,3
168,17034,5
168,5236,4
168,5230,4
168,10208,4
168,5257,4
168,6461,4
168,13913,3
168,20382,2
168,3608,4
168,20543,2
169,16426,5
169,667,5
169,1934,5
169,13560,4
169,7851,4
169,8857,4
169,2336,5
169,534,4
169,2306,5
169,1617,5
169,15760,3
169,333,5
169,9425,3
169,10741,4
169,10752,4
169,10924,5
169,15825,3
169,1861,4
169,3687,4
169,2330,5
169,711,5
169,2047,5
169,15808,4
169,10806,4
169,10813,4
169,16490,3
169,10956,4
169,5604,5
169,2321,5
169,10972,5
169,15796,4
169,13548,3
169,10953,4
169,703,5
169,9152,4
169,10751,2
169,6596,3
169,2474,5
169,5083,4
169,1447,5
169,9933,4
169,12127,5
169,2297,5
169,1642,4
169,12122,5
169,3647,5
169,446,3
169,7407,5
169,3537,5
169,17118,3
169,16536,4
169,565,4
169,2342,5
169,4726,4
169,4352,4
169,2302,5
169,525,5
169,2509,3
169,2373,5
169,8407,4
169,13173,4
169,12697,4
169,9215,3
169,16309,4
169,2232,4
169,888,4
169,9159,4
169,13430,4
169,4217,5
169,3721,4
169,2631,3
169,15814,5
169,17595,4
169,11714,5
169,10639,4
169,14210,5
169,9076,4
169,10545,4
169,15380,4
169,15644,4
169,16732,4
169,4090,5
169,13440,3
169,11435,5
169,5728,3
169,11590,4
169,19015,4
169,5714,3
169,13126,4
169,2706,3
169,15811,3
169,17598,4
169,10686,5
169,17859,3
169,4462,4
169,7356,3
169,4184,5
169,1008,5
169,16980,5
169,21959,5
169,9429,5
169,4050,5
169,6607,4
169,6095,3
169,10625,4
169,6570,4
169,13526,3
169,9225,5
169,13591,3
169,5683,4
169,13479,4
169,12970,5
169,9015,5
169,17824,4
169,3697,4
169,14051,3
169,16735,5
169,5635,3
169,8248,4
169,13522,4
169,17120,3
169,16100,5
169,2633,4
169,14209,4
169,3036,3
169,11066,3
169,11093,4
169,10713,3
169,192,5
169,9070,4
169,7918,4
169,8291,4
169,18784,4
170,22179,3
170,22064,3
170,21354,5
170,19357,5
170,21049,5
170,21040,1
170,21007,5
170,20985,5
170,21097,5
170,7901,5
170,21098,5
170,22095,3
170,17513,5
170,21417,5
170,21873,5
170,10905,2
170,17496,5
170,20325,5
170,14717,1
170,22281,5
170,22209,4
170,21134,5
170,21136,4
170,21735,5
170,18213,2
170,20463,5
170,21865,3
170,21223,3
170,21423,5
170,19591,2
170,20840,5
170,21203,5
170,21855,5
170,21194,5
170,21236,2
170,21347,5
170,21042,5
170,19445,2
170,20730,4
170,20336,5
170,21243,2
170,21424,5
170,21714,5
170,20787,5
171,1822,4
171,2689,4
171,4710,2
171,170,5
171,4656,3
171,15888,5
171,5969,5
171,10228,5
171,1002,4
171,969,5
171,21353,4
171,8877,4
171,4222,3
171,19012,4
171,2589,5
171,4218,5
171,229,4
171,878,5
171,8895,3
171,11260,5
171,1935,4
171,2570,3
171,4749,4
171,8321,4
171,5550,5
171,13510,3
171,12756,5
171,4018,3
171,2489,5
171,17903,5
171,1870,5
171,19563,5
171,11699,5
171,15837,5
171,13040,5
171,563,3
171,12764,5
171,2241,5
171,13035,4
171,15593,3
171,2976,3
171,3532,4
171,2779,5
171,15819,5
171,9966,5
171,5752,5
171,1179,4
171,4011,3
171,2488,5
171,10753,5
171,2777,5
171,2346,5
171,8239,5
171,1593,5
171,12816,5
171,7422,4
171,4753,4
171,1869,3
171,2591,3
171,4713,5
171,2245,3
171,1154,5
171,2650,3
171,2387,3
171,4681,5
171,9107,4
171,4679,5
171,4604,1
172,21989,5
172,22307,5
172,14040,5
172,21980,5
172,14397,4
172,13490,5
172,13161,5
172,13919,5
172,13839,4
172,18536,5
172,15455,5
172,9202,5
172,9945,5
172,14842,5
172,6270,4
172,5377,5
172,6810,5
172,9519,5
172,13297,4
172,9342,3
172,4197,5
172,18416,5
172,11732,5
172,17904,5
172,16384,5
172,18005,5
172,63,5
172,17905,5
172,6184,5
172,5381,5
172,2514,5
172,7030,5
172,11898,5
172,3456,5
172,2966,5
172,16336,5
172,2515,5
172,1473,5
172,5546,5
172,14966,5
172,7232,4
172,5177,5
172,5226,5
172,1460,5
172,7441,5
173,6135,2
173,13713,2
173,4897,4
173,4896,3
173,12216,3
173,2827,1
173,13518,5
173,2830,3
173,14878,4
173,2828,3
173,12105,3
173,2826,4
173,6675,4
173,2915,2
173,2615,5
173,9371,3
173,15877,3
173,6119,4
173,871,2
173,4405,3
173,2829,4
173,661,3
173,7348,4
173,2864,4
173,2879,4
173,419,5
173,1905,3
173,2469,1
173,6674,4
173,2868,4
173,7347,4
173,13567,3
173,20224,3
173,654,1
173,3088,3
173,12443,4
173,16898,3
173,8000,2
173,13493,4
173,12914,3
173,2693,4
173,621,1
173,3105,3
173,12429,3
173,12920,4
173,631,3
173,12434,4
173,13571,4
173,7358,4
173,16657,2
173,8245,1
173,9073,4
173,9717,5
173,4985,5
173,13675,2
173,10933,1
173,20237,4
173,686,1
173,5601,4
173,16621,2
173,13554,3
173,15931,3
173,3777,3
173,18732,4
173,2991,3
173,13859,3
173,5678,4
173,13810,3
173,676,1
173,16767,4
173,13079,3
173,13034,4
173,8254,1
173,9007,4
173,12422,5
173,12395,5
173,10424,5
173,2854,4
173,4998,2
173,2940,2
173,9156,5
173,4027,5
173,10638,2
173,9404,1
173,825,5
173,16760,2
173,9042,4
173,18651,5
173,5679,4
173,4974,3
173,740,3
173,4591,3
173,1875,1
173,10926,5
173,1829,4
173,3778,2
173,5986,2
173,3779,3
173,2942,5
173,3246,3
173,3434,1
173,1940,3
173,6571,4
173,6258,5
173,6588,4
173,479,4
173,1388,5
173,1386,5
173,1387,4
173,8205,3
173,4502,2
173,457,2
173,7506,4
173,3096,3
173,2684,1
173,16079,1
173,3176,3
173,5659,3
173,12942,2
173,591,2
173,6212,2
173,16964,1
173,13659,3
173,3095,1
173,765,4
173,13060,4
173,12425,3
173,3605,2
173,669,3
173,775,4
173,3800,5
173,5654,2
173,10636,1
173,8418,3
173,17923,2
173,19078,2
173,14589,2
173,11224,4
173,15679,1
173,9045,3
173,17639,2
173,3591,4
173,7551,2
173,13380,5
173,2717,1
173,16908,4
173,954,2
173,11602,3
173,11098,2
173,11573,1
173,13720,1
173,11695,2
173,4459,1
173,17983,1
173,14309,1
173,9439,1
173,13896,1
173,5594,2
173,572,5
173,709,2
173,13325,3
173,4422,5
173,11559,1
173,10677,4
173,5706,3
173,6129,4
173,5891,5
173,3788,1
173,11121,1
173,6130,2
173,16753,3
173,2740,2
173,5722,5
173,13478,3
173,13677,2
173,706,4
173,5634,4
173,10966,5
173,13595,4
173,4977,2
173,2647,3
173,9719,3
173,3790,2
173,2718,1
173,11065,4
173,3781,5
173,8247,4
173,13676,4
173,9370,3
173,3789,1
173,4655,4
173,10675,2
173,4653,5
173,11019,1
173,5667,4
173,3280,1
173,13523,5
173,822,5
174,15389,4
174,7649,5
174,13252,5
174,14095,5
174,14547,5
174,17905,5
174,14727,2
174,13936,5
174,21973,5
174,8176,5
174,14611,2
174,1472,5
174,21949,5
174,14394,2
174,13937,5
174,13938,5
174,12461,5
174,19091,5
174,18979,4
174,7665,5
174,1436,5
174,14806,1
174,7798,5
174,16408,5
174,10559,5
174,20539,5
174,2516,5
174,5209,5
174,16864,5
174,17904,5
174,7383,5
174,13111,5
174,6538,3
174,20049,5
174,12462,5
174,16830,5
174,4972,5
174,7382,5
174,12988,5
174,18809,5
174,8742,5
174,19605,5
174,1467,5
174,7381,5
174,4197,5
174,20740,5
174,12712,5
174,7006,5
174,10531,5
174,9580,5
174,18754,5
174,15247,5
174,5216,5
174,917,4
174,19696,3
175,1842,3
175,10768,5
175,14940,3
175,18637,4
175,1990,5
175,3562,4
175,16398,5
175,15093,5
175,15223,5
175,20877,5
175,13199,5
175,19144,5
175,14939,4
175,2485,3
175,16850,5
175,17084,4
175,18383,3
175,13235,5
175,16851,4
175,15092,4
175,18406,4
175,13166,3
175,17275,4
175,13165,4
175,16858,3
175,13236,5
175,18566,5
175,13152,5
175,3208,4
175,16881,5
175,7149,5
175,12155,5
175,2173,5
175,18160,5
175,16397,5
175,18638,3
175,8443,5
175,16855,3
175,18161,5
175,18378,5
175,19236,5
175,4515,4
175,5125,3
175,1574,4
175,69,5
175,12164,5
175,6579,5
175,9493,5
175,6410,4
175,18322,4
175,6493,5
175,7152,5
175,210,4
175,9248,5
175,6165,4
175,7414,4
175,6866,3
175,2237,5
175,353,5
175,6194,5
175,4510,4
175,2549,3
175,6178,4
175,4571,5
175,2548,3
175,1284,5
175,11681,3
175,8722,5
175,4482,5
175,4687,5
175,15465,4
175,7455,4
175,10195,5
175,10250,5
175,14922,4
175,6615,3
175,8272,3
175,6622,4
175,19285,5
175,11680,5
175,15099,5
175,146,4
175,1563,4
175,7408,3
175,15923,3
175,16369,4
175,11673,5
175,16124,4
175,3993,3
175,15922,5
175,4714,4
175,7338,4
175,5775,4
175,335,4
175,5953,4
175,12974,5
175,15131,5
175,4660,3
175,2323,4
175,8171,5
175,1137,5
175,15348,5
175,3081,3
175,11647,4
175,3990,5
175,6581,3
175,6618,5
175,15304,5
175,14921,5
175,1081,5
175,8280,5
175,4675,5
175,11807,5
175,6894,5
175,12141,3
175,12772,3
175,15918,5
176,9046,4
176,10662,4
176,669,4
176,665,4
176,13582,4
176,9442,3
176,831,4
176,5671,5
176,898,5
176,17844,4
176,820,4
176,14054,4
176,3661,4
176,16267,5
176,3011,4
176,12573,4
176,11068,4
176,17843,3
176,14053,3
176,10626,5
176,16730,4
176,6096,3
176,6087,5
176,15438,3
176,4947,2
176,5651,4
176,5881,4
176,5875,3
176,8528,5
176,3693,5
176,19970,5
176,774,4
176,19373,4
176,11042,4
176,15234,5
176,18212,4
176,5039,4
176,5035,4
176,10082,5
176,10060,5
176,19274,5
176,2162,5
176,4050,4
176,5037,3
176,11090,5
176,6112,4
176,19378,5
176,15014,5
176,19370,4
176,14049,4
176,5051,5
176,18524,5
176,10161,5
176,10050,5
176,20223,5
176,19319,5
176,14880,4
176,18523,4
176,18250,5
176,10299,5
176,18520,5
176,18528,5
176,18521,5
176,10300,5
176,16266,4
176,16268,4
176,16273,5
176,1920,3
176,3592,5
176,4034,4
176,3585,4
176,11700,5
176,12934,4
176,7851,5
176,11012,4
176,16542,4
176,13650,3
176,12937,3
176,11841,4
176,13649,4
176,13098,4
176,801,4
176,18691,5
176,11004,5
176,15903,5
176,16269,5
176,18505,5
176,18522,5
176,19381,4
176,19386,4
176,19273,5
176,19311,4
176,18531,4
176,18476,5
176,18475,5
176,15902,4
176,8983,4
176,13076,4
176,9433,4
176,13486,4
176,13529,5
176,16265,4
176,10257,5
176,1688,5
176,15017,4
176,15901,5
176,8500,5
176,18519,5
176,9967,5
176,19279,5
176,19277,5
176,15900,4
176,2988,3
176,9790,4
176,6118,4
176,14204,3
176,805,4
176,5668,5
176,5858,4
176,865,3
176,4989,5
176,3747,3
176,5675,3
176,17081,4
176,16987,2
176,8850,5
176,16704,4
176,13552,3
176,1996,5
176,18608,4
176,17080,5
176,13409,4
176,5597,5
176,15337,4
176,4057,4
176,5677,5
176,8007,5
176,816,5
176,4027,4
176,6005,4
176,11055,5
176,2638,4
176,12327,4
176,10632,5
176,6132,4
176,4066,5
176,671,4
176,6570,4
176,16947,5
176,15015,5
176,18492,4
176,9440,3
176,11015,4
176,9041,4
176,5643,4
176,11005,2
176,13526,3
176,2689,5
176,9064,2
176,3094,3
176,5434,5
176,10966,5
176,11013,2
176,2035,2
176,6119,5
176,18518,5
176,4074,4
176,3702,5
176,790,4
176,10659,5
176,10704,5
176,5695,5
176,5697,4
176,5887,5
176,16672,4
176,10640,4
176,14194,4
176,15615,5
176,17865,5
176,5433,4
176,11003,3
176,10057,5
176,18462,4
176,10058,5
176,18491,5
176,10239,5
176,14882,4
176,15013,5
176,18227,5
176,18489,4
176,18490,4
176,14879,4
176,18488,4
176,691,4
176,15716,5
176,14884,4
176,10623,4
176,10087,5
176,15897,5
176,15898,5
176,14883,4
176,10059,5
176,5618,4
176,10046,4
176,9583,5
176,19276,4
176,260,5
176,9453,4
176,15025,5
176,15235,5
176,15026,3
176,10025,5
176,10043,5
176,2020,4
176,19278,5
176,19309,5
176,18529,5
176,10275,5
176,18461,5
176,18478,5
176,13592,2
176,15896,4
176,18517,5
176,8367,3
176,18525,3
176,18477,4
176,18247,5
176,15895,5
176,10062,5
176,18530,5
176,6182,5
176,15899,4
176,15016,5
176,6209,5
176,12041,4
176,18515,5
176,3603,5
176,19540,5
176,16601,4
176,18594,5
176,9833,4
176,16283,5
176,18506,5
176,2263,5
176,10217,5
176,2320,5
176,8217,4
176,4019,5
176,497,4
176,15907,5
176,10627,4
176,15908,5
176,19707,4
176,655,5
176,2963,5
176,4680,4
176,15236,5
176,15851,5
176,5634,4
176,562,4
176,1939,5
176,3561,5
176,5550,2
176,17150,5
176,6095,3
176,12563,3
176,18756,5
176,7354,4
176,9564,2
176,5427,4
176,18612,5
176,8863,5
176,17830,4
176,15794,5
176,13685,5
176,12559,3
176,5667,4
176,8244,3
176,4439,3
176,1999,4
176,15799,3
176,3091,3
176,3016,5
176,3565,2
176,5551,4
176,15909,5
176,13575,4
176,16709,5
176,13579,4
176,3180,4
176,13613,4
176,2325,2
176,6078,3
176,10985,3
176,3172,4
176,1464,4
176,2970,5
176,2025,3
176,10412,4
176,7688,3
176,3712,5
176,2811,5
176,4016,5
176,13536,5
176,3219,5
176,436,3
176,3507,4
176,2820,4
176,19550,5
176,19843,5
176,19452,5
176,1,5
176,2357,4
176,16549,4
176,2114,4
176,1989,3
176,3680,4
176,16558,3
176,16556,3
176,16559,3
176,3664,4
176,15958,3
176,2016,3
176,19334,3
176,11712,5
176,19497,5
176,19396,5
176,19691,5
176,20025,5
176,19758,5
176,2835,5
176,1978,3
176,10760,4
176,19262,5
176,16534,4
176,2834,5
176,7,5
176,311,3
176,13038,4
176,16281,5
176,19844,5
176,19845,5
176,19611,4
176,2810,4
176,6,5
176,2819,5
176,3021,3
176,5,5
176,19202,5
176,19389,5
176,10630,5
176,8013,3
176,751,4
176,13517,4
176,3694,4
176,810,4
176,2991,4
176,13610,3
176,9728,5
176,791,5
176,9154,5
176,8956,5
176,13584,4
176,19372,5
176,19539,5
176,3508,4
176,3800,5
176,5859,3
176,11009,5
176,11847,2
176,7887,5
176,2975,5
176,2964,3
176,7871,5
176,3164,4
176,705,5
176,3706,2
176,2337,4
176,13590,4
176,692,4
176,11017,4
176,13614,4
176,5656,5
176,11740,5
176,10994,3
176,794,4
176,3169,3
176,3685,4
176,13068,5
176,3170,4
176,3597,5
176,8226,5
176,9060,5
176,12564,4
176,6021,4
176,8365,4
176,16841,5
176,17841,4
176,15912,5
176,6987,4
176,13127,4
176,10511,4
176,13606,5
176,5628,5
176,714,2
176,5632,4
176,16585,5
176,5648,4
176,677,3
176,1842,5
176,11034,2
176,16665,5
176,3805,5
176,6094,2
176,3554,5
176,3579,5
176,3181,4
176,16746,3
176,2972,3
176,16473,4
176,9418,4
176,702,5
176,9075,4
176,4070,5
176,10465,3
176,12568,4
176,14055,2
176,3029,3
176,13676,5
176,3789,4
176,11043,3
176,15812,4
176,5439,4
176,6613,4
176,10997,4
176,6110,4
176,16952,2
176,9119,4
176,5670,3
176,3268,4
176,5855,5
176,14051,4
176,5864,5
176,11021,5
176,3577,5
176,17937,4
176,15972,2
176,11065,4
176,3580,4
176,13595,4
176,3709,5
176,16759,4
176,18645,2
176,16279,5
176,16277,5
176,16276,5
176,16270,5
176,16274,4
176,16275,5
176,16272,5
176,16271,5
176,5985,3
176,10756,4
176,11745,5
176,683,5
176,9424,3
176,3682,4
176,1819,4
176,16278,5
176,15237,5
176,15905,5
176,15904,4
176,5965,4
176,10978,4
176,4977,3
176,13524,4
176,19423,5
176,11571,5
176,637,4
176,2961,4
176,16282,5
176,16280,5
176,18532,5
176,14319,4
176,10346,5
176,15380,3
176,13482,4
176,13177,4
176,8877,5
176,17308,5
176,7235,4
176,10999,4
176,2678,4
176,5712,3
176,18846,5
176,11195,5
176,18025,4
176,11014,3
176,13003,3
176,9405,2
176,7243,3
176,15915,4
176,15914,5
176,17234,4
176,15910,5
176,16565,2
176,3184,4
176,5466,5
176,8636,5
176,13063,4
176,4213,4
176,15911,5
176,12978,4
176,2047,5
176,10484,5
176,3171,3
176,11254,4
176,10628,5
176,4945,3
176,7344,5
176,11705,4
176,1480,5
176,13604,4
176,16504,5
176,649,5
176,8354,4
176,10218,5
176,17980,5
176,11039,4
176,13205,5
176,14478,5
176,14447,5
176,7865,5
176,5018,5
176,1468,3
176,17166,5
176,5902,5
176,17161,5
176,11429,5
176,17183,4
176,9402,5
176,2720,5
176,9406,4
176,14490,3
176,14339,4
176,12634,3
176,4086,5
176,16680,5
176,2766,5
176,14501,5
176,11435,5
176,18503,5
176,18526,4
176,18527,4
176,11433,5
176,4017,4
176,18514,5
176,18513,5
176,18474,5
176,18463,5
176,18512,4
176,7923,2
176,10042,5
176,3576,2
176,18516,5
176,18502,5
176,10288,5
176,8478,4
176,18473,5
176,7837,5
176,14820,5
176,14737,5
176,8894,5
176,5608,5
176,17180,5
176,17179,5
176,19269,4
176,15906,4
176,11414,3
176,21695,5
176,16909,5
176,8640,4
176,17859,5
176,5623,4
176,19300,5
176,15572,5
176,8343,4
176,19405,5
176,19683,5
176,12491,4
176,15928,4
176,6571,3
176,15410,5
176,676,4
176,19553,5
176,16422,4
176,19432,5
176,709,4
176,12440,4
176,16128,5
176,20018,5
176,3563,4
176,13612,4
176,10815,4
176,4209,4
176,5984,4
176,13072,4
176,7863,5
176,9425,4
176,12553,4
176,10956,5
176,16484,5
176,7888,5
176,8219,4
176,7886,4
176,699,4
176,16489,5
176,16424,5
176,19439,4
176,1952,4
176,666,4
176,6027,4
176,19983,3
176,7885,4
176,3656,4
176,10647,4
176,9164,3
176,14892,3
176,6009,4
176,12732,4
176,9417,4
176,534,4
176,10154,5
176,7854,4
176,7839,4
176,16606,4
176,19565,4
176,711,4
176,8857,4
176,6008,4
176,2033,4
176,7835,5
176,12823,4
176,667,4
176,2996,4
176,16491,5
176,1990,4
176,16483,3
176,700,5
176,16487,3
176,2032,5
176,681,3
176,5446,5
176,5959,4
176,5315,4
176,19446,3
176,588,4
176,1828,4
176,2982,4
176,10979,5
176,5636,5
176,9428,4
176,18743,5
176,16490,3
176,744,4
176,19504,5
176,12555,4
176,15848,4
176,10955,3
176,11768,5
176,16989,2
176,2968,5
176,10784,3
176,13553,4
176,12944,5
176,1995,2
176,10621,5
176,17153,4
176,16949,5
176,15815,5
176,10672,4
176,7849,5
176,6116,5
176,4169,5
176,11559,5
176,5719,5
176,16735,4
176,14211,5
176,13233,5
176,7843,4
176,7841,5
176,16842,5
176,755,5
176,11129,5
176,8357,3
176,8356,4
176,16958,5
176,2621,5
176,762,5
176,2984,4
176,16501,4
176,2352,5
176,10969,3
176,678,3
176,680,4
176,3780,4
176,2979,4
176,3211,4
176,16488,4
176,540,5
176,16502,4
176,8314,5
176,1934,5
176,4010,3
176,2967,4
176,2336,4
176,7820,5
176,3093,2
176,5997,4
176,660,5
176,4031,4
176,8350,3
176,5649,5
176,5599,4
176,712,3
176,1981,4
176,10960,4
176,13542,3
176,6002,3
176,9160,4
176,5629,5
176,16654,5
176,11007,5
176,8348,4
176,729,4
176,16548,4
176,3447,5
176,12925,4
176,5688,4
176,10975,5
176,12941,4
176,2937,4
176,16777,4
176,1997,5
176,16541,4
176,8221,4
176,3686,3
176,5897,5
176,2132,5
176,2041,5
176,7869,5
176,7860,5
176,7862,5
176,7845,5
176,7850,5
176,12731,4
176,7829,5
176,7822,4
176,6001,4
176,3674,3
176,713,5
176,2028,5
176,3566,5
176,581,4
176,3765,5
176,13551,4
176,3786,5
176,5589,5
176,16053,4
176,7819,4
176,2600,4
176,17584,5
176,5598,4
176,4174,3
176,16515,5
176,5715,3
176,10639,5
176,17927,5
176,5654,4
176,7234,5
176,13565,4
176,1993,5
176,5980,4
176,7832,4
176,9473,5
176,13568,5
176,8344,5
176,20230,4
176,3165,4
176,3676,4
176,5945,4
176,5861,4
176,5946,4
176,13571,5
176,11563,5
176,6133,4
176,7873,5
176,16667,2
176,10652,5
176,3110,4
176,5650,4
176,16586,5
176,2628,4
176,16666,2
176,5706,5
176,3774,3
176,16661,3
176,4460,3
176,2653,5
176,10689,4
176,3798,4
176,4067,4
176,777,4
176,11063,4
176,5727,5
176,3783,2
176,4461,3
176,5734,5
176,17574,4
176,17985,5
176,2691,3
176,11008,3
176,3406,5
176,16499,4
176,13563,5
176,2974,3
176,632,4
176,13558,3
176,16496,5
176,7866,5
176,7859,5
176,7844,5
176,16494,4
176,5585,4
176,7875,4
176,9071,5
176,2339,3
176,2684,5
176,18789,4
176,4180,3
176,11695,5
176,14206,3
176,12201,5
176,18802,4
176,15813,5
176,4047,4
176,9059,3
176,15913,5
176,5950,2
177,13532,5
177,16811,5
177,8760,5
177,15804,3
177,16860,4
177,11709,2
177,14148,5
177,10864,4
177,12501,5
177,16714,3
177,10048,4
177,17393,4
177,5022,3
177,2369,5
177,12504,4
177,12500,5
177,16313,4
177,3834,5
177,16854,4
177,11155,5
177,10840,4
177,7705,3
177,5666,4
177,1841,5
177,3018,3
177,11110,5
177,1581,5
177,18038,5
177,16967,4
177,13011,4
177,13009,4
177,11376,3
177,11451,4
177,13000,4
177,9210,3
177,18670,5
177,22124,2
177,11428,4
177,18382,3
177,17262,4
177,1682,5
177,18384,4
177,1577,4
177,9122,4
177,9222,5
177,12507,4
177,13628,4
177,17472,3
177,301,5
177,18828,4
177,2722,3
177,1884,3
177,16875,4
177,18854,3
177,17981,4
177,9667,3
177,1791,4
177,17474,4
177,10802,3
177,5908,5
177,346,2
177,217,5
177,11665,4
177,1159,5
177,5626,2
177,1580,5
177,11757,4
177,17498,4
177,7787,5
177,8483,4
177,17764,5
177,446,3
177,11755,5
177,12109,5
177,8492,4
177,9654,3
177,7749,5
177,17435,5
177,1795,4
177,328,3
177,14937,5
177,9349,4
177,17457,3
177,463,3
177,12482,5
177,2927,4
177,10738,4
177,10141,5
177,11808,4
177,16317,5
177,1617,4
177,10924,3
177,16426,4
177,9412,5
177,16346,4
177,2034,3
177,17281,4
177,13004,4
177,17060,4
177,17313,5
177,11386,5
177,19019,5
177,11380,3
177,485,4
177,5920,1
177,1255,5
177,12365,5
177,12701,5
178,4006,4
178,12771,2
178,15240,4
178,2374,4
178,15354,4
178,18091,4
178,6601,5
178,2297,4
178,12743,4
178,7739,5
178,3532,5
178,4724,5
178,2933,3
178,3993,5
178,5534,5
178,17437,4
178,21690,3
178,7732,4
178,17447,4
178,14946,4
178,17453,4
178,17457,4
178,17368,5
178,17928,4
178,21443,2
178,17480,5
178,7740,4
178,16174,5
178,7756,5
178,22081,3
178,20058,5
178,21434,4
178,7724,4
178,15705,4
178,17023,3
178,17145,5
178,7725,4
178,21383,5
178,21559,4
178,5173,4
178,5226,3
178,6454,3
178,10290,3
178,5249,3
178,15243,2
178,15242,3
178,3550,4
178,16848,3
178,21267,4
178,21078,4
178,9722,4
178,20842,4
178,5179,3
178,12832,4
178,8427,4
178,20843,3
178,8430,4
178,20891,4
178,9660,4
178,7747,4
178,17087,4
179,9339,5
179,6646,5
179,3390,5
179,2990,2
179,12890,5
179,15691,5
179,4847,5
179,9387,5
179,1799,5
179,8270,5
179,71,5
179,5048,4
179,1800,5
179,5992,5
179,3922,5
179,15112,5
179,18225,5
179,18128,4
179,4113,5
179,9344,5
179,2713,4
179,3893,5
179,288,4
179,6261,5
179,19643,2
179,4792,5
179,15265,4
179,1085,5
179,20860,5
179,13487,5
179,9345,5
179,6985,5
179,14870,4
179,4739,5
179,15569,5
179,15571,5
179,18329,5
179,5591,5
179,1315,5
179,12936,5
179,6262,4
179,5852,5
179,19670,5
179,12376,5
179,1814,5
179,1804,5
179,14463,5
179,6636,5
179,3923,4
179,3589,5
179,2786,5
179,11944,5
179,12169,5
179,8066,5
179,15692,5
179,5581,4
179,5975,5
179,294,5
179,20205,5
179,4814,5
179,12886,5
179,8004,5
180,9019,4
180,7346,4
180,3760,2
180,16820,2
180,3368,4
180,651,3
180,558,3
180,10524,4
180,275,5
180,10475,3
180,11047,2
180,16118,1
180,4151,5
180,3762,1
180,10971,4
180,645,1
180,12192,4
180,1180,1
180,1216,5
180,12392,4
180,12214,4
180,12920,4
180,635,3
180,654,2
180,291,4
180,20341,4
180,12009,4
180,19813,1
180,1213,4
180,16389,5
180,8225,5
180,16916,5
180,5883,5
180,753,4
180,10641,3
180,10031,5
180,18427,1
180,2621,1
180,5874,5
180,9516,5
180,1515,5
180,6137,5
180,4985,4
180,6119,1
180,797,1
180,10720,1
180,12441,4
180,1483,2
180,15932,1
180,12280,5
180,12398,4
180,99,5
180,3943,5
180,570,4
181,7421,4
181,22076,4
181,21577,4
181,19526,2
181,21946,4
181,21921,3
181,21081,4
181,21130,4
181,21751,4
181,1758,5
181,5046,5
181,3398,4
181,19375,3
181,2258,3
181,21452,4
181,3856,4
181,22103,5
181,21860,5
181,6161,4
181,22061,4
181,21284,2
181,20721,4
181,20618,4
181,20737,4
181,20917,4
181,20637,4
181,21518,4
181,22152,5
181,15840,4
181,21840,5
181,16796,4
181,19437,5
181,21483,3
181,19757,3
181,21626,4
181,21965,4
182,7695,4
182,14685,4
182,14503,5
182,14672,4
182,6338,4
182,19085,4
182,11330,4
182,11490,4
182,22043,5
182,19020,5
182,14668,3
182,17511,4
182,14681,3
182,17330,5
182,7691,3
182,11160,5
182,6387,5
182,19036,4
182,14101,5
182,8421,3
182,1064,3
182,19070,5
182,11316,5
182,13906,2
182,14028,5
182,14662,4
182,8331,4
182,6366,3
182,6364,3
182,14682,3
182,14033,3
182,1062,5
182,11186,5
182,11331,4
182,2669,5
182,4299,4
182,4281,5
182,8384,3
182,687,5
182,6372,4
182,13509,3
182,2612,5
182,11220,5
182,1467,5
182,17904,5
182,5465,4
182,2511,4
182,2534,5
182,608,5
182,7239,5
182,19022,2
182,11230,5
182,1035,4
182,11214,3
182,11547,2
182,3729,1
182,18886,4
182,4093,5
182,18887,3
182,4092,3
183,22090,3
183,20468,3
183,19947,3
183,19838,3
183,19996,3
183,19890,3
183,19910,3
183,20457,3
183,20071,4
183,19926,3
183,19978,2
183,20381,3
183,20007,3
183,20639,2
183,21080,3
183,19993,4
183,20663,2
183,20051,4
183,21014,2
183,19594,4
183,20835,3
183,20812,3
183,20598,3
183,13654,3
183,21228,3
183,13948,4
183,20733,2
183,22010,3
183,13915,3
183,21500,3
183,21261,3
183,22229,3
183,22259,2
183,13643,4
183,21970,2
183,13423,3
183,21451,2
183,19918,2
183,21058,3
183,21222,2
183,13405,3
183,21810,2
183,20695,3
183,19750,3
183,19820,2
183,21074,3
183,20057,4
183,21004,3
183,22169,2
183,20790,3
183,20134,3
183,21288,2
183,21427,3
183,19783,4
183,18920,4
183,21652,3
183,21448,2
183,20760,3
183,20358,2
183,21381,3
183,21781,4
183,21166,2
183,21789,4
183,21318,3
183,20987,3
183,19541,3
183,21423,3
183,20062,3
183,21231,2
183,20508,2
183,19682,4
183,20563,4
183,20470,3
183,20481,3
183,19657,4
183,20293,3
183,19797,3
183,21003,2
183,19966,2
183,21356,3
183,21408,4
183,20104,3
183,21713,2
183,20420,4
183,20744,2
183,20664,4
183,20788,4
183,13632,3
183,20361,3
183,13912,2
183,21036,2
183,20574,4
183,20686,3
183,13911,3
183,19833,3
183,20882,3
183,20226,3
183,8513,3
183,21127,2
183,19883,3
183,21836,4
183,20730,3
183,20897,2
183,8861,2
183,21365,3
183,16588,2
183,20927,3
183,20581,3
183,20353,4
183,20774,3
183,19098,2
183,20853,2
183,21072,3
184,12124,5
184,16018,5
184,1590,5
184,4146,5
184,3811,5
184,9459,5
184,10762,5
184,12923,5
184,16022,5
184,15188,5
184,11924,5
184,15090,5
184,2052,5
184,15274,5
184,9034,5
184,10307,5
184,5398,5
184,12151,5
184,1665,5
184,5117,5
184,9780,5
184,1531,5
184,4111,5
184,6555,5
184,9932,5
184,9625,5
184,13418,5
184,277,5
184,757,5
184,3934,5
184,1183,5
184,4922,5
185,6497,5
185,10350,5
185,1670,5
185,10369,5
185,9489,5
185,16747,5
185,15594,5
185,5165,5
185,10919,2
185,15094,4
185,1873,5
185,3816,5
185,2732,5
185,20266,5
185,12883,5
185,14393,5
185,10291,5
185,3718,5
185,18801,5
185,20065,5
185,7480,5
185,19086,5
185,9512,5
185,14905,4
185,12259,5
185,1588,4
185,15097,5
185,18260,5
185,1187,5
185,18449,5
185,18500,5
185,18493,5
185,12252,4
185,9488,5
185,9224,5
185,1333,5
185,1307,5
185,4229,5
185,8591,5
185,18467,5
185,14888,4
185,15117,4
185,14889,5
185,18175,4
185,9273,5
185,3329,5
186,1972,5
186,8898,5
186,3744,4
186,19666,5
186,245,5
186,4275,5
186,4602,5
186,8882,5
186,2007,5
186,5444,4
186,16735,5
186,3596,5
186,11649,5
186,9402,3
186,19107,5
186,899,5
186,1870,5
186,8883,5
186,19480,5
186,7194,5
186,6954,5
186,15071,4
186,5929,5
186,15166,5
186,10150,5
186,8543,5
186,4831,5
186,4681,5
186,6838,5
186,4843,5
186,2190,5
186,8885,5
187,224,5
187,17231,5
187,12538,5
187,21396,5
187,12499,5
187,10031,5
187,18045,5
187,17904,5
187,12511,5
187,12502,5
187,3893,5
187,12825,5
187,16394,4
187,3896,5
187,9952,1
187,8056,5
187,12824,4
187,8427,5
187,5263,5
187,3900,5
187,17343,5
187,4500,5
187,15723,4
187,18675,5
188,5722,4
188,10677,5
188,14490,2
188,19210,3
188,11561,5
188,11433,4
188,1487,4
188,18735,3
188,13756,5
188,6116,5
188,13713,4
188,19164,4
188,19165,5
188,16737,5
188,13773,5
188,17589,4
188,14206,3
188,19211,3
188,17591,4
188,19192,4
188,13755,5
188,4169,3
188,15765,5
188,5885,4
188,6011,4
188,16733,4
188,831,4
188,5680,5
188,3612,4
188,669,4
188,5856,4
188,14192,3
188,8007,4
188,556,3
188,17842,4
188,777,4
188,17834,5
188,5087,5
188,12135,5
188,17804,5
188,17807,5
188,11648,5
188,5103,5
188,747,3
188,5689,4
188,3684,5
188,10913,3
188,5101,5
188,5677,5
188,13573,4
188,12021,4
188,5475,5
188,7844,5
188,17452,5
188,9015,5
188,16738,5
188,16648,3
188,16514,4
188,4068,5
188,5697,3
188,5940,5
188,4074,5
188,5858,5
188,5897,3
188,10672,5
188,6131,5
188,6125,5
188,5719,4
188,17835,4
188,13340,4
188,2501,5
188,17836,4
188,17827,4
188,3747,1
188,11556,3
188,6124,4
188,15935,2
188,5879,4
188,3602,5
188,5675,3
188,5597,5
188,5693,2
188,17847,4
188,4027,4
188,6132,4
188,6118,3
188,798,2
188,740,4
188,5668,5
188,21032,5
188,5696,4
188,13350,4
188,16361,4
188,7515,5
188,13777,5
188,7064,5
188,17069,4
188,17648,5
188,5644,3
188,13792,4
188,8637,3
188,3058,5
188,7728,5
188,17339,3
188,17505,5
188,11615,5
188,13360,3
188,2681,4
188,328,4
188,11795,5
188,13790,5
188,13757,5
188,13759,5
188,13788,5
188,13776,5
188,17636,4
188,13786,5
188,13787,4
188,14205,4
188,13791,5
188,13780,5
189,16944,2
189,14314,4
189,12681,3
189,8886,1
189,18393,3
189,18412,4
189,12680,3
189,18895,2
189,12996,5
189,14320,4
189,17599,4
189,1481,4
189,14321,3
189,17009,4
189,17761,4
189,17117,5
189,21905,4
189,21859,3
189,21863,3
189,3046,4
189,21746,4
189,1075,4
189,18909,4
189,21858,4
189,14833,5
189,10668,3
189,8509,5
189,21998,4
189,18417,2
189,22086,4
189,7078,4
189,7053,5
189,21529,3
189,21478,4
189,9012,5
189,15701,4
189,17893,2
189,16610,4
189,21670,4
189,14639,4
190,9777,5
190,3,5
190,8307,5
190,7384,5
190,1143,4
190,18282,5
190,175,5
190,5088,5
190,12110,5
190,15650,5
190,2808,3
190,8644,5
190,15314,5
190,1177,3
190,104,5
190,8963,5
190,7162,3
190,7302,5
190,1666,3
190,10131,5
190,2796,3
190,15019,5
190,8066,5
190,7410,3
190,2807,4
190,5583,3
190,15100,3
190,2806,3
191,13320,4
191,11400,4
191,19061,4
191,7492,1
191,15225,4
191,7496,3
191,17392,4
191,5485,4
191,17363,5
191,7487,4
191,15226,4
191,13384,4
191,17900,4
191,7488,2
191,11402,4
191,16157,4
191,16597,4
191,17063,4
191,11396,5
191,16160,4
191,11796,3
191,8461,3
191,14258,4
191,11391,4
191,8453,5
191,11394,5
191,11398,3
191,7489,4
191,11393,3
191,17364,4
191,11395,4
191,11797,5
191,11397,4
191,17325,4
191,12514,5
191,17898,4
191,11789,3
191,18702,5
191,16599,4
191,19083,5
191,6693,4
191,8460,4
191,11401,5
191,16155,5
191,8458,4
191,17897,4
191,15031,4
192,15251,5
192,1241,5
192,15253,5
192,5140,5
192,8613,5
192,9677,5
192,8614,5
192,1257,5
192,1652,5
192,9678,5
192,7273,4
192,5136,5
192,7578,5
192,7336,5
192,1211,5
192,5164,5
192,6405,4
192,7274,5
192,1664,5
192,1751,5
192,7570,5
192,18235,5
192,7571,5
192,18181,5
192,15512,5
192,7702,5
192,10170,5
192,1659,5
192,5144,5
192,1207,3
192,1209,5
192,1147,5
192,9673,5
192,1648,5
192,5134,5
192,6406,5
192,8168,5
192,9736,5
192,19137,5
192,16319,5
192,16320,5
192,14950,5
192,9670,5
192,15361,5
192,1654,5
192,9679,5
192,1660,5
192,10191,5
192,1651,5
192,7579,5
192,18234,5
192,5138,3
192,1662,5
192,5409,5
192,9461,5
192,9898,5
192,1752,5
192,5407,5
192,1655,5
192,1247,5
192,9668,5
192,18308,5
192,20280,5
192,9676,5
192,15365,5
192,9674,4
192,1185,5
192,20152,5
192,20108,5
192,19941,5
192,1740,5
192,20044,5
192,1181,5
192,1649,5
192,10229,5
192,1195,4
192,1196,4
192,1197,1
192,1650,5
192,1656,5
192,7580,4
192,3810,5
192,15364,5
192,5153,5
192,15519,5
192,9781,5
192,18334,5
192,5142,5
192,5131,5
192,9483,5
192,9675,5
192,15362,5
192,13934,3
192,1198,3
192,18241,5
192,5150,5
192,1661,5
192,18340,5
192,1204,5
192,9672,5
192,7342,5
192,1212,5
192,10255,5
192,18210,2
192,5141,5
192,1151,5
192,15273,5
192,19220,5
192,6393,5
192,18311,5
192,1210,5
192,18221,5
192,15024,5
192,5408,5
192,15104,5
192,9484,5
192,1657,5
192,9671,5
192,5406,5
192,5137,5
192,15630,5
192,10207,5
192,10261,5
192,5146,5
192,5145,5
192,1217,5
192,9669,5
192,15252,5
192,19241,5
192,1750,5
192,19136,5
192,1205,5
192,15292,5
192,5410,5
192,1208,5
192,1653,5
192,9460,5
192,10219,5
192,10226,5
192,15363,5
192,1206,5
192,5135,5
193,13407,5
193,20195,2
193,13264,4
193,19572,2
193,4968,4
193,19895,4
193,6337,4
193,15328,4
193,4964,4
193,18658,5
193,13406,5
193,2573,5
193,13421,3
193,11955,3
193,19801,4
193,19789,4
193,13925,4
193,12733,5
193,22295,4
193,13208,3
193,11608,3
193,17581,4
193,16206,5
193,18690,3
193,14197,4
193,17582,2
193,3069,4
193,17051,4
193,18689,4
193,20556,2
193,3143,3
193,16706,5
193,3182,4
193,14078,3
193,14076,3
193,4613,3
193,14218,5
193,14221,4
193,3198,4
193,13881,4
193,4429,4
194,11316,5
194,11337,5
194,18942,5
194,6322,5
194,14023,4
194,17475,4
194,8807,4
194,22150,4
194,14504,5
194,11340,4
194,19070,5
194,14036,5
194,17201,5
194,22009,5
194,19036,4
194,11336,4
194,14011,4
194,1017,3
194,14682,3
194,18957,5
194,8488,5
194,18941,5
194,21738,5
194,22035,5
194,7733,5
194,22260,5
194,19039,5
194,1072,3
194,7764,5
194,14016,4
194,14503,4
194,21955,4
194,11338,5
194,22324,4
194,22275,5
194,11330,5
194,11325,3
194,17331,5
194,7750,5
194,19073,5
194,9195,5
194,17332,5
194,17797,3
194,17096,5
194,6387,5
194,18944,5
194,14030,5
195,19804,4
195,9219,5
195,19848,5
195,13502,4
195,4683,5
195,6075,1
195,3455,5
195,19690,5
195,236,5
195,2351,5
195,9393,5
195,5933,5
195,1925,5
195,367,5
195,4577,5
195,1781,5
195,2229,5
195,148,5
195,9703,5
195,9427,5
195,5308,1
195,3884,4
195,2282,5
195,7437,2
195,11803,2
195,3293,5
195,11020,5
195,5108,5
195,11855,5
195,14865,5
195,12126,5
195,12821,3
195,7365,5
195,3303,5
196,2911,4
196,165,5
196,15124,5
196,2205,4
196,6178,4
196,19459,4
196,8186,4
196,7500,4
196,11815,5
196,6194,3
196,8185,5
196,6514,4
196,9463,4
196,864,4
196,4227,5
196,8190,3
196,10366,5
196,1596,4
196,6524,5
196,6745,5
196,4869,5
196,15710,4
196,12478,3
196,7510,5
196,4007,2
196,12738,5
196,339,3
196,12131,3
196,6681,5
196,10233,3
196,1841,4
196,15208,1
196,758,5
196,2650,4
196,2923,2
196,5073,4
196,9889,2
196,3534,4
196,8195,4
196,19286,2
196,7440,4
196,1843,4
196,391,4
196,9319,5
196,1426,3
196,3625,5
196,15648,4
196,9321,5
196,6505,4
196,859,4
196,9194,5
196,15302,4
196,13443,5
196,11206,5
196,3513,4
196,12294,4
196,38,4
196,1164,5
196,1889,5
196,9379,3
196,16028,4
196,9078,5
196,10788,5
196,17119,5
196,16570,4
196,10532,4
196,14304,5
196,5041,4
197,2531,4
197,2529,5
197,3511,3
197,3479,2
197,2841,3
197,1870,1
197,3761,3
197,2425,3
197,2840,4
197,5026,3
197,4966,3
197,4595,1
197,6708,5
197,8188,5
197,4657,4
197,4882,3
197,6057,2
197,13867,5
197,2456,5
197,8213,5
197,9332,3
197,5218,4
197,2530,4
197,6689,2
197,9049,5
197,6070,4
197,20142,3
197,9042,1
197,16844,4
197,6997,5
197,19483,3
197,19632,4
197,7493,3
197,3001,2
197,3424,5
197,2766,3
197,18777,4
197,8231,3
197,19582,4
197,226,3
197,10950,4
197,1334,5
197,571,5
197,11674,2
197,8236,5
197,20273,5
197,6146,4
197,664,4
197,6155,3
197,4690,4
198,9732,5
198,14460,5
198,6352,5
198,17741,5
198,9240,5
198,14569,5
198,14570,5
198,17413,5
198,1014,5
198,14602,5
198,1037,5
198,14734,5
198,13095,5
198,17670,5
198,15643,5
198,9245,5
198,17963,5
198,4120,5
198,8180,5
198,9479,5
198,4099,5
198,9550,5
198,956,5
198,8021,5
198,14255,5
198,7284,5
198,8018,5
198,14735,5
198,7011,5
198,880,5
198,13094,5
198,11126,5
198,2690,4
198,9249,5
198,4118,5
198,17551,5
198,4211,5
198,13103,5
198,12299,5
198,18708,5
198,13718,5
198,11167,5
198,9548,5
198,7269,5
198,16581,4
198,12811,5
198,4179,5
198,12297,5
198,4119,5
198,14568,5
198,14811,5
199,13879,5
199,20655,4
199,13220,5
199,20474,5
199,19531,5
199,20477,5
199,4431,5
199,3154,5
199,6336,5
199,11081,5
199,4434,5
199,20901,5
199,954,4
199,16391,5
199,4308,5
199,4383,4
199,12329,5
199,6390,5
199,4428,3
199,5347,5
199,3123,3
199,14359,4
199,21122,4
199,22196,4
199,4438,4
199,16697,4
199,4946,5
199,437,5
199,14668,5
199,17583,5
199,21256,5
200,7779,5
200,6591,4
200,15075,5
200,9360,5
200,8433,5
200,18328,5
200,1959,5
200,11802,5
200,3266,5
200,9165,5
200,1104,5
200,6627,5
200,715,5
200,1330,5
200,1111,5
200,7330,4
200,3341,5
200,1784,5
200,9151,5
200,18290,5
200,3380,5
200,7868,5
200,12154,5
200,10259,3
200,1511,5
200,7692,5
200,1881,5
200,14851,5
200,3691,5
200,19441,5
200,4146,5
200,3398,5
200,2978,5
200,13069,5
200,12185,5
200,4540,4
200,10186,5
200,2792,5
200,9012,1
200,354,5
200,9612,5
200,6567,5
200,4733,3
200,8315,5
200,12061,5
200,13051,5
200,5234,5
200,743,5
200,902,5
200,3593,5
200,16488,5
200,4366,5
200,5235,5
200,1962,5
200,3542,1
200,9383,4
200,10981,5
200,9783,5
200,14190,5
200,8831,5
200,5552,5
200,16790,5
200,17740,1
200,21370,1
200,2512,2
200,15641,5
200,16950,5
200,14084,5
200,11924,5
200,4462,5
201,14086,4
201,11127,5
201,3568,5
201,387,5
201,907,4
201,10639,4
201,10636,4
201,5994,3
201,4464,4
201,879,1
201,4461,4
201,13980,5
201,9408,4
201,4022,4
201,9443,5
201,14181,4
201,4838,2
201,1466,5
201,14208,4
201,897,5
201,4080,3
201,5085,4
201,9436,4
201,2966,5
201,2616,3
201,14212,5
201,11104,2
201,17153,4
201,8383,4
201,15644,4
201,9432,4
201,4574,4
201,14522,4
201,2666,5
201,14207,4
201,8381,4
201,874,5
201,15852,4
201,4073,4
201,14114,4
201,11492,3
201,5016,4
201,19211,5
201,8334,1
201,5712,4
201,11220,4
201,4210,5
201,10699,4
201,7244,5
201,4089,4
201,5482,4
201,11446,3
201,18486,5
201,11414,3
201,8384,4
201,16635,5
201,10694,5
201,17156,4
201,933,3
201,943,4
201,16899,4
201,8410,5
201,4223,4
201,17594,5
201,17089,5
201,14526,5
201,6099,4
201,15488,4
201,13889,5
201,11151,5
201,14175,1
201,3013,3
201,11102,3
201,4214,5
201,13205,3
201,21032,5
201,13350,5
201,18854,5
201,927,3
201,13432,4
201,903,3
201,10642,5
201,17859,3
201,5602,3
201,16870,5
201,4221,5
201,10649,5
201,10949,4
201,8289,4
201,13621,3
201,2310,5
201,738,3
201,9131,5
201,8401,4
201,518,4
201,11687,4
201,1947,5
201,15607,3
201,915,5
201,8296,5
201,7855,5
201,15824,4
201,19934,4
201,2021,5
201,8703,5
201,15608,5
201,9392,5
201,379,2
201,16537,3
201,5529,3
201,2172,5
201,16504,2
201,1422,4
201,2546,2
201,2785,2
201,6066,4
201,7427,4
201,7501,3
201,2545,4
201,3522,4
201,3341,5
201,13069,4
201,1457,5
201,12102,5
201,12139,5
201,4689,3
201,2440,1
201,7460,4
201,2481,3
201,7469,5
201,18662,5
201,6907,5
201,16673,4
201,9065,4
201,9130,4
201,2777,5
201,4790,3
201,681,4
201,8370,4
201,3565,4
201,3649,3
201,13495,5
201,12740,5
201,4994,3
201,9070,4
201,17151,4
201,13877,4
201,9416,4
201,15613,5
201,865,4
201,2959,4
201,16106,4
201,4989,5
201,11076,4
201,5668,4
201,4066,4
201,8248,5
201,11691,4
201,3904,5
201,1860,3
201,4017,4
201,737,3
201,593,2
201,3011,2
201,17356,5
201,3692,4
201,11694,5
201,4010,4
201,11046,5
201,2968,4
201,11706,4
201,3332,5
201,11033,4
201,8362,5
201,3676,4
201,3021,2
201,751,4
201,18910,4
201,4048,5
201,3558,5
201,16090,5
201,3696,4
201,10979,2
201,17166,5
201,11917,4
201,13984,4
201,7050,5
201,15699,4
201,18002,3
201,15204,5
201,17250,4
201,14507,5
201,7061,5
201,18702,4
201,7062,5
201,17408,5
201,17423,5
201,3052,3
201,17228,3
201,5469,4
201,9410,5
201,14679,4
201,11412,2
201,17207,5
201,7259,4
201,11245,4
201,13383,5
201,17161,4
201,11581,3
201,14676,5
201,16682,4
201,3000,4
201,980,4
201,5466,3
201,2630,4
201,4224,4
202,873,5
202,13623,5
202,1124,5
202,18008,5
202,890,5
202,13413,5
202,941,5
202,6907,5
202,2688,5
202,5896,5
202,12399,5
202,14651,5
202,2620,5
202,13353,5
202,2686,5
202,14697,4
202,13856,5
202,13855,5
202,14396,5
202,7389,5
202,21648,5
202,21236,5
202,14768,5
202,21278,5
202,20934,5
202,20904,5
202,7386,5
202,2685,5
203,10950,1
203,568,4
203,10971,3
203,1156,4
203,2456,4
203,10651,5
203,8259,3
203,11121,3
203,1308,2
203,5810,5
203,11604,5
203,6682,5
203,5231,2
203,2002,3
203,16082,2
203,8242,1
203,3894,5
203,13664,5
203,13420,3
203,12523,3
203,4530,5
203,570,3
203,9976,2
203,17970,4
203,4111,5
203,3753,4
203,15411,5
203,1376,5
203,13514,5
203,4734,3
203,10726,3
203,4587,2
203,16954,5
203,1971,3
203,9074,1
203,582,4
203,12769,4
203,3001,3
203,3761,5
203,8238,4
203,20393,5
203,344,5
203,11438,5
203,4978,5
203,16883,5
203,21361,5
203,13658,5
203,9020,5
203,4119,5
203,5884,5
203,908,5
203,13692,5
203,18246,5
203,12927,4
203,16024,5
203,15239,5
203,6233,5
203,6881,5
203,6343,5
203,6888,5
203,11237,5
203,2442,5
203,12417,5
203,1274,5
203,14649,5
203,6840,5
203,16963,5
203,8053,5
203,12403,5
203,20124,5
203,15376,5
203,1379,4
203,2552,5
203,9012,4
203,3266,5
203,13427,5
203,17864,5
203,8040,5
203,7255,5
203,13096,4
203,13044,5
203,4102,5
203,18710,5
203,4570,4
203,1351,5
203,8975,5
203,3231,5
203,5673,5
203,480,5
203,1315,5
203,17555,5
203,5705,5
203,13203,4
203,13661,5
203,4114,5
203,9329,5
204,9770,3
204,18351,4
204,18348,3
204,16151,4
204,3573,2
204,6713,3
204,7191,3
204,19469,4
204,5129,5
204,16482,5
204,4647,3
204,1713,2
204,3576,4
204,4658,5
204,5370,4
204,18151,3
204,16542,3
204,10959,5
204,10775,3
204,2000,3
204,12010,4
204,15969,4
204,5633,3
204,10055,3
204,1992,5
204,10764,3
204,18149,2
204,18152,5
204,9997,4
204,11006,3
204,4669,5
204,19307,5
204,9847,3
204,5169,5
204,9579,4
204,10028,3
204,3875,3
204,3955,4
204,18155,2
204,9786,3
204,14983,4
204,18270,2
204,19117,5
204,19119,3
204,2036,4
204,19228,3
204,1566,2
204,19118,3
204,5856,3
204,13552,5
204,13751,2
204,20880,3
204,6703,3
204,16156,5
204,4686,3
204,4858,4
204,834,3
204,14257,5
204,18277,3
204,10112,5
204,18154,3
204,18153,4
204,14702,3
204,16161,5
204,16100,5
204,6006,3
204,20487,3
204,14049,4
204,1858,3
204,16839,2
204,13197,2
204,665,4
204,6699,4
204,770,4
204,16354,5
204,10634,3
204,3661,5
204,18352,3
204,2795,4
204,18150,3
204,15613,3
204,18575,5
204,16378,5
205,11775,5
205,15028,4
205,18079,5
205,11772,5
205,9923,5
205,11778,5
205,12735,4
205,454,4
205,16154,5
205,3488,5
205,4836,5
205,5694,4
205,15800,5
205,8849,5
205,12963,5
205,6823,5
205,8275,5
205,11787,4
205,3883,5
205,4578,5
205,7503,5
205,6663,5
205,6589,5
205,3880,4
205,7495,5
205,14917,5
205,16086,5
205,3323,4
205,17392,4
205,6052,5
205,261,5
205,3891,5
205,2843,5
205,3628,5
205,4262,4
206,7779,5
206,15020,5
206,6671,5
206,8067,5
206,8277,5
206,1370,5
206,4124,5
206,12880,5
206,8731,4
206,12237,5
206,2966,5
206,8996,5
206,8292,4
206,7302,5
206,9865,5
206,1371,5
206,215,5
206,10103,5
206,2495,5
206,8283,5
206,17540,5
206,6777,5
206,2790,5
206,3378,5
206,9165,5
206,15567,5
206,17869,5
206,12923,5
206,12193,5
206,6250,5
206,8564,4
206,4114,5
206,6511,5
206,7959,4
207,20731,3
207,20763,3
207,20087,4
207,20764,3
207,7652,4
207,20803,3
207,19753,4
207,20693,4
207,20840,4
207,4041,5
207,20844,4
207,20667,3
207,20478,4
207,20474,3
207,20449,3
207,20564,3
207,15983,4
207,20898,3
207,20655,3
207,20318,4
207,20690,4
207,20083,4
207,20602,3
207,20991,3
207,21398,3
207,20753,3
207,20848,3
207,21520,3
207,21311,3
207,21640,4
207,21953,3
207,22179,3
207,21920,3
207,21172,3
207,19968,3
207,22173,4
207,21107,3
207,20956,3
207,20999,3
207,21355,3
207,21259,3
207,21182,3
207,21256,2
207,21156,3
207,21233,3
208,11860,4
208,17262,5
208,5472,5
208,8933,5
208,8639,5
208,18002,5
208,6413,4
208,17287,5
208,8931,4
208,13009,5
208,17059,4
208,8887,5
208,17109,4
208,7927,5
208,3398,5
208,18704,5
208,11146,4
208,11222,4
208,17111,4
208,17257,4
208,3861,4
208,17639,4
208,14376,5
208,5239,5
208,5250,5
208,5273,5
208,6142,4
208,13895,4
208,14163,5
208,17440,5
208,17277,5
208,17359,5
208,17376,4
208,11865,5
208,17144,5
208,7713,4
208,1682,5
208,17291,5
208,14161,5
208,17067,5
208,15698,4
208,7720,5
208,11789,4
208,11864,4
208,13358,5
208,12509,4
208,13790,5
208,7710,5
208,7243,4
208,13786,5
208,13766,5
208,15338,4
208,8300,4
208,17063,5
208,13775,4
208,8303,4
208,13780,4
208,13779,4
208,10949,4
208,16867,4
208,13342,5
208,14443,3
208,11117,4
208,2617,4
208,14242,4
208,3788,4
208,18363,3
208,14490,4
208,13365,5
208,8302,4
208,10564,4
208,17219,5
208,19194,5
208,13344,4
208,4170,4
208,13267,5
208,17641,4
208,13778,4
208,13776,4
208,11591,5
208,251,4
208,5024,4
208,14437,4
208,2156,4
208,2699,5
208,14442,4
208,17112,4
208,13366,5
208,11254,5
208,18037,3
208,11439,4
208,13777,4
208,364,4
208,8305,4
208,16468,4
208,17308,5
208,18382,5
208,18854,5
208,2697,5
208,5747,5
208,14251,5
208,5899,3
208,11570,4
208,17637,5
208,2682,4
208,2695,4
208,8991,5
208,7731,5
208,13784,4
208,11590,4
208,5748,5
209,2986,3
209,99,3
209,12226,5
209,8464,3
209,1529,5
209,6760,5
209,16362,5
209,291,2
209,648,4
209,15605,3
209,552,2
209,156,4
209,1319,5
209,8604,5
209,2535,1
209,16442,3
209,551,3
209,6051,3
209,549,3
209,9135,3
209,4233,5
209,3625,2
209,539,2
209,12892,3
209,15994,2
209,6477,5
209,8603,4
209,1086,4
209,1130,3
209,11809,3
209,493,5
209,735,2
209,304,3
209,10349,5
209,13084,5
209,5993,4
209,4587,3
209,263,1
209,5567,4
209,12402,3
209,3364,3
209,209,2
209,8498,5
209,12424,2
209,12927,5
209,650,4
209,4146,5
209,3760,3
209,9171,3
209,4743,3
209,592,4
209,3744,4
209,9012,3
209,12901,4
210,20885,5
210,20728,5
210,21946,2
210,22112,4
210,21377,5
210,21171,5
210,21795,5
210,17108,3
210,19729,5
210,22073,4
210,19460,5
210,21345,5
210,21899,5
210,21880,3
210,22087,5
210,14226,5
210,20609,2
210,12625,5
210,17926,4
210,21472,4
210,13776,5
210,4623,5
210,13345,4
210,16468,5
210,13780,5
210,19730,5
210,14234,5
210,5494,4
210,21425,5
210,8991,5
210,13778,5
210,2646,5
210,12292,3
210,21218,5
210,20708,5
210,21414,4
210,21300,5
210,19600,5
210,21550,5
210,13779,5
210,21577,5
211,21637,4
211,21623,3
211,20435,4
211,21404,3
211,21544,4
211,22309,3
211,21554,3
211,19668,3
211,21363,3
211,22025,4
211,20497,5
211,20909,5
211,22036,3
211,20866,3
211,22062,4
211,22209,2
211,21775,4
211,19411,5
211,19537,3
211,20624,3
211,19701,3
211,19570,4
211,19675,3
211,20798,1
211,19401,3
211,19969,4
211,20825,4
211,20112,3
211,19566,3
211,19323,5
211,19324,5
211,21326,4
211,19750,3
211,20924,3
211,20976,3
211,19890,4
211,19677,4
211,19751,3
211,20576,4
211,21200,4
211,19950,5
211,20118,5
211,21065,5
211,20616,3
211,19329,5
211,19694,5
211,20034,4
211,19821,3
211,20000,4
211,20172,5
211,20001,4
211,19420,5
211,19514,5
211,19754,5
211,19627,3
211,21824,3
211,19934,5
211,19429,2
211,19412,5
211,20058,3
211,19782,4
211,19341,4
211,19989,5
211,20343,5
211,19346,3
211,19471,4
211,19517,3
211,19583,3
211,19356,5
211,19417,5
211,19502,4
211,19762,3
211,19628,5
211,19464,4
212,21047,5
212,21263,5
212,21084,4
212,21424,5
212,21036,5
212,21515,5
212,21894,5
212,20874,5
212,20292,5
212,20597,5
212,21169,5
212,20788,5
212,21553,5
212,21365,5
212,20227,5
212,19720,4
212,21810,4
212,20769,5
212,21055,4
212,20007,4
212,20743,5
212,20302,4
212,20153,5
212,20695,5
212,20089,5
212,20644,4
212,20481,4
212,19890,5
212,21369,5
212,20088,4
212,21423,4
212,21223,5
212,20996,5
212,21941,5
212,21948,5
212,21381,5
212,21222,4
212,22201,5
212,22037,5
212,21874,5
212,22090,5
212,21878,5
212,21538,5
212,21079,5
212,19820,5
212,21497,5
212,21438,4
212,22066,5
212,21765,5
212,21911,5
212,20682,4
212,20116,4
212,20856,4
212,21071,4
213,3655,5
213,11387,4
213,5974,5
213,11710,5
213,2033,5
213,1859,5
213,6736,5
213,1699,5
213,15073,5
213,521,5
213,737,5
213,730,5
213,3525,5
213,619,5
213,1492,5
213,2899,5
213,12497,5
213,3305,5
213,387,5
213,396,5
213,7408,5
213,15827,5
213,1943,5
213,5941,5
213,15609,5
213,11643,5
213,3660,5
213,1934,5
213,12112,5
213,8851,5
213,17242,5
213,5509,5
213,12515,5
213,14247,5
213,11381,5
213,1727,5
213,3990,5
213,12517,5
213,1730,5
213,17293,5
213,17238,5
213,15788,5
213,7710,5
213,3063,5
213,15281,4
213,22124,5
213,14249,5
213,14776,5
213,9212,5
213,13450,5
213,11379,5
213,14239,5
213,11375,5
213,14778,5
213,11866,5
213,14777,5
213,14253,5
213,14774,5
213,11289,5
213,11377,5
213,11863,5
213,6579,5
213,3312,5
213,10254,5
213,10274,5
213,7756,5
213,2904,5
213,1815,4
213,11654,5
213,8897,5
213,3333,5
213,12090,5
213,14920,5
213,369,5
213,6493,5
213,18348,5
213,17394,5
213,3523,5
213,13381,5
214,9216,3
214,12942,1
214,3597,5
214,765,4
214,18669,5
214,13093,3
214,2695,3
214,17411,5
214,16826,5
214,12401,5
214,5593,5
214,15073,3
214,7789,5
214,16781,4
214,9012,5
214,4071,3
214,18630,5
214,5987,4
214,3104,3
214,791,5
214,13659,3
214,777,1
214,5428,3
214,798,5
214,11063,2
214,751,4
214,13685,4
214,5659,5
214,15929,4
214,6089,3
214,13516,3
214,11033,5
214,8353,2
214,15835,5
214,8007,3
214,14935,5
214,4565,4
214,8723,5
214,13397,5
214,94,5
214,6018,4
214,654,5
214,16654,3
214,12819,3
214,6884,3
214,13082,4
214,11711,2
214,16536,4
214,8013,5
215,20486,5
215,13466,5
215,17117,5
215,20272,4
215,13491,5
215,17904,5
215,20583,4
215,4986,5
215,20496,4
215,20721,5
215,21011,4
215,17597,3
215,11714,5
215,20566,5
215,20518,4
215,3661,4
215,9041,4
215,20335,5
215,18119,3
215,6605,5
215,3708,5
215,3017,4
215,16755,4
215,20491,4
215,20115,5
215,16701,3
215,6461,5
215,8410,5
215,11088,4
215,13999,4
215,11492,4
215,13994,4
215,7369,4
215,3728,5
215,11457,4
215,11226,4
215,11138,4
215,14142,3
215,3720,5
215,17576,4
215,11200,5
215,14118,3
215,9420,5
215,10589,3
215,11152,4
215,11136,4
215,5465,5
215,2765,5
215,13985,3
215,22253,5
215,13515,3
215,13072,5
215,13481,5
215,3673,5
215,1918,5
215,8419,4
215,1876,5
215,11137,4
215,6601,5
216,13861,5
216,17904,5
216,15170,5
216,4343,5
216,5263,5
216,5236,5
216,509,5
216,13858,5
216,9520,2
216,20168,5
216,2591,5
216,3029,5
216,6075,4
216,5815,5
216,6039,5
216,3552,5
216,16445,5
216,1536,5
216,16443,5
216,3416,5
216,18626,5
216,462,5
216,16749,5
216,951,5
216,10430,5
216,3477,5
216,6848,5
216,19314,5
216,16205,5
216,18627,5
216,13888,5
216,16037,5
216,18625,5
216,20530,4
216,9125,5
216,13488,5
216,16029,5
216,18471,5
216,18510,5
216,18511,5
216,510,5
216,14220,5
216,574,5
216,16040,5
216,16775,5
216,9856,4
216,15260,5
216,19462,1
217,21737,4
217,21922,5
217,19915,5
217,21954,2
217,20970,5
217,20427,2
217,20841,2
217,21988,1
217,20752,3
217,20604,3
217,21945,5
217,19684,5
217,20417,2
217,20428,5
217,19814,4
217,19977,4
217,20222,4
217,20460,5
217,21499,4
217,22191,5
217,20815,5
217,20907,1
217,22210,3
217,22204,5
217,20546,5
217,20251,1
217,19914,5
217,20300,5
217,20344,2
217,22007,5
217,19776,4
217,21193,3
217,19917,5
217,21628,3
217,20238,1
217,19840,5
217,21572,5
217,20716,1
217,20500,4
217,21254,3
217,20482,4
217,19943,3
217,21319,3
217,20519,4
217,20784,2
217,20062,3
217,20399,5
218,20803,4
218,21471,3
218,3291,5
218,3405,5
218,21399,3
218,6881,4
218,22203,5
218,21436,4
218,20718,5
218,2748,3
218,22119,3
218,21081,2
218,8238,1
218,6173,2
218,4472,5
218,2872,5
218,4822,2
218,4051,5
218,7253,2
218,21134,2
218,8595,3
218,19970,4
218,7482,2
218,14312,3
218,6101,5
218,2568,2
218,12245,5
219,18969,5
219,18937,5
219,18970,5
219,14374,5
219,18927,5
219,18968,5
219,18869,5
219,18870,5
219,18868,5
219,17719,5
219,18867,5
219,18866,5
219,18864,5
219,18873,5
219,18863,5
219,18871,5
219,18929,5
219,18930,5
219,18932,5
219,18931,5
219,18872,5
219,18865,5
219,18926,5
219,18874,5
219,18933,5
219,5263,5
219,18966,5
219,18862,5
219,16408,5
219,18934,5
219,18860,5
219,18861,5
219,18928,5
219,18967,5
219,18936,5
219,17904,5
219,18935,5
219,18974,5
219,19216,5
219,14397,5
219,14542,5
219,14367,5
219,5279,5
219,7000,5
219,15249,5
219,14363,5
219,5272,5
219,1436,5
219,18859,5
219,17905,5
219,5250,5
219,5252,5
220,655,5
220,5960,4
220,7825,3
220,2025,5
220,15611,5
220,3658,5
220,13177,4
220,3212,5
220,15829,5
220,12020,5
220,12012,5
220,11685,5
220,5937,5
220,12578,5
220,2017,5
220,16418,5
220,1611,4
220,12125,3
220,16471,4
220,1928,5
220,2034,5
220,5619,5
220,10828,5
220,18669,5
220,3581,5
220,17983,4
220,713,5
220,10818,5
220,13482,4
220,13075,4
220,5639,4
220,9159,5
220,671,5
220,13311,5
220,5609,5
220,6529,5
220,804,3
220,1862,5
220,10804,5
220,3000,5
220,10812,4
220,667,5
220,6001,4
220,6026,5
220,1951,5
220,17820,4
220,16395,5
220,2035,5
220,12754,5
220,10835,5
220,16854,5
220,3571,5
220,3677,5
220,3708,5
220,10868,4
220,897,4
220,888,4
220,4059,5
220,5549,5
220,1242,4
220,3703,4
220,17871,5
220,898,5
220,11053,5
220,3012,4
220,9658,4
220,14211,4
220,16713,5
220,5605,5
220,5958,3
220,9423,5
220,3013,5
220,10661,5
220,10637,5
220,13030,5
220,8700,5
220,2019,3
220,7405,5
220,524,4
220,8984,4
220,10827,4
220,10355,5
220,6738,5
220,15813,4
220,19191,3
220,15884,4
220,6778,5
220,5023,3
220,10853,3
220,11103,4
220,2204,2
220,1498,4
220,121,5
220,3659,4
220,15345,5
220,17842,5
220,3805,5
220,5965,4
220,15878,3
220,5867,5
220,5850,3
220,17830,4
220,18756,5
220,10837,5
220,11009,5
220,10830,5
220,3710,5
220,9060,4
220,3709,4
221,18596,5
221,688,4
221,8486,5
221,11313,5
221,14512,5
221,11753,5
221,14139,3
221,14583,4
221,8482,5
221,1026,5
221,21927,4
221,18031,5
221,948,5
221,19022,3
221,19017,4
221,21905,4
221,1016,4
221,14539,4
221,4215,5
221,19089,4
221,5448,4
221,18823,4
221,11079,5
221,11318,4
221,17212,4
221,17512,4
221,19105,5
221,1053,5
221,910,5
221,7251,4
221,22003,4
221,11319,5
221,19063,5
221,21011,3
221,19020,4
221,14704,3
221,8489,5
221,11314,4
221,1047,3
221,21853,3
221,18949,4
221,18938,5
221,10643,4
221,5003,3
221,2624,4
221,12512,5
221,2311,5
221,3727,3
221,7244,5
221,3721,3
221,14729,5
221,22320,5
221,11220,4
221,434,5
221,12384,5
221,21133,4
221,10980,5
221,17707,5
221,21473,5
221,8886,2
221,11178,3
221,10711,5
221,930,4
221,14464,5
221,14405,5
221,992,5
221,15809,4
221,4027,5
221,2766,4
221,911,3
221,14145,4
221,11749,3
221,16679,5
221,18388,5
221,2042,5
221,12994,5
221,15460,4
221,4432,4
221,21081,5
221,2053,4
221,2623,5
221,14441,4
221,1028,3
221,17920,4
221,14105,4
221,6744,5
221,20860,4
221,17851,5
221,13514,5
221,11138,3
221,11134,4
221,19153,5
221,18009,5
221,11285,5
221,14136,4
221,9054,5
221,7706,4
221,226,3
221,14467,5
221,957,5
221,16834,4
221,12382,4
221,20885,4
221,21022,4
221,21361,5
221,21615,4
221,13214,3
221,4443,5
221,21478,4
221,21436,3
221,21402,4
221,14092,4
221,11993,5
221,21139,4
221,21522,4
221,21637,4
221,17839,4
221,21386,4
221,21557,4
221,458,4
221,11714,5
221,8329,4
221,8479,4
221,1051,5
221,21428,4
221,21635,4
221,13683,5
221,18852,4
221,11111,5
221,1426,3
221,4975,5
221,5472,2
221,1015,4
221,14678,4
221,5495,5
221,14532,4
221,17850,4
221,21407,4
221,14700,5
221,12517,5
222,21882,5
222,11290,5
222,17351,5
222,17409,4
222,11795,5
222,17779,5
222,17438,5
222,17358,5
222,17192,4
222,11621,5
222,14812,4
222,19199,5
222,9585,5
222,11597,5
222,20288,1
222,3058,5
222,11615,5
222,20100,3
222,7067,5
222,21883,5
222,17415,5
222,17430,5
222,5753,5
222,2715,5
222,7050,5
222,7056,5
222,11447,5
222,14160,4
222,7055,5
222,11794,5
222,17997,5
222,6413,4
222,20753,5
222,17110,3
222,17271,4
222,11432,5
222,7083,5
222,7072,5
222,17356,5
222,7082,5
222,2761,4
222,17379,5
222,17278,5
222,18000,5
222,20848,3
223,9635,5
223,18724,1
223,3879,5
223,1645,2
223,2823,5
223,13631,4
223,6746,3
223,9266,5
223,13382,5
223,17564,3
223,15384,3
223,1829,4
223,6411,3
223,10106,2
223,10089,5
223,86,5
223,1846,5
223,15419,2
223,7418,5
223,18197,5
223,9269,2
223,15456,4
223,13090,3
224,17247,5
224,7994,5
224,14338,5
224,4121,5
224,16883,5
224,6981,5
224,16927,5
224,9238,5
224,13118,5
224,18889,4
224,17758,5
224,12289,4
224,895,5
224,14578,5
224,14448,5
224,7255,5
224,13730,5
224,16960,5
224,13096,5
224,9012,5
224,870,5
224,17555,5
224,18401,5
224,9253,5
224,14756,4
224,17517,5
224,17578,5
224,9552,3
224,11216,5
224,14170,5
224,8015,5
224,13843,5
224,2725,5
224,13714,5
224,13963,5
224,36,5
224,14577,5
224,15470,5
224,12676,5
224,6239,5
224,17763,5
224,11990,5
224,5765,5
224,2692,5
224,6233,5
224,10583,5
224,16923,5
224,18672,5
224,7254,5
224,11587,5
224,4115,5
224,2726,5
224,959,5
224,11635,5
224,13709,5
224,2742,5
224,5810,5
224,12840,5
224,3594,5
224,4166,5
224,5473,5
224,2752,4
224,11181,5
224,5480,3
224,14111,3
224,5306,5
224,7014,5
224,17305,5
224,10719,4
224,1013,5
224,1674,5
224,3228,5
224,4198,4
224,8043,5
225,8611,1
225,15069,5
225,16031,5
225,6707,4
225,9278,5
225,8836,5
225,3739,4
225,2869,5
225,15368,5
225,4856,2
225,12455,3
225,8534,3
225,7022,5
225,11926,4
225,7564,3
225,3959,5
225,1192,5
225,7790,5
225,2746,4
225,9773,3
225,7206,3
225,6398,2
225,6655,4
225,2875,4
225,6409,5
226,16059,5
226,15048,5
226,10430,5
226,9145,5
226,9929,5
226,10264,4
226,7957,2
226,9348,5
226,1315,5
226,19371,5
226,15257,5
226,16800,5
226,8058,5
226,15495,5
226,18621,5
226,16959,4
226,14216,5
226,7904,4
226,19889,5
226,9243,5
226,18543,4
226,15464,5
226,1115,5
226,7595,5
226,2003,5
226,7951,5
226,1961,5
226,12528,5
226,16459,4
227,4925,4
227,4356,3
227,4726,4
227,4926,4
227,3770,3
227,4355,4
227,544,4
227,8333,4
227,4354,5
227,4921,4
227,4353,4
227,4361,4
227,4357,3
227,4932,4
227,12553,5
227,380,4
227,16291,4
227,4370,3
227,5125,4
227,1232,4
227,4920,3
227,4365,4
227,8336,4
227,13029,4
227,4364,2
227,4348,3
227,4346,4
227,4914,4
227,4362,3
227,4351,4
227,15949,4
227,12205,4
227,1550,2
227,12225,3
227,1445,4
227,16116,3
227,11799,2
227,2390,5
227,2877,4
227,4896,5
227,12,2
227,8285,4
227,426,4
227,12717,5
227,16536,5
227,5767,3
227,4916,4
227,4341,3
227,2934,4
227,4911,4
227,2233,4
227,4344,4
227,4912,5
227,8382,4
227,16480,3
227,7211,3
227,4448,4
227,4338,4
227,5120,5
227,3535,4
227,4889,3
227,4908,4
227,12017,4
227,2297,4
227,4347,3
227,13289,4
227,14094,4
227,17118,4
227,20807,4
227,11038,4
227,16699,4
227,16704,3
227,6077,3
227,8372,4
227,16986,4
227,15053,4
227,15878,4
227,6080,4
227,4071,5
227,8367,5
227,3015,4
227,3012,4
227,16239,4
227,16710,4
227,8370,4
227,3004,4
227,16698,4
227,4088,5
227,13983,4
227,13986,4
227,2737,4
227,20739,5
227,16491,3
227,17162,4
227,14690,4
227,10715,5
227,4072,4
227,17595,4
227,7213,5
227,10718,4
227,16702,4
227,13526,4
227,4940,4
227,4408,4
227,381,4
227,593,4
227,700,4
227,10969,3
227,657,4
227,4372,4
227,4942,5
227,13071,3
227,16490,4
227,16624,5
227,4380,4
227,2987,5
227,403,4
227,11163,4
227,4374,5
227,511,4
227,13599,4
227,15339,3
227,14118,3
227,17161,5
227,11004,4
227,20254,5
227,2330,3
227,4015,4
227,10979,4
227,2973,4
227,18659,5
227,4933,4
227,4404,5
227,615,5
227,4391,4
227,10972,5
227,2974,4
227,3000,3
227,7709,5
227,22097,5
227,11265,4
227,22003,4
227,10593,5
227,17329,4
227,7199,3
227,22166,5
227,21917,3
227,7220,4
227,22188,5
227,21904,4
227,11333,4
227,13373,5
227,22115,5
227,21910,5
227,11269,4
227,11610,5
227,7198,4
227,2734,4
227,968,4
227,17251,4
227,21783,4
227,7219,4
227,3061,4
227,8422,3
227,21816,5
227,22008,4
227,14681,4
227,21881,3
227,22027,4
227,15864,5
227,14016,4
227,22101,4
227,22033,5
227,21879,4
227,22305,5
227,11280,4
227,14032,4
227,22317,4
227,14750,4
227,22249,4
227,22215,4
227,21626,4
227,22173,5
227,21310,4
227,18560,5
227,5059,3
227,39,4
227,20328,4
227,7201,3
227,22017,5
227,22109,4
227,1067,3
227,18075,4
227,22052,4
227,22137,4
227,21864,4
227,17090,5
227,11492,3
227,11205,3
227,14528,4
227,11419,5
227,7216,4
227,5504,5
227,17601,4
227,13999,3
227,11137,5
227,11215,4
227,11082,4
227,14529,5
227,18824,4
227,13981,4
227,2631,3
227,14358,4
227,792,4
227,13988,5
227,13266,3
227,22250,4
227,21187,4
227,10699,3
227,11152,3
227,20993,5
227,11194,4
227,906,4
227,4089,3
227,2708,4
227,19200,5
227,8265,4
227,11284,4
227,11181,5
227,11164,4
227,8329,4
227,21478,4
227,13984,4
227,21648,4
227,17372,3
227,14007,4
227,21586,4
227,16682,4
227,11161,3
227,14006,4
227,13363,4
227,4421,4
227,11207,3
227,17603,4
227,13989,5
227,21565,5
227,21747,5
227,16589,4
227,11245,5
227,21644,4
227,21609,4
227,21551,4
227,21688,4
227,21635,4
227,17386,5
227,21803,5
227,21834,4
227,7218,3
228,20271,5
228,20537,1
228,20506,4
228,20541,3
228,21752,5
228,19574,5
228,21803,5
228,20582,4
228,20367,3
228,21137,4
228,19364,5
228,20439,5
228,20658,4
228,20665,4
228,19625,5
228,19418,5
228,19702,5
228,19436,5
228,20432,4
228,20885,5
228,21540,3
228,21008,1
228,19763,4
228,20518,4
228,19773,5
228,20434,4
228,21285,2
228,20046,4
229,2333,5
229,422,5
229,2232,5
229,17928,5
229,11742,5
229,16421,5
229,8212,1
229,15727,5
229,379,5
229,13540,5
229,1949,5
229,16550,5
229,13567,5
229,16497,5
229,2334,5
229,8238,5
229,16548,5
229,2970,5
229,631,5
229,4018,5
229,16562,5
229,16546,5
229,5129,5
229,8522,5
229,2336,5
229,11840,5
229,14946,5
229,2300,5
229,2231,5
229,16611,5
229,7532,5
229,3872,5
229,7136,5
229,7133,5
229,14413,5
229,17026,5
229,7739,5
229,7527,5
229,14412,5
229,17323,4
229,17768,5
229,3662,3
229,525,5
229,2957,5
229,16534,5
229,8521,5
229,13932,4
229,14006,4
229,14007,4
229,17422,5
229,5609,5
229,17480,5
229,17250,4
229,11278,5
229,11276,5
229,17790,5
229,15280,5
229,17067,5
229,8519,5
229,10568,5
229,2994,4
229,18387,5
229,17103,4
229,6735,5
229,17827,5
229,2632,5
229,18764,5
229,5745,5
229,14211,5
229,16825,5
229,10693,5
229,14208,5
229,16860,5
229,825,5
229,13230,5
229,11556,5
229,11100,5
229,5682,5
229,15813,5
229,18365,5
229,13429,5
229,5076,5
229,18363,4
229,18808,5
229,11130,5
229,8529,5
229,1465,5
229,3013,5
229,18364,5
229,18366,5
229,15887,3
229,945,5
229,4987,4
229,12501,5
229,11431,5
229,2678,4
229,10984,5
229,2340,5
229,6004,5
229,13611,5
229,1627,5
229,10989,5
229,5550,5
229,10994,5
229,13612,5
229,1749,5
229,16504,5
229,18372,5
229,3686,5
229,4061,5
229,13556,5
229,1344,5
229,13553,5
229,805,3
229,14372,5
229,8254,5
229,3020,4
229,15856,5
229,5647,4
229,8351,5
229,16707,5
229,6104,4
229,17848,5
229,9041,4
229,804,4
229,10485,5
229,2337,5
229,12800,5
229,3667,5
230,18173,5
230,9281,5
230,18634,5
230,9286,5
230,18004,5
230,9647,2
230,19224,5
230,18142,5
230,19222,5
230,5300,5
230,18940,5
230,18048,5
230,18495,5
230,11640,5
230,9277,5
230,19847,5
230,18172,5
230,13328,5
230,5242,5
230,1880,5
230,18005,5
230,18367,5
230,18171,5
230,5012,5
230,5262,5
230,16934,5
230,14706,3
230,18980,4
230,10596,5
230,14772,5
230,17972,5
231,2077,3
231,19703,5
231,19768,3
231,1960,5
231,20241,4
231,8093,3
231,8080,5
231,7332,5
231,19704,5
231,18580,4
231,16974,3
231,20137,5
231,8073,5
231,8075,3
231,10223,5
231,11825,5
231,18335,5
231,9685,5
231,8082,5
231,8088,5
231,11824,5
231,91,5
231,18437,5
231,1305,5
231,21558,5
231,21662,5
231,10461,5
231,21993,5
231,19377,4
231,21704,5
231,21242,5
231,8932,5
231,20017,5
231,20633,5
231,20282,4
231,9871,5
231,15311,5
231,18699,5
231,20109,5
231,21149,5
231,19995,4
231,18698,5
231,19906,4
231,18687,4
232,5093,3
232,18242,3
232,18358,3
232,15525,4
232,16336,4
232,18630,5
232,9200,3
232,15551,5
232,18357,3
232,15064,3
232,9965,3
232,16707,2
232,7878,5
232,10312,4
232,16041,3
232,18158,5
232,17116,5
232,9856,5
232,2247,4
232,15728,2
232,15061,3
232,16030,5
232,12791,3
232,15452,4
232,16034,3
232,15688,3
232,15060,4
232,4304,4
232,10716,5
232,16039,4
232,2974,3
232,14839,4
232,4022,4
232,18468,3
232,16185,4
232,9931,4
232,9721,5
232,14941,5
232,16194,5
232,10070,4
232,9513,4
232,14267,4
232,15524,4
232,15402,4
232,15332,4
232,10222,5
232,15719,5
232,15192,4
232,15724,5
232,16295,5
232,15356,3
232,2952,3
232,9199,3
232,15721,4
232,15725,4
232,15357,4
232,15406,5
232,580,4
232,16032,4
232,7031,3
232,567,5
232,12753,5
232,9304,5
233,11027,4
233,20338,4
233,20423,5
233,11009,4
233,13197,4
233,13319,5
233,9042,2
233,16673,4
233,19816,5
233,5674,5
233,11685,4
233,501,4
233,15875,4
233,16076,2
233,6601,2
233,15872,3
233,1983,4
233,8733,4
233,1228,4
233,3344,5
233,7885,3
233,12732,3
233,5972,4
233,15467,4
233,11694,2
233,7886,3
233,2740,4
233,13621,1
233,14212,2
233,16977,4
233,5704,3
233,11576,5
233,4174,5
233,11439,3
233,14576,4
233,19082,5
233,10687,5
233,11590,5
233,5743,4
233,6584,4
233,958,5
233,8849,5
233,4954,4
233,2426,2
233,10698,4
233,4077,4
233,19516,5
233,16979,5
233,9446,3
233,9069,5
233,4169,5
233,13321,5
233,2245,4
233,9444,4
233,8413,3
233,1822,5
234,19752,1
234,19347,1
234,20162,4
234,1419,3
234,2415,3
234,11054,5
234,616,5
234,1906,5
234,16247,3
234,6611,5
234,1457,5
234,4424,5
234,8347,4
234,6214,5
234,1900,5
234,2592,2
234,5343,5
234,8586,4
234,8373,3
234,21887,2
234,21600,4
234,6448,5
234,21115,4
234,21275,4
234,21401,3
234,19465,3
234,19488,4
234,21011,4
234,10488,5
234,7684,5
234,21863,3
234,5976,5
234,21719,4
234,20809,4
234,21520,4
234,19893,4
234,21591,4
234,21640,4
234,4539,4
234,21225,4
234,21568,4
234,21496,4
234,21981,4
234,7228,3
234,16722,3
234,21423,3
234,4271,4
234,21522,1
234,21554,5
234,18805,5
234,20606,4
234,22179,5
234,13501,2
234,22039,3
234,22052,5
234,22110,3
234,21808,5
234,21648,4
234,22062,5
234,21301,4
234,22089,4
234,21856,4
234,1797,4
234,21626,2
234,19341,5
234,22142,3
234,19502,5
234,21107,2
234,19417,5
234,19583,4
234,20531,4
234,21044,5
234,21927,3
234,449,3
234,21820,3
234,21361,3
234,7250,2
234,8313,3
234,4790,4
234,2670,3
234,20319,3
234,19601,3
234,2680,4
234,14178,4
234,14191,5
234,10629,4
234,12093,4
234,3166,4
234,19404,5
234,4309,4
234,4418,2
234,1442,5
234,9401,4
234,19681,3
234,13489,5
234,14200,5
234,9159,5
234,16314,5
234,8512,3
234,20624,3
234,21369,3
234,20983,4
234,20763,3
234,21302,3
234,21132,5
234,16705,3
234,720,3
234,21355,5
234,21173,4
234,266,3
234,20999,4
234,21081,5
234,4084,3
234,10336,4
234,20668,5
234,21200,5
234,20118,4
234,20981,4
234,14473,3
234,21098,3
234,3575,1
234,4203,4
234,14199,4
234,20640,5
234,20421,5
234,20274,5
234,20164,5
234,21125,4
235,20854,3
235,12453,5
235,19021,1
235,18065,3
235,21693,4
235,18919,5
235,19465,5
235,21186,1
235,5555,5
235,19330,4
235,20178,5
235,796,4
235,17896,4
235,9807,1
235,20179,5
235,7010,5
235,19357,5
235,21265,4
235,6238,5
236,12960,5
236,7024,4
236,7159,4
236,12957,5
236,7155,5
236,9739,5
236,5373,4
236,16387,4
236,7586,2
236,12961,5
236,9652,4
236,9651,4
236,1913,4
236,9745,3
236,190,5
236,10098,4
236,9606,4
236,10498,5
236,9334,3
236,7161,4
236,390,5
236,9877,5
236,10304,5
236,76,5
236,6424,4
236,9629,4
236,19294,5
236,15717,3
236,3968,5
236,12958,5
236,19545,5
236,14966,5
236,6527,5
236,19240,5
236,10426,5
236,10305,5
236,15460,5
236,9197,5
236,16384,4
236,10434,5
236,16695,3
236,15067,4
236,2553,5
236,14307,5
236,18283,3
236,9634,4
236,3966,5
236,19147,3
236,8625,4
236,10097,4
236,18115,5
236,4817,5
236,10099,4
236,17872,5
236,13146,5
236,10435,4
236,18499,5
236,12962,4
236,16619,3
236,15300,4
236,10425,5
236,5374,3
236,7046,5
236,9806,4
236,20194,4
236,6618,5
236,3614,4
236,15729,2
236,10732,4
236,18158,1
236,2043,4
236,16330,5
236,15494,3
236,6897,5
236,15529,4
236,15525,3
236,15531,3
236,117,3
236,20263,5
236,6863,3
236,18159,1
236,5299,3
236,6422,5
236,9492,2
236,5378,5
236,7401,4
236,1332,5
236,16693,5
236,63,5
236,18116,4
236,10469,5
236,16724,2
236,15119,4
236,15523,5
236,6616,5
236,18163,3
236,0,5
236,15327,3
237,16026,3
237,10047,5
237,5385,5
237,9706,5
237,3824,5
237,7408,4
237,5302,5
237,5387,4
237,9631,5
237,9346,4
237,9627,2
237,10128,5
237,5185,5
237,1259,4
237,1073,5
237,1131,5
237,276,4
237,3466,4
237,6470,4
237,6676,5
237,5213,5
237,15535,5
237,1676,5
237,14922,5
237,18638,5
237,16646,5
237,18734,5
237,3886,5
237,15609,4
238,1022,5
238,993,5
238,13963,5
238,17351,5
238,10613,4
238,17557,4
238,21300,5
238,14599,5
238,14597,4
238,11595,4
238,2635,5
238,18068,5
238,16929,5
238,14603,4
238,10674,4
238,1033,5
238,9553,5
238,2639,4
238,6383,4
238,17352,4
238,9551,5
238,3062,4
238,5014,5
238,21247,5
238,14084,4
238,14186,4
238,14809,5
238,14575,4
239,1638,4
239,15798,4
239,15849,4
239,12358,3
239,7549,2
239,3707,4
239,13055,5
239,6734,4
239,5970,4
239,6613,4
239,15796,3
239,9425,3
239,16311,4
239,11727,5
239,2020,5
239,761,5
239,17903,4
239,15825,4
239,16315,4
239,611,3
239,11715,5
239,10958,4
239,17308,4
239,770,4
239,2722,4
239,18811,3
239,14476,5
239,13362,5
239,13329,5
239,5494,5
239,9078,5
239,16732,4
239,11696,4
239,5442,3
239,9632,5
239,4014,4
239,16307,3
239,6102,4
239,9228,3
239,9454,4
239,5919,3
239,389,2
239,6195,5
239,504,4
239,1917,4
239,1220,2
239,2266,5
239,5996,4
239,1859,5
239,6589,4
239,16532,4
239,18737,4
239,11689,5
239,9448,5
239,6621,5
239,3294,5
239,1418,5
239,3461,5
239,4673,5
239,203,4
239,3655,4
239,516,4
239,15790,4
239,2424,4
239,1615,3
239,6192,4
240,19326,5
240,19892,5
240,20118,5
240,19934,5
240,21568,5
240,20624,5
240,21065,5
240,21866,5
240,21366,5
240,21706,5
240,20924,5
240,21391,5
240,21415,5
240,21209,5
240,19726,5
240,20299,5
240,20891,5
240,20997,5
240,19518,5
240,20619,5
240,20952,5
240,20808,5
240,20435,5
240,19413,5
240,22014,5
240,19829,5
240,21326,5
240,20825,5
240,19412,5
240,21508,5
240,21951,5
240,21591,5
240,21775,5
240,22110,5
240,19794,5
240,21600,5
240,20497,5
240,20834,5
240,21929,5
241,1076,4
241,2817,5
241,2818,5
241,354,5
241,11886,5
241,2822,5
241,18133,5
241,263,3
241,9367,5
241,6753,5
241,20592,5
241,11658,2
241,1283,4
241,11996,4
241,19338,5
241,19348,5
241,19335,5
241,20783,5
241,21104,2
241,19718,5
241,7599,5
241,5752,5
241,7491,5
241,3956,5
241,18,5
241,19399,3
241,15135,4
241,15136,5
241,10079,5
241,9270,5
241,1765,5
241,9778,3
241,1601,5
241,7574,5
241,1421,3
241,14960,5
242,371,1
242,5768,4
242,8397,4
242,6584,3
242,8967,5
242,12106,5
242,489,3
242,7293,5
242,6627,5
242,4802,4
242,6686,2
242,8395,2
242,18585,4
242,4808,5
242,1948,4
242,11131,4
242,10672,5
242,2763,5
242,16738,5
242,19960,2
242,740,5
242,3104,5
242,5683,5
242,4981,4
242,2280,3
242,5778,5
242,3092,4
242,13551,3
242,17239,5
242,5642,5
242,17431,5
242,13798,4
242,14162,4
242,7068,4
242,17996,5
242,11584,5
242,3090,4
242,854,5
242,17270,4
242,13826,5
242,4179,4
242,22124,4
242,11946,5
242,964,5
242,13164,5
242,18379,4
242,13304,5
242,482,4
242,6211,4
242,12878,5
242,16479,5
242,306,4
242,4918,1
242,3300,2
242,11687,2
242,6014,4
242,2329,4
242,7874,3
242,16539,4
242,16538,4
242,7821,4
242,3546,4
243,14471,2
243,5198,5
243,20636,5
243,3060,5
243,15215,5
243,7041,5
243,5184,5
243,5211,5
243,3417,5
243,4558,4
243,13620,5
243,6765,2
243,905,3
243,3045,2
243,11618,2
243,13314,5
243,3358,4
243,14066,1
243,17685,5
243,5240,5
243,4627,4
243,6870,3
243,18746,5
243,18552,4
243,11989,5
243,4185,1
243,1469,5
243,20268,5
243,13644,5
243,9881,5
243,1128,2
243,7196,5
243,4616,5
243,1375,5
243,7814,2
243,18543,5
243,1312,5
243,1413,5
243,6761,5
243,8846,5
243,10504,4
243,5882,4
243,13940,5
243,14267,5
243,1382,5
243,4851,5
243,3437,1
243,12419,3
243,12529,5
243,2929,1
243,19337,5
243,14045,4
243,9811,4
243,9089,3
243,8252,1
243,1148,4
243,3751,4
243,5828,2
243,3369,4
243,15306,5
243,14545,5
243,16787,4
243,14329,1
243,3928,2
243,6881,5
243,806,3
243,18400,5
243,9734,4
243,11951,5
243,9894,5
243,12532,5
243,5711,4
243,5905,5
243,17087,1
243,4139,5
243,7035,5
243,5574,5
243,12603,4
243,1988,5
243,1812,5
243,9502,4
243,15187,4
243,10156,4
243,7257,1
243,18541,5
243,9532,5
243,12877,5
243,12809,2
243,17116,4
243,14623,5
243,14966,5
243,6610,4
243,8037,4
243,1237,4
243,13619,4
243,11415,5
243,8578,5
243,10726,5
243,3768,5
243,2744,2
243,15996,4
243,6273,5
243,3368,5
243,19688,3
243,5772,5
243,1119,5
243,14870,5
243,3750,5
243,11664,4
243,10429,5
243,4497,5
243,11942,4
243,6444,5
243,5224,4
243,5977,5
243,533,5
243,144,5
243,10408,5
243,2234,5
243,11938,5
243,15580,2
243,13067,5
243,4551,5
244,4090,4
244,2705,5
244,16524,5
244,15868,5
244,2367,3
244,14462,5
244,5650,4
244,16079,5
244,10636,5
244,17535,5
244,17539,5
244,18922,5
244,17951,5
244,2703,5
244,5494,5
244,13373,2
244,16533,5
244,5813,1
244,1896,5
244,22124,5
244,3037,5
244,10838,5
244,8254,5
244,6712,3
244,9419,5
244,16992,5
244,9446,4
244,16678,5
244,3108,5
244,518,5
244,2615,5
244,18763,3
244,20804,4
244,17154,4
244,5994,5
244,17155,5
244,15864,5
244,16655,2
244,5019,1
244,17654,5
244,18630,5
244,10735,5
244,8189,5
244,6713,4
244,1200,5
244,2046,3
244,16840,5
244,19175,5
244,3687,5
244,13393,5
244,1948,5
244,3781,5
244,4842,4
244,1218,4
244,576,4
244,2948,5
244,16287,5
244,12942,5
244,556,5
244,12367,5
244,10271,1
244,1630,5
244,2314,4
244,1445,5
244,4665,5
244,3796,5
244,12783,5
244,3017,5
244,4663,5
244,22133,5
244,16035,5
244,13676,5
244,5616,5
244,5637,5
244,3425,2
244,5622,2
244,2913,5
245,14325,5
245,18122,5
245,17901,5
245,9924,5
245,19146,5
245,1504,5
245,6962,5
245,8618,5
245,13316,5
245,19466,5
245,19050,5
245,17711,5
245,14713,5
245,17547,5
245,16575,5
245,7150,5
245,14653,5
245,4226,5
245,8957,5
245,18350,5
245,6038,5
245,14612,5
245,14362,5
245,18157,5
245,8441,5
245,8626,5
245,11661,5
245,11931,5
245,18184,5
245,5402,5
245,14400,5
245,14565,5
245,9491,5
245,3355,5
245,12142,5
245,14382,5
245,18656,5
245,10316,5
245,14328,5
245,14330,5
245,6446,5
245,6031,5
245,9175,5
245,6289,5
245,10072,5
245,13135,5
245,19148,5
245,5395,5
245,15890,5
245,9083,5
245,9309,5
245,12847,5
245,18321,5
245,7478,5
245,14370,5
245,19234,5
245,7577,5
245,19176,5
245,17904,5
245,7443,5
245,15308,5
245,19166,5
245,1697,5
245,1725,5
245,7584,5
245,14552,5
245,18664,5
245,14544,5
245,2351,5
245,6672,5
245,19232,5
245,6905,5
245,15427,5
245,15659,5
245,19270,5
245,4537,5
246,2754,5
246,17638,5
246,17312,5
246,11580,5
246,11576,5
246,11560,4
246,18405,4
246,2719,4
246,11579,5
246,13366,4
246,1791,5
246,19198,4
246,10881,5
246,8639,5
246,11441,4
246,7713,3
246,14316,5
246,2747,5
246,14452,5
246,10879,4
246,5644,3
246,7923,5
246,11790,4
246,18015,5
246,11593,5
246,18011,4
246,2696,5
246,17643,3
246,11448,5
246,18029,4
246,7050,5
246,6024,5
246,19195,5
246,17888,5
246,18039,5
246,18013,4
246,11432,5
246,16928,4
246,18411,5
246,11788,4
246,12016,4
246,11416,5
246,17387,4
246,17640,4
246,18803,5
246,17237,4
246,17641,4
246,18026,4
246,18027,5
246,17925,5
246,2712,4
246,10900,5
246,2675,5
246,11791,4
246,19200,5
246,7712,5
246,7711,5
246,16829,4
246,14465,5
246,1729,5
246,17368,4
246,7090,4
246,7718,5
246,7522,5
246,17018,5
246,18899,5
246,18025,5
246,7095,5
246,17418,4
246,17143,5
246,17408,5
246,1727,5
246,17066,5
246,11209,4
246,1682,5
246,17242,5
246,17468,4
246,16838,5
246,10903,4
246,17657,5
246,12507,4
246,17245,5
246,2750,5
246,10909,5
246,13378,5
246,1730,5
246,1728,5
246,17244,5
246,17949,5
246,17293,4
246,17238,5
246,17240,5
246,17243,5
246,17275,4
246,11794,5
246,11789,5
246,17241,5
246,18043,5
246,10383,4
246,10739,4
246,17060,5
246,9353,4
246,1639,5
246,1607,5
246,153,5
246,1712,4
246,6528,5
246,1681,5
246,15790,5
246,5996,5
246,10906,4
246,8702,5
246,10758,4
246,10768,4
246,17831,4
246,10770,5
246,1715,5
246,10740,5
246,2863,4
246,6517,4
246,1226,5
246,5104,5
246,17812,4
246,14886,4
246,15121,3
246,7931,5
246,6474,5
246,6394,5
246,9866,5
246,15484,5
246,16533,5
246,8720,5
246,1703,4
246,16346,5
246,3623,5
246,12167,4
246,280,5
246,4000,4
246,1550,4
246,12205,4
246,5907,3
246,12187,5
246,444,4
246,6116,5
246,3533,5
246,4169,5
246,5906,4
246,5928,5
246,12116,4
246,18508,5
246,18547,5
246,12161,5
246,17105,4
246,7835,5
246,11563,5
246,15767,5
246,10689,3
246,5096,4
246,6011,5
246,13019,5
246,7554,5
246,5940,4
246,18366,5
246,11556,5
246,2632,5
246,5649,5
246,11431,5
246,5681,4
246,16648,5
246,5721,5
246,5685,5
246,2662,5
246,16514,4
246,17846,5
246,17605,5
246,1229,5
246,2600,4
246,11565,4
246,9226,5
246,18774,5
246,5749,5
246,8430,4
246,10672,5
246,16760,5
246,8244,4
246,10675,4
246,17845,5
246,18802,5
246,3602,4
246,16900,5
246,5128,5
246,5855,4
246,9565,4
246,5617,4
246,12500,5
246,740,4
246,5674,5
246,5875,5
246,6533,5
246,3747,4
246,5879,5
246,10792,4
246,15804,5
246,10633,5
246,1723,5
246,3677,5
246,3406,4
246,7858,5
246,5589,5
246,2507,5
246,16465,4
246,16019,5
246,17124,4
247,4611,5
247,16639,4
247,2345,3
247,12864,2
247,620,1
247,7664,4
247,12897,3
247,3781,5
247,10930,4
247,9414,2
247,5419,5
247,12907,5
247,16001,4
247,8396,3
247,412,5
247,5932,3
247,10080,5
247,12232,5
247,7689,5
247,12229,4
247,12208,4
247,5927,5
247,12221,3
247,12202,5
247,12858,5
247,3772,2
247,4894,3
247,8198,3
247,17105,4
247,6186,5
247,16712,5
247,529,3
247,80,5
247,518,4
247,12244,3
247,9268,5
247,13659,4
247,2310,5
247,13597,3
247,2943,4
247,15931,5
247,3770,2
247,7357,3
247,17102,4
247,2645,5
247,3070,1
247,3774,4
247,20618,5
247,13760,3
247,3089,4
247,13569,4
247,9156,3
247,20197,1
247,16726,5
247,3796,4
247,12940,3
247,8347,2
247,13170,5
248,7490,4
248,3937,5
248,15777,5
248,7791,5
248,20141,4
248,15127,5
248,739,5
248,4592,5
248,20140,4
248,18109,5
248,3547,4
248,12788,5
248,15405,3
248,10035,4
248,2510,5
248,15244,5
248,5194,4
248,3570,4
248,15539,5
248,18559,5
248,15985,4
248,17035,5
248,3621,5
248,16462,5
248,5646,3
248,10116,5
248,18084,5
248,7803,5
248,16846,5
248,17606,5
248,18176,5
248,14824,5
248,9383,5
248,6319,5
248,2724,5
248,12755,5
248,15045,5
248,414,5
248,13920,5
248,16364,5
248,14268,5
248,2831,5
248,2264,5
248,16847,5
248,18180,5
248,18628,5
248,6216,5
248,12954,5
248,18470,5
248,11084,5
248,17044,5
248,16295,5
248,18469,5
248,17939,5
248,9393,5
248,6752,5
248,7227,5
248,3036,5
248,9416,5
248,694,5
249,12827,5
249,5313,5
249,5180,5
249,6788,5
249,14058,5
249,7225,5
249,6254,1
249,10101,5
249,15366,5
249,15326,5
249,16234,5
249,7351,5
249,19578,3
249,19858,5
249,19851,5
249,19534,2
249,10151,1
249,7353,5
249,9362,5
249,10396,5
249,18099,5
249,11831,5
249,3767,1
249,6054,2
249,4485,5
249,5170,5
249,19712,5
249,329,5
249,1074,5
249,4643,1
249,1129,1
249,7769,5
249,12817,5
250,20728,1
250,20450,4
250,20055,4
250,20145,3
250,20722,5
250,20313,5
250,20621,5
250,20320,3
250,6186,3
250,20631,3
250,20569,4
250,16042,5
250,19752,4
250,7898,4
250,3635,1
250,15984,2
250,19750,5
250,7343,5
250,20073,2
250,20335,5
250,19922,1
250,21106,5
250,21255,5
250,20091,4
250,19923,4
250,9970,3
250,20983,5
250,21336,5
250,21311,5
250,21437,5
250,20379,4
250,20302,5
250,20954,5
250,21044,5
250,21059,4
250,2714,5
250,19892,3
250,21078,5
250,16823,5
250,20800,2
251,22211,4
251,22319,4
251,21372,5
251,21502,4
251,21297,4
251,20606,4
251,22226,5
251,21051,4
251,21047,5
251,21294,5
251,20974,5
251,22019,4
251,22198,5
251,21296,5
251,21445,4
251,20874,3
251,17895,5
251,21088,5
251,21164,4
251,21287,5
251,20733,5
251,20643,5
251,21334,5
251,20946,4
251,20463,5
251,20116,4
251,21327,5
251,21220,5
251,21713,5
251,21681,5
251,20818,4
251,10527,5
251,20493,5
251,21119,5
251,21198,5
251,21099,5
251,21086,5
251,20832,5
251,21546,5
251,21197,5
251,20567,5
251,20678,5
251,20850,5
251,10184,5
251,20489,5
252,21333,5
252,17703,4
252,14360,2
252,16766,4
252,21359,4
252,20657,3
252,21123,4
252,20150,4
252,21316,2
252,21643,4
252,20914,5
252,21767,4
252,21575,5
252,20773,5
252,20538,5
252,13865,4
252,20578,3
252,20202,5
252,9325,5
252,21995,3
252,20447,4
252,21890,4
252,20797,3
252,20816,4
252,22162,5
252,21001,5
252,21025,4
252,20937,5
252,20950,4
252,20941,4
252,20955,5
252,20928,5
252,19658,5
253,10186,5
253,1616,5
253,20169,4
253,11939,5
253,16654,4
253,2555,5
253,215,5
253,13128,5
253,618,4
253,7428,4
253,1560,5
253,11811,5
253,10442,5
253,13050,4
253,1997,5
253,2595,4
253,10950,5
253,550,4
253,10963,4
253,10376,5
253,3541,4
253,9012,5
253,13039,4
253,15421,4
253,317,5
253,10399,5
253,11267,5
253,742,4
253,11812,5
253,16450,5
253,20659,5
253,14120,4
253,19094,4
253,11258,5
253,16451,4
253,3571,4
253,16569,4
253,16685,5
253,17509,4
253,15875,5
253,2050,3
253,2014,3
253,6220,5
253,1454,5
253,7995,5
253,3961,5
253,2603,5
253,18633,5
253,9047,5
253,9049,4
253,13464,3
253,4412,4
253,3338,5
253,737,4
253,10980,4
254,9920,5
254,1410,5
254,17903,5
254,10382,3
254,13018,5
254,5732,3
254,16008,5
254,9169,3
254,719,5
254,808,5
254,13308,5
254,13471,4
254,4303,4
254,3817,5
254,15797,4
254,13311,5
254,6203,4
254,7882,5
254,1881,5
254,18333,2
254,7867,5
254,1857,2
254,10960,4
254,18100,5
254,1637,4
254,3581,4
254,13328,5
254,3022,5
254,16799,5
254,13762,5
254,15072,5
254,10377,3
254,16081,3
254,6738,3
254,5663,5
254,6010,3
254,11085,5
254,13331,5
254,5620,4
254,16461,4
254,10913,4
254,16952,3
254,6061,5
254,10912,4
254,13475,5
254,15796,2
254,3349,5
254,18439,4
254,1189,4
254,14847,4
254,18359,2
254,358,5
254,12146,5
254,6847,5
254,4892,5
254,932,4
254,19394,5
254,13335,5
254,13333,5
254,17193,4
254,876,5
254,14313,2
254,5021,4
254,1614,5
254,13378,5
254,9758,4
254,16055,5
254,448,3
254,15866,5
254,18255,5
254,5962,4
254,1887,5
254,19689,3
254,15957,4
254,7411,5
254,16351,4
254,9996,5
254,16865,4
254,4702,4
254,9293,3
254,7704,5
254,2459,5
254,4720,4
254,19699,5
254,4207,5
254,619,2
254,5122,3
254,14902,4
254,4302,4
254,16804,4
255,20436,5
255,22140,5
255,22309,5
255,22052,5
255,22146,5
255,22258,5
255,22179,5
255,22262,5
255,20954,5
255,21800,5
255,21354,5
255,21657,5
255,21555,5
255,21640,5
255,21769,5
255,21209,5
255,21564,5
255,21250,5
255,21691,5
255,21783,5
255,21484,5
255,21418,5
255,20965,5
255,21706,5
255,20299,5
255,20676,5
255,20441,5
255,21600,5
255,21075,4
255,20492,5
255,21221,5
255,21199,5
255,21370,5
255,20766,5
255,22061,5
255,21646,5
255,21465,5
255,21520,5
255,21554,5
255,21586,5
255,21594,5
255,21634,5
255,22079,5
255,21862,5
255,21391,5
255,21830,5
255,21601,5
255,21840,5
255,20429,5
255,21528,5
255,21865,4
255,21919,5
255,21598,5
255,21839,5
255,21338,5
255,21696,5
255,21735,5
255,21337,5
255,21658,5
255,21760,5
255,20756,5
255,21582,5
255,20590,5
255,21719,5
255,21782,5
255,21544,5
255,21452,5
255,21648,5
256,21804,4
256,3038,4
256,17249,4
256,1069,5
256,14021,5
256,16420,5
256,7612,4
256,14020,5
256,668,4
256,7701,4
256,14134,4
256,11618,4
256,8358,3
256,19655,5
256,4377,4
256,9058,5
256,4376,4
256,4385,4
256,3016,2
256,7608,4
256,10968,4
256,7614,3
256,12493,4
256,10952,4
256,2022,4
256,8283,5
256,611,4
256,2994,4
256,6554,5
256,2971,5
256,4367,4
256,11699,5
256,3545,4
256,7588,4
256,8434,4
256,258,5
256,499,4
256,692,4
256,7610,4
256,16463,4
256,693,5
256,452,3
256,13647,3
256,10928,5
256,3019,5
256,6995,5
256,4448,4
256,17917,4
256,5764,4
256,13646,4
256,5627,5
256,4948,4
256,1582,4
256,13807,3
256,15535,4
256,9804,4
256,3544,5
256,9933,3
256,5537,5
256,15864,4
256,2954,4
256,6211,3
256,6205,4
256,11708,5
256,7676,3
256,17909,4
256,18603,5
256,1879,3
256,341,4
256,8209,4
256,19501,4
256,5756,5
256,12905,5
256,12115,4
256,2251,4
256,6529,5
256,5907,3
256,3537,4
256,6192,5
256,413,5
256,9135,5
256,5920,4
256,14898,5
256,10221,4
256,4345,4
256,6184,4
256,2983,4
256,12874,4
256,11702,5
256,15826,5
256,8222,5
256,3426,5
256,9390,4
256,6185,4
256,8541,4
256,15830,4
256,1607,4
256,3206,4
256,544,4
256,3052,3
256,5510,4
256,8539,3
256,8977,5
256,2957,4
256,2252,4
256,6517,4
256,11742,4
256,5797,4
256,2284,4
256,3678,4
256,19747,3
256,4923,4
256,1956,4
256,17988,4
256,3844,3
256,17663,5
256,527,4
256,18779,4
256,13010,5
256,17168,3
256,17248,4
256,11451,5
256,16871,4
256,17167,3
256,4223,5
256,7249,5
256,3806,5
256,7613,4
256,13966,5
256,11296,5
256,16077,4
256,2553,5
256,11443,4
256,14315,5
256,17989,5
256,8540,5
256,3057,5
256,14799,5
256,14482,4
256,16838,5
256,17887,5
256,4399,4
256,18604,5
256,14317,5
256,17990,5
256,7259,4
256,4224,4
256,4336,2
256,16985,3
256,18905,4
256,5464,5
256,11241,5
256,10133,4
256,13987,4
256,18126,5
256,331,4
256,15309,4
256,256,3
256,4995,3
256,8869,4
256,9070,3
256,16984,4
256,16423,3
256,7210,4
256,10577,4
256,17607,4
256,11075,4
256,15715,4
256,858,4
256,4492,4
256,2653,5
256,14098,4
256,878,3
256,11074,4
256,4355,4
256,4464,4
256,5964,4
256,10457,5
256,11022,3
256,13424,5
256,14966,3
256,10644,5
257,21823,5
257,6547,5
257,5291,5
257,5269,1
257,17696,5
257,32,5
257,5267,2
257,12695,5
257,10367,5
257,19397,1
257,12992,5
257,5265,5
257,19096,5
257,22075,5
257,5296,3
257,5297,5
257,12469,5
257,5271,1
257,5286,3
257,6329,5
257,22123,3
257,21916,5
257,5278,5
257,5294,5
257,5292,5
257,21960,5
258,7205,5
258,15059,5
258,15453,5
258,10153,4
258,20193,5
258,15058,4
258,18301,5
258,15057,4
258,15718,5
258,16328,5
258,10152,4
258,6158,5
258,15063,5
258,9808,5
258,10357,5
258,2850,5
258,15062,5
258,6060,5
258,6059,5
258,8980,5
258,5490,5
258,2399,5
258,16300,5
258,3220,5
258,9568,5
258,9180,5
258,16329,5
258,12770,5
258,16296,5
258,2376,5
258,11821,4
258,17868,5
258,13201,4
258,11837,5
258,3616,5
258,15282,5
258,11840,5
259,20893,5
259,20619,5
259,20824,5
259,20834,5
259,20677,5
259,21206,5
259,2768,5
259,19720,5
259,20959,5
259,19054,4
259,21177,5
259,22323,5
259,20166,5
259,20765,5
259,20724,5
259,20826,4
259,20581,5
259,21784,4
259,21861,5
259,21952,5
259,21295,5
259,22195,5
259,22202,5
259,22063,5
259,21639,5
259,20936,5
259,20994,5
259,21796,5
259,19890,5
259,21474,5
259,21508,5
259,21447,5
260,12987,3
260,12468,5
260,10569,3
260,14792,5
260,7366,5
260,14788,5
260,14043,5
260,12467,5
260,18819,3
260,1436,5
260,10512,5
260,5225,5
260,1346,5
260,17905,5
260,18818,3
260,17904,5
260,12324,5
260,5347,5
260,12326,5
260,1467,3
260,4195,4
260,14593,5
260,5344,3
260,22096,5
260,18992,5
260,21923,5
260,21986,2
260,5263,5
260,22220,5
260,22094,5
260,22235,5
260,19002,5
260,14806,5
260,12471,5
260,8179,5
260,18973,5
260,17721,5
260,11750,5
260,5256,5
260,10614,5
260,14795,5
260,19001,5
261,7983,4
261,11884,4
261,2021,4
261,1912,3
261,14609,4
261,4292,4
261,6168,2
261,2009,3
261,15194,5
261,14830,4
261,18327,5
261,18317,4
261,5809,1
261,19811,5
261,1478,5
261,7968,5
261,19879,4
261,17861,4
261,5774,4
261,8202,5
261,18429,4
261,16453,4
261,4700,5
261,223,4
261,5785,5
261,14827,5
261,11900,4
261,9042,5
261,16516,5
261,9057,5
261,9445,4
261,838,3
261,17866,5
261,2534,3
261,2956,4
261,1941,3
261,8527,5
261,20114,4
261,8238,4
261,2291,4
261,8257,3
261,14215,5
261,13490,4
261,4014,3
261,1427,4
261,14281,4
261,15783,4
261,19287,4
261,5930,4
261,5950,5
261,15874,5
261,15843,3
261,15240,5
261,393,2
261,12778,4
261,3295,4
261,12756,4
261,4698,4
261,3578,3
261,16374,5
262,16323,4
262,6015,4
262,5600,4
262,14834,3
262,15683,4
262,468,4
262,14904,4
262,15011,4
262,12275,3
262,5568,4
262,5361,4
262,5350,4
262,9887,3
262,1391,4
262,9161,4
262,1377,4
262,12271,4
262,7987,4
262,4512,4
262,15012,4
262,14837,3
262,9141,3
262,10019,3
262,9359,4
262,9239,4
262,7969,3
262,3265,3
262,1556,4
262,12403,4
262,18484,4
262,9557,2
262,14867,4
262,9528,3
262,15108,4
262,12416,4
262,12210,3
262,12200,3
262,8715,4
262,8718,3
262,16251,4
262,3029,2
262,12268,3
262,15874,5
262,7938,1
262,13640,4
262,3376,4
262,15441,4
262,14870,4
262,14861,5
262,6036,3
262,6630,4
262,343,4
262,5458,5
262,9168,4
262,9292,4
262,4126,4
262,8696,4
262,3257,4
262,12601,4
262,3415,4
262,16325,5
262,5966,4
262,2564,5
262,7998,4
262,9811,5
262,5565,3
262,4483,4
262,14994,4
262,15426,4
262,12000,4
262,15776,3
262,15682,4
262,16637,4
262,16019,5
262,12001,3
262,14979,3
262,20296,4
262,6481,5
262,9530,3
262,16250,5
262,19141,3
262,6928,4
262,9027,4
262,15684,5
262,5349,4
262,9307,4
262,7622,4
262,12217,3
262,16573,4
262,7621,4
262,4479,4
262,3393,2
262,15424,3
262,15936,2
262,3262,3
262,7991,4
262,2217,4
262,3239,3
262,18216,3
262,7400,3
262,15122,5
262,4544,4
262,12002,3
262,15369,5
262,5352,5
262,15350,5
262,5590,5
262,8558,5
262,19824,5
262,4800,5
262,8565,5
262,15961,5
262,13399,5
262,4122,3
262,15636,4
262,13460,4
262,6933,5
262,12884,5
262,15443,4
262,15176,5
262,9534,5
262,15642,5
262,15468,5
262,16018,4
262,12948,4
262,3417,5
262,431,5
262,8008,4
262,5569,3
262,5354,4
262,12191,3
262,13396,4
262,2491,4
262,6687,3
262,11969,4
262,16596,4
262,16249,4
262,9504,5
262,3279,5
262,13570,3
262,15449,3
262,14980,3
262,4130,1
262,8266,4
262,7816,5
262,8571,4
262,8572,3
262,16252,3
262,7623,4
262,675,1
262,7316,3
262,16264,4
262,8566,4
262,8739,3
262,4603,3
262,18111,4
262,4484,3
262,5355,5
262,18676,5
262,19284,4
262,9303,4
262,15109,3
262,6561,5
262,20052,4
262,5359,4
262,122,5
262,6762,4
262,402,4
262,361,4
262,5580,5
262,9538,4
262,220,4
262,5805,4
262,3804,3
262,16326,4
262,16015,2
262,7812,4
262,344,4
262,16120,5
262,7995,3
262,12235,5
262,4545,4
262,15444,5
262,12922,5
262,12906,5
262,14990,4
262,195,5
262,13081,4
262,2566,4
262,3256,4
262,14989,4
262,6767,5
262,3354,5
262,9554,5
262,439,5
262,5362,3
262,7315,4
262,2498,5
262,6766,4
262,7818,4
262,7817,4
262,233,5
262,12600,5
262,3261,4
262,1512,4
262,7809,4
262,4144,5
262,12276,5
262,7039,4
262,643,5
262,6002,3
262,3589,4
262,5658,4
262,6638,4
262,8960,4
262,9503,4
262,11959,4
262,4819,5
262,8267,3
262,3356,5
262,15631,3
262,5358,5
262,15522,4
262,3383,4
262,3382,5
262,3419,5
262,19247,5
262,6781,4
262,6780,4
262,6779,5
262,6774,5
262,3414,4
262,7877,3
262,14869,2
262,11981,4
262,2303,3
262,7808,4
262,3428,5
262,15634,5
262,20094,4
262,12420,5
262,3413,4
262,4526,3
262,614,3
262,12598,4
262,9556,4
262,15412,4
262,1507,3
262,16065,3
262,16066,5
262,16064,3
262,2551,2
262,4634,5
262,16696,3
262,18624,3
262,16063,3
262,16067,5
262,5570,4
262,2500,5
262,5353,4
262,12525,4
262,7597,4
262,15182,4
262,9128,4
262,5571,4
262,5351,5
262,7322,4
262,6914,4
262,10409,4
262,20029,5
262,14848,4
262,12174,3
262,7620,4
262,12891,5
262,5830,4
262,7036,4
262,9376,4
262,20196,4
262,9020,5
262,8269,2
262,16324,3
262,5357,4
262,8325,4
262,9148,4
263,342,5
263,365,5
263,11979,3
263,13704,5
263,920,5
263,7307,5
263,4480,3
263,17542,5
263,6222,5
263,1042,5
263,7310,5
263,6314,5
263,19125,5
263,13317,5
263,21054,5
263,12899,5
263,13697,5
263,4532,5
263,13705,5
263,6315,5
263,12159,5
263,9620,5
263,3604,5
263,8699,5
263,4176,5
263,13735,5
263,12875,5
263,12209,5
263,12220,5
263,4183,5
263,12947,5
263,5501,5
263,13815,5
263,7292,5
263,7306,5
263,6260,5
263,7305,5
263,16739,5
263,6287,5
263,17661,5
264,17325,5
264,17656,3
264,8780,3
264,8784,5
264,2086,3
264,14943,5
264,4093,3
264,19195,4
264,13996,5
264,8922,4
264,8927,5
264,2085,3
264,19029,4
264,13444,5
264,13370,4
264,8475,5
264,12636,5
264,7265,5
264,17368,5
264,17361,4
264,8925,3
264,17317,4
264,8125,5
264,17057,5
264,8928,5
264,11463,2
264,19058,5
264,8777,5
264,4408,5
264,8915,5
264,17257,4
264,8782,5
264,6294,4
264,11464,5
264,17142,4
264,15701,4
264,17141,5
264,9799,4
264,14425,3
264,12639,5
264,8796,5
264,8795,5
264,8916,4
264,2083,5
264,8914,5
264,5002,5
264,8138,2
264,14004,4
264,17275,3
264,8786,5
264,15330,4
264,17933,5
264,7047,3
264,5503,4
264,13958,3
264,8474,4
264,14173,5
264,12809,4
264,7179,5
264,9593,5
264,11435,5
264,8124,5
264,13291,4
264,8781,5
264,13959,2
264,4092,4
264,13292,4
264,4202,4
264,14154,3
264,16783,5
264,5010,4
264,12805,5
264,9594,4
264,17138,4
264,13356,4
264,13121,5
264,11576,5
264,12806,3
264,17115,4
264,17070,4
264,8924,4
264,14424,4
264,17135,4
264,8122,4
264,11447,4
264,11207,4
264,12715,3
264,13903,4
264,4942,5
264,4094,4
264,2116,5
264,2119,4
264,7181,5
264,17137,5
264,8127,5
264,11428,5
264,11461,4
264,7215,4
264,8918,5
264,12069,3
264,10716,4
264,21437,5
264,8774,5
264,17588,1
264,9223,4
264,2066,5
264,17554,5
264,12515,4
264,14458,5
264,8754,5
264,4374,5
264,13071,4
264,4397,3
264,4373,4
264,558,3
264,9767,4
264,6868,5
264,11871,4
264,15518,5
264,15689,4
264,16490,3
264,4372,5
264,601,4
264,4385,4
264,16318,5
264,19265,3
264,11904,4
264,8759,5
264,4393,4
264,19760,5
264,8746,3
264,2081,5
264,13073,3
264,602,4
264,11744,3
264,2762,4
264,9571,5
264,14014,5
264,17232,4
264,8086,3
264,17365,4
264,14429,3
264,9615,5
264,8070,4
264,11960,4
264,18287,5
264,11468,4
264,1958,5
264,14909,3
264,9693,5
264,11873,5
264,14908,4
264,15115,5
264,5539,3
264,570,3
264,5594,5
264,6612,5
264,6041,5
264,11874,5
264,3699,5
264,8428,5
264,5559,5
264,19435,4
264,15485,2
264,16238,3
264,8436,5
264,10910,3
264,2089,3
264,11876,4
264,1459,3
264,17273,5
264,604,3
264,18759,4
264,8126,5
264,11466,3
264,16339,5
264,7617,4
264,9590,4
264,1779,5
264,17389,4
264,17410,4
264,8134,5
264,706,5
264,4042,3
264,10021,4
264,4402,5
264,13305,4
264,3551,5
264,10361,4
264,4933,4
264,9687,5
264,19780,4
264,11666,5
264,7326,4
264,2076,5
264,4253,4
264,15967,5
264,2127,5
264,11768,5
264,3687,3
264,11880,4
264,597,5
264,8940,5
264,15089,4
264,4378,5
264,7157,4
264,4973,5
264,9910,5
264,13995,5
264,9209,5
264,19406,4
264,8783,4
264,3134,4
264,13284,4
264,8101,4
264,18725,3
264,13951,5
264,2097,3
264,2134,4
264,2109,4
264,14148,3
264,18778,5
264,10646,3
264,4445,4
264,8109,5
264,2100,4
264,8911,4
264,13286,3
264,15329,4
264,13285,4
264,17120,4
264,18760,4
264,4450,5
264,4436,3
264,2059,5
264,4949,4
264,17171,3
264,8100,4
264,6999,5
264,12360,3
264,8092,5
264,12492,5
264,18697,4
264,7164,3
264,1772,4
264,13952,5
264,14205,4
264,11746,5
264,2137,4
264,16827,4
264,18671,5
264,8111,3
264,8089,3
264,5665,5
264,6084,5
264,13438,5
264,12075,4
264,3557,5
264,11133,4
264,13956,4
264,15697,4
264,17132,5
264,18404,5
264,14129,5
264,17146,3
264,9217,3
264,8763,5
264,2717,5
264,16515,5
264,18396,5
264,4201,5
264,2090,5
264,4200,4
264,12635,5
264,13341,5
264,4451,4
264,3136,4
264,7173,4
264,10712,5
264,17130,5
264,12072,3
264,12506,5
264,18726,5
264,7189,5
264,20918,4
264,1776,5
264,4339,4
264,4464,4
264,9797,4
264,9995,4
264,7185,2
264,18017,5
264,9660,4
264,6303,5
264,17630,4
264,15620,5
264,17131,5
264,3135,5
264,16228,5
264,13918,5
264,3788,4
264,12076,4
264,18810,4
264,17129,4
264,8115,4
264,12073,5
264,7262,4
264,13287,4
264,11828,5
264,16409,4
264,8102,4
264,8110,5
264,9755,4
264,8767,2
264,18798,5
264,7147,4
264,13231,4
264,13950,5
264,8118,5
264,7214,4
264,10670,2
264,15622,3
264,15621,3
264,10573,4
264,14481,5
264,8103,5
264,17586,3
264,8113,5
264,5001,4
264,5290,4
264,13766,4
264,13893,4
264,7325,4
264,4199,4
264,9570,1
264,12629,5
264,11445,4
264,14151,4
264,14153,5
264,14146,2
264,11465,5
264,13288,4
264,8772,4
264,7263,5
264,18812,3
264,15987,5
264,16257,2
264,8771,5
264,4999,4
264,17133,3
264,14236,5
264,9702,4
264,14423,5
264,8096,5
264,8791,4
264,1775,3
264,4205,4
264,13344,4
264,12637,4
264,17594,5
264,18813,5
264,8778,5
264,12630,5
264,16080,4
264,15663,3
264,12808,4
264,17166,4
264,8106,3
264,8107,2
264,17560,4
264,17056,4
264,13990,4
264,5746,5
264,4162,5
264,8769,4
264,2124,4
264,4409,5
264,8840,4
264,4997,4
264,13283,4
264,8311,3
264,11072,4
264,9178,5
264,2128,5
264,12074,5
264,13437,5
264,3574,4
264,17977,5
264,9044,5
264,12870,4
264,13290,5
264,8765,4
264,8866,5
264,7557,4
264,8144,5
264,20755,5
264,4992,3
264,9052,2
264,4441,5
264,9682,5
264,19961,4
264,12070,5
264,16721,5
264,2082,4
264,15801,4
264,12068,4
264,8753,2
264,18581,5
264,4248,5
264,13594,4
264,8105,4
264,12633,5
264,2061,5
264,4444,5
264,14054,3
264,8757,5
264,4398,5
264,9711,3
264,5617,5
264,16975,5
264,13462,3
264,4394,5
264,4411,5
264,17007,3
264,8439,5
264,9803,3
264,16359,4
264,15862,4
264,6086,4
264,8153,2
264,603,4
264,5009,4
264,7217,5
264,8810,5
264,11305,5
264,17197,5
264,16174,5
264,19056,3
264,6308,5
264,8812,4
264,1031,4
264,17367,5
264,9193,5
264,8484,3
264,8787,5
264,19059,3
264,17195,5
264,16261,5
264,8131,5
264,14427,5
264,17935,4
264,14005,4
264,8814,3
264,11502,5
264,14432,2
264,13960,4
264,8822,3
264,8819,5
264,8156,5
264,8820,5
264,11511,5
264,7734,4
264,8818,5
264,8142,5
264,17508,4
264,7619,3
264,2098,5
264,6359,4
264,7120,3
264,8094,3
264,17320,2
264,12618,4
264,8803,5
264,9905,5
264,8157,2
264,8083,3
264,12644,4
264,12690,5
264,11525,4
264,8495,5
264,14431,5
264,8805,5
264,11510,5
264,14031,5
264,14434,5
264,8154,5
264,8788,5
264,2474,3
264,8072,5
264,8440,5
264,2492,5
264,18598,5
264,1057,4
264,14426,4
264,17226,4
264,14433,3
264,8494,3
264,14010,5
264,8128,5
264,17401,3
264,15975,4
264,19060,5
264,8152,5
264,14428,5
264,14945,4
264,12626,3
264,8904,4
264,9572,5
264,8139,5
264,13962,5
264,11641,4
264,8821,5
264,19070,5
264,17198,3
264,4576,5
264,8806,5
264,9903,4
264,12669,5
264,11516,5
264,6361,2
264,6363,4
264,4350,5
264,2533,4
264,4349,5
264,14736,5
264,19695,3
264,19456,4
264,9377,5
264,15949,3
264,2072,4
264,4340,4
264,9907,5
264,10321,5
264,4354,5
264,12551,3
264,9569,4
264,6815,4
264,4353,4
264,11506,4
264,4920,4
264,19573,4
264,12055,5
264,3858,4
264,9904,5
264,19739,3
264,19288,4
264,12548,5
264,2071,5
264,9587,5
264,9909,5
264,12545,4
264,8435,5
264,14910,4
264,16260,3
264,6042,5
264,15295,5
264,4317,3
264,15952,5
264,9902,5
264,4915,4
264,1691,5
264,1890,5
264,7535,4
264,8789,4
264,8121,4
264,18231,4
264,6306,4
264,8804,5
264,8141,4
264,10012,3
264,13294,5
264,8151,5
264,8838,5
264,12651,5
264,6347,5
264,9700,3
264,17203,3
264,14855,4
264,11271,5
264,11509,5
264,1696,4
264,11334,4
264,12642,3
264,8145,4
264,7739,3
264,11881,5
264,6342,4
264,12657,4
264,14026,3
264,13293,4
264,6380,5
264,599,5
264,15103,4
264,8751,4
264,17204,5
264,3129,4
264,19624,3
264,8969,5
264,7323,5
264,19562,5
264,14430,3
264,17294,4
264,15629,4
264,19609,5
264,8233,5
264,4356,3
264,1402,5
264,16293,4
264,10320,5
264,18312,4
264,2068,4
264,20369,3
264,4157,3
264,4715,5
264,8938,3
264,2057,5
264,11886,3
264,2073,5
264,2067,4
264,16215,4
264,11721,3
264,11885,5
264,10341,3
264,1892,5
264,11719,4
264,15577,4
264,16214,4
264,16216,5
264,2075,5
264,2074,4
264,10375,4
264,11887,3
264,16256,5
264,9614,4
264,15946,4
264,4938,5
264,4699,5
264,19519,4
264,11716,4
264,9680,1
264,8829,4
264,5534,4
264,12140,5
264,12050,4
264,16212,5
264,15942,4
264,10331,4
264,18583,5
264,4245,4
264,4300,4
264,4887,4
264,4255,1
264,12101,4
264,12049,4
264,16109,5
264,307,2
264,19282,5
264,1096,4
264,10178,5
264,8234,5
264,15414,5
264,16111,5
264,16129,4
264,8497,5
264,16255,5
264,11875,4
264,15953,5
264,6587,4
264,11961,4
264,2930,4
264,8917,4
264,4569,5
264,4531,4
264,19177,4
264,11718,5
264,12056,4
264,9177,5
264,6594,5
264,19200,5
264,285,4
264,9906,4
264,2140,5
264,15310,5
264,4696,4
264,6595,4
264,16259,5
264,9908,5
264,2070,5
264,12546,5
264,12387,4
264,9567,4
264,10420,5
264,2141,3
264,1690,4
264,16045,4
264,12547,5
264,17397,4
264,4752,3
264,10383,4
264,16148,4
264,9825,5
264,1893,5
264,19589,5
264,12748,5
264,12162,4
264,11717,4
264,16218,4
264,15947,4
264,9592,3
264,16217,4
265,21851,5
265,21742,5
265,21951,5
265,21934,5
265,21977,5
265,21666,5
265,22221,5
265,22145,5
265,22240,5
265,21390,5
265,21963,5
265,22256,5
265,22139,5
265,20467,5
265,20231,5
265,20829,4
265,19677,5
265,21625,5
265,21042,5
265,20062,5
265,21356,5
265,21532,5
265,20699,5
265,20852,5
265,20682,3
265,21036,5
265,21381,5
265,21432,5
265,19911,5
265,20368,4
265,21657,5
265,21209,5
265,21527,5
265,20166,5
265,21288,5
265,21736,5
265,19464,5
265,20330,5
265,20076,5
265,19921,5
266,16678,5
266,11118,3
266,13365,3
266,17107,5
266,16946,4
266,1681,5
266,5437,5
266,18013,3
266,18011,4
266,9563,3
266,15795,5
266,16829,4
266,5615,5
266,2017,4
266,3572,4
266,17800,3
266,17799,3
266,17871,4
266,10958,4
266,17843,3
266,16474,4
266,12496,5
266,13578,3
266,10619,5
266,17844,3
266,17801,3
266,18026,4
266,6720,4
266,13075,4
266,13743,4
266,1718,4
266,17927,5
266,17099,4
266,9665,4
266,16865,4
266,18024,4
266,6102,5
266,2019,4
266,10852,5
266,17235,4
266,17233,5
266,15540,5
266,18030,4
266,5504,4
266,17641,5
266,11026,5
266,13341,5
266,13338,5
266,9421,5
266,8414,4
266,18025,4
266,11035,4
266,11005,5
266,16473,4
266,5984,4
266,17408,5
266,17635,4
266,5303,4
266,17237,4
266,15806,3
266,3577,5
266,3554,5
266,7533,5
266,8425,4
266,17816,4
266,13366,3
266,17244,5
266,4936,5
266,17821,4
266,1728,5
266,17241,4
266,17242,5
266,17240,4
266,10771,5
266,17916,5
266,1819,3
266,11065,5
266,5396,2
266,15545,5
266,17069,5
266,11388,4
266,17245,5
266,7090,5
266,1233,4
266,1980,3
266,16551,4
266,12385,5
266,7891,4
266,10759,4
266,3664,4
266,7892,5
266,2001,4
266,1990,3
266,17832,4
266,17814,2
266,17823,4
266,5404,4
266,3677,4
266,1730,5
266,11384,5
266,793,4
267,20330,5
267,20935,5
267,20391,5
267,19353,5
267,20598,5
267,20308,5
267,20199,3
267,21154,5
267,20835,5
267,21084,4
267,21490,5
267,21474,5
267,20788,5
267,19890,5
267,20963,5
267,21669,5
267,20812,5
267,21079,5
267,20882,5
267,20562,5
267,21542,5
267,19966,5
267,21538,5
267,21911,5
267,21013,4
267,21004,5
267,21702,5
267,19644,5
267,20819,5
267,22085,5
267,19606,5
267,19764,5
267,20744,5
267,20751,5
267,20650,4
267,20381,4
267,20931,5
267,19808,5
267,20730,5
267,21381,5
267,19551,5
268,3084,4
268,3434,3
268,481,5
268,610,4
268,471,4
268,513,5
268,17257,4
268,7892,4
268,3756,4
268,13085,4
268,531,2
268,15122,3
268,528,5
268,7853,4
268,16892,3
268,12941,4
268,5973,2
268,2354,4
268,1401,4
268,1076,5
268,1402,3
268,12443,3
268,2001,4
268,8208,5
268,7847,4
268,18635,4
268,5813,4
268,6001,4
268,7859,5
268,7828,4
268,13570,5
268,5598,5
268,7878,4
268,7860,4
268,7850,4
268,12054,5
268,13790,5
268,8300,4
268,12425,4
268,7831,4
268,7864,5
268,7889,3
268,7863,4
268,7835,4
268,13559,4
268,652,4
268,13561,4
268,503,4
268,7823,4
268,8301,4
268,8622,5
268,16812,4
268,16813,4
268,16814,4
268,16887,3
268,5654,1
268,13788,4
268,8621,5
268,13786,4
268,14316,4
268,13793,5
268,17636,3
268,7848,4
268,17356,5
268,17362,4
268,17943,5
268,17368,5
268,11261,4
268,7082,4
268,7068,4
268,7072,4
268,7057,4
268,13787,4
268,7712,5
268,13774,4
268,11413,4
268,14944,5
268,2728,4
268,16647,4
268,7715,5
268,17364,4
268,12518,5
268,7066,4
268,7716,5
268,3048,4
268,17380,4
268,12508,3
268,17275,4
268,9798,4
268,18363,1
268,7827,4
268,18366,2
268,18379,4
268,10660,4
268,5689,4
268,18364,2
268,19212,4
268,11714,3
268,5685,4
268,13772,4
268,11561,3
268,13756,4
268,13755,4
268,6081,4
268,17592,4
268,18789,3
268,10690,3
268,9231,4
268,5722,5
268,11578,4
268,13773,4
268,18750,1
268,15738,3
268,10680,4
268,13889,3
268,10657,4
268,11586,4
268,14438,3
268,5694,2
268,15885,5
268,11558,2
268,8302,4
268,12517,5
268,17949,4
268,18405,4
268,11560,2
268,11591,4
268,11585,4
268,11576,4
268,13348,5
268,17637,4
268,5740,4
268,14495,5
268,11588,4
268,8304,4
268,12999,5
268,13367,5
268,17930,4
268,16877,5
268,13353,5
268,13796,4
268,11602,3
268,16879,5
268,13366,4
268,4179,4
268,13002,3
268,8303,4
268,17270,5
268,13759,4
268,13758,4
268,12632,3
268,3788,3
268,13030,3
268,4177,4
268,7178,4
268,5891,5
268,14443,4
268,11431,5
268,13757,4
268,13784,4
268,11412,4
268,16815,4
268,13789,4
268,13372,4
268,13167,1
268,17140,4
268,11197,5
268,7852,4
268,17288,4
268,5724,4
268,17466,5
268,1680,3
268,17312,4
268,17268,4
268,17272,4
268,7048,5
268,16893,5
268,17260,4
268,17997,4
268,17274,5
268,17285,5
268,17061,5
268,16829,4
268,17058,5
268,17263,4
268,17985,3
268,17287,4
268,14508,5
268,14943,5
268,9722,4
268,13797,5
268,11437,5
268,16523,5
268,15541,4
268,11418,3
268,17642,4
268,7857,4
268,19080,3
268,19082,3
268,17656,3
268,13370,4
268,11242,4
268,11791,4
268,13368,5
268,7710,5
268,7092,5
268,7719,4
268,19200,5
268,17430,5
268,17408,5
268,17068,4
268,17460,5
268,7718,5
268,7522,5
268,17278,5
268,7074,4
268,19198,4
268,17999,5
268,7060,4
268,18669,4
268,3549,5
268,19830,3
268,7842,3
268,7069,5
268,7088,5
268,13093,2
268,5846,3
268,5594,4
268,8956,5
268,5859,4
268,16751,4
268,13607,3
268,5851,4
268,15807,4
268,13310,5
268,3588,4
268,3597,3
268,17838,4
268,7840,3
268,13343,4
268,13605,4
268,19990,4
268,11016,3
268,17439,3
268,13566,4
268,16021,4
268,18901,5
268,17497,4
268,7100,4
268,7075,5
268,7734,5
268,17504,4
268,7726,5
268,7722,5
268,17072,5
268,17064,5
268,7126,4
268,7076,5
268,14409,5
268,7129,5
268,7739,5
268,7529,5
268,7528,5
268,17451,5
268,3800,4
268,17429,5
268,6571,4
268,4977,3
268,7846,4
268,7865,4
268,20099,4
268,7862,5
268,7873,4
268,7845,4
268,7869,5
268,17948,5
268,7819,3
268,7829,3
268,7834,4
268,11556,4
268,8299,4
268,7104,4
268,17426,5
268,16175,5
268,7822,4
268,3807,4
268,5940,4
268,16514,4
268,17846,3
268,5649,4
268,425,3
268,13761,5
268,871,4
268,16663,2
268,18585,3
268,16734,4
268,13763,5
268,15380,3
268,706,4
268,2501,5
268,13767,4
268,17829,4
268,11565,4
268,1465,4
268,16740,5
268,13769,4
268,11713,4
268,2632,4
268,13713,5
268,4981,3
268,6005,4
268,13321,5
268,4171,5
268,6125,4
268,19164,5
268,16737,4
268,13770,4
268,13768,4
268,3613,3
268,3268,5
268,3790,3
268,9119,3
268,11048,2
268,5664,5
268,8758,4
268,3789,5
268,5667,4
268,17124,5
268,13699,4
268,5850,4
268,16759,3
268,5677,5
268,19165,5
268,6533,4
268,16400,5
268,3805,4
268,5617,4
268,5697,3
268,4998,4
268,5597,5
268,4195,5
268,10689,3
268,12711,4
268,6132,3
268,15879,5
268,16408,5
268,16730,4
268,5675,3
268,3747,4
269,3097,4
269,5655,3
269,17993,5
269,14401,5
269,2738,5
269,10805,4
269,5715,4
269,3098,2
269,13309,4
269,3605,4
269,3180,4
269,732,4
269,3175,4
269,18669,5
269,10832,4
269,12937,4
269,12565,4
269,11847,3
269,3016,3
269,3101,5
269,11033,5
269,3183,3
269,13312,5
269,12564,4
269,8365,4
269,5632,4
269,12556,4
269,2089,4
269,8226,5
269,3588,4
269,775,4
269,8364,4
269,8360,5
269,8361,5
269,12672,4
269,8357,4
269,709,3
269,540,4
269,13573,4
269,686,3
269,11768,5
269,16655,5
269,1494,3
269,13308,5
269,15798,4
269,3169,4
269,10817,4
269,3178,4
269,3685,4
269,3176,3
269,2982,5
269,13062,5
269,3095,4
269,3091,3
269,8013,4
269,2087,5
269,15809,4
269,2129,4
269,8352,3
269,3067,4
269,1480,4
269,765,3
269,3177,4
269,16012,3
269,16840,4
269,11838,4
269,1634,4
269,11019,4
269,8347,5
269,10989,4
269,15848,3
269,3096,4
269,13021,4
269,591,5
269,12944,4
269,3100,4
269,12703,4
269,5850,4
269,13610,4
269,702,3
269,13552,4
269,13649,4
269,17124,5
269,13595,4
269,11004,4
269,3087,3
269,13576,4
269,12568,5
269,810,4
269,11024,4
269,13524,4
269,9064,4
269,16658,4
269,13594,4
269,3094,4
269,16473,4
269,19160,4
269,13580,4
269,17833,4
269,15972,4
269,13575,4
269,10465,3
269,16780,4
269,665,4
269,9065,3
269,9075,3
269,6005,4
269,3797,4
269,5595,4
269,5628,4
269,2647,4
269,4981,4
269,8368,4
269,13526,4
269,13586,4
269,13582,2
269,4044,4
269,14049,3
269,8367,4
269,13590,4
269,9041,4
269,8355,3
269,2913,3
269,3102,2
269,5652,4
269,12940,3
269,3782,4
269,12558,4
269,12554,4
269,12557,5
269,6096,3
269,13132,4
269,13020,3
269,5859,4
269,705,4
269,9060,3
269,2991,3
269,7550,4
269,7547,4
269,8366,3
269,3179,4
269,12495,5
269,13565,4
269,1738,4
269,13060,5
269,10996,4
269,11003,2
269,11017,3
269,2049,4
269,12912,4
269,4947,3
269,3099,4
269,5987,2
269,10826,4
269,7548,4
269,8356,4
269,5119,4
269,12732,3
269,2034,4
269,7542,4
269,11382,4
269,4031,4
269,700,4
269,13560,5
269,2079,4
269,3084,3
269,3438,3
269,632,3
269,5946,4
269,12563,4
269,10717,3
269,17529,4
269,10802,4
269,8342,4
269,2507,3
269,10783,4
269,12941,4
269,3556,2
269,8221,4
269,3765,4
269,16492,3
269,3677,4
269,13301,5
269,17808,5
269,12028,5
269,10730,4
269,10781,4
269,6019,4
269,15612,3
269,3211,5
269,16493,4
269,13539,3
269,2032,4
269,534,5
269,7826,4
269,5100,4
269,13180,4
269,436,4
269,3680,4
269,16555,4
269,19113,4
269,1911,4
269,8709,5
269,16560,4
269,6737,4
269,16583,3
269,1819,4
269,12823,4
269,10773,5
269,2989,3
269,1235,5
269,9218,3
269,10790,4
269,3165,3
269,5629,4
269,10777,4
269,2125,5
269,15958,4
269,9692,5
269,11745,4
269,11740,5
269,503,4
269,10774,4
269,8710,4
269,1251,4
269,16606,5
269,9413,4
269,10821,4
269,3769,4
269,12030,5
269,8354,3
269,12555,5
269,3173,3
269,2973,3
269,3166,3
269,3171,5
269,13541,4
269,3086,3
269,10795,4
269,3656,4
269,18629,4
269,6559,4
269,3167,4
269,10820,4
269,17821,4
269,10798,5
269,12029,4
269,8343,4
269,1861,4
269,9169,4
269,13218,4
269,8353,4
269,12440,4
269,3068,4
269,3174,4
269,10822,4
269,10784,4
269,13398,4
269,8344,4
269,8349,5
269,5958,3
269,10827,4
269,10747,5
269,6022,3
269,583,4
269,16657,4
269,9719,4
269,16224,4
269,10766,5
269,10750,4
269,12552,4
269,10811,4
269,10744,4
269,12027,4
269,13124,4
269,435,4
269,10810,4
269,13547,4
269,3580,3
269,2590,3
269,3690,4
269,10815,4
269,10789,4
269,3088,3
269,10771,4
269,13554,4
269,5106,4
269,10806,4
269,10797,4
269,9209,4
269,3172,5
269,17816,4
269,7541,4
269,750,4
269,12375,5
269,3430,4
269,12488,4
269,3093,5
269,7546,3
269,12386,4
269,6094,4
269,11010,4
269,16593,3
269,10866,4
269,13882,3
269,3191,4
269,6553,4
269,17985,4
269,10660,5
269,10867,4
269,5684,4
269,12553,4
269,17574,3
269,16989,3
269,9800,3
269,17101,4
269,13581,4
269,17100,4
269,16736,5
269,18814,4
269,11843,3
269,11132,5
269,13677,4
269,14291,4
269,16798,4
269,16863,4
269,13215,4
269,14149,5
269,12031,4
269,12332,4
269,13326,4
269,18198,4
269,17835,4
269,17827,4
269,2132,4
269,17846,4
269,13597,4
269,15644,4
269,16553,5
269,16592,4
269,14196,4
269,3036,4
269,14147,4
269,9076,4
269,11852,4
269,5605,4
269,9229,4
269,11350,4
269,8382,4
269,11559,4
269,8381,3
269,18387,5
269,4184,3
269,13713,4
269,2109,4
269,6116,5
269,13212,3
269,8985,4
269,13860,4
269,4993,4
269,11854,5
269,17155,4
269,11353,4
269,10675,4
269,17104,4
269,12634,5
269,18807,5
269,10801,4
269,2684,4
269,5547,3
269,1437,4
269,16675,3
269,17595,4
269,14242,4
269,16670,3
269,17156,3
269,2662,4
269,14228,4
269,8987,4
269,7552,4
269,5076,5
269,13265,3
269,17590,5
269,7917,5
269,16991,4
269,17160,5
269,18394,4
269,16935,4
269,4462,4
269,14444,5
269,11425,4
269,16987,4
269,11848,4
269,4072,4
269,18789,4
269,11122,5
269,14285,4
269,18366,4
269,14231,4
269,7223,4
269,14229,4
269,14213,3
269,10869,4
269,4996,4
269,3188,3
269,14230,4
269,18785,4
269,8984,4
269,9015,4
269,10873,4
269,12562,5
269,5732,4
269,15613,4
269,13772,4
269,13773,4
269,7551,4
269,13327,4
269,10692,2
269,2099,4
269,898,4
269,8986,4
269,14290,4
269,11565,5
269,11556,4
269,7554,4
269,2501,3
269,4455,5
269,7165,4
269,9055,4
269,3184,3
269,15935,4
269,3170,4
269,8374,3
269,2693,4
269,14204,4
269,9565,4
269,5601,4
269,16986,4
269,10934,4
269,3186,4
269,8376,4
269,8375,4
269,2126,4
269,5678,5
269,9220,4
269,11347,4
269,5671,5
269,17844,4
269,6085,4
269,1818,4
269,831,4
269,15931,4
269,12572,4
269,10846,4
269,3712,4
269,2943,4
269,17845,5
269,740,4
269,12560,4
269,13877,4
269,8251,4
269,18735,4
269,14192,3
269,12550,4
269,3104,4
269,16448,4
269,16900,4
269,9056,4
269,3833,4
269,17843,4
269,12549,4
269,2666,3
269,9046,3
269,6095,3
269,8532,4
269,3572,5
269,3268,4
269,13579,4
269,12569,5
269,10769,4
269,777,3
269,5881,4
269,3790,3
269,16902,4
269,16447,5
269,13676,5
269,16709,3
269,11049,3
269,17007,3
269,12567,4
269,3106,4
269,4071,4
269,12566,4
269,4983,4
269,2080,4
269,11042,3
269,17150,4
269,15714,4
269,8358,3
269,790,3
269,13695,4
269,8371,3
269,2124,5
269,4082,4
269,2137,4
269,16663,4
269,888,5
269,16590,4
269,15615,4
269,2095,4
269,4079,4
269,10841,4
269,2023,3
269,16101,4
269,18374,3
269,18763,4
269,13769,4
269,17865,4
269,15877,3
269,4998,4
269,16903,4
269,10842,4
269,2131,5
269,3108,3
269,11856,4
269,5707,3
269,10860,5
269,1242,4
269,6552,4
269,14224,4
269,2112,4
269,16100,4
269,14225,4
269,2652,5
269,1239,4
269,4022,4
269,16992,3
269,14194,4
269,10658,4
269,6119,4
269,16825,4
269,16591,4
269,16792,3
269,5434,4
269,15438,4
269,8259,4
269,8378,3
269,12561,5
269,7170,4
269,5597,4
269,11851,3
269,11845,4
269,5668,3
269,5557,3
269,10714,4
269,3836,5
269,16904,4
269,3107,4
269,4064,5
269,4989,3
269,6077,4
269,5887,4
269,14222,4
269,2135,5
269,2136,4
269,2128,4
269,5858,5
269,16668,3
269,13752,4
269,2130,4
269,14198,4
269,6082,4
269,12571,4
269,3187,3
269,12570,5
269,4087,4
269,17143,4
269,7732,5
269,17406,4
269,17021,3
269,9314,4
269,3058,4
269,12348,4
269,13386,5
269,12513,4
269,18901,4
269,7119,5
269,16457,4
269,17946,4
269,11607,5
269,7079,5
269,11752,5
269,2120,4
269,12644,4
269,17429,4
269,10901,4
269,17455,4
269,7730,4
269,17069,5
269,10897,4
269,18414,4
269,17445,4
269,7095,4
269,17066,4
269,17018,4
269,11272,4
269,18900,5
269,17015,4
269,16838,4
269,11795,4
269,17422,5
269,7718,4
269,7059,5
269,17016,4
269,7067,5
269,7731,4
269,15545,4
269,14946,4
269,7524,3
269,8901,4
269,11621,4
269,17457,4
269,17659,4
269,17490,4
269,12648,5
269,11756,4
269,16615,5
269,3061,5
269,11290,4
269,17947,4
269,17367,4
269,17391,4
269,11618,4
269,11328,4
269,7060,4
269,7116,4
269,11407,4
269,11754,4
269,11632,4
269,17465,4
269,17458,4
269,7701,4
269,17415,5
269,17425,4
269,11616,4
269,17480,5
269,17478,4
269,17944,4
269,17487,4
269,17286,4
269,7172,4
269,17444,4
269,11617,4
269,11270,4
269,17493,4
269,18910,4
269,2134,5
269,8480,4
269,17651,5
269,3064,4
269,17658,4
269,17464,4
269,17486,4
269,17449,4
269,17251,4
269,17328,3
269,17650,4
269,17437,4
269,7525,4
269,17351,4
269,7090,4
269,17010,4
269,11384,4
269,18880,4
269,11380,4
269,7072,4
269,8930,4
269,9585,5
269,17624,4
269,17625,5
269,14773,4
269,17311,4
269,7061,5
269,13379,5
269,16887,4
269,7083,4
269,10888,4
269,11184,4
269,17012,4
269,16891,5
269,15698,4
269,16894,4
269,17186,4
269,10890,4
269,17268,4
269,17288,4
269,1727,5
269,10896,4
269,17421,3
269,18000,4
269,13864,4
269,17245,4
269,7048,5
269,17291,4
269,10898,4
269,17284,4
269,2750,4
269,11383,4
269,17238,4
269,1730,5
269,17241,4
269,17276,4
269,11789,4
269,14284,4
269,11070,3
269,7715,4
269,17405,4
269,7135,5
269,17397,4
269,17468,4
269,17657,4
269,17433,4
269,7717,5
269,7708,5
269,7077,4
269,17392,4
269,17335,3
269,17014,5
269,8623,3
269,17065,4
269,17139,4
269,7089,4
269,7069,4
269,17442,4
269,17067,5
269,7716,4
269,17371,5
269,8621,5
269,7712,3
269,17402,4
269,17404,4
269,17623,4
269,14013,3
269,17394,5
269,3052,3
269,17374,4
269,17376,4
269,17943,5
269,8622,4
269,7523,4
269,18717,3
269,14093,5
269,17423,4
269,16892,4
269,17924,4
269,8903,4
269,12518,4
269,14300,4
269,17982,5
269,2715,4
269,16177,5
269,11385,4
269,16905,4
269,12654,4
269,7742,4
269,7758,4
269,7757,4
269,12655,4
269,17200,4
269,7143,4
269,17071,4
269,17302,4
269,17026,4
269,17628,5
269,17220,5
269,7137,2
269,17221,4
269,17217,4
269,7751,4
269,17671,4
269,17027,4
269,2160,4
269,7110,5
269,7139,4
269,7133,4
269,7138,5
269,11757,4
269,12662,4
269,7738,5
269,7753,4
269,17029,5
269,7746,4
269,7755,4
269,8492,4
269,11759,4
269,15281,4
269,7748,4
269,17299,4
269,7128,4
269,7145,5
269,18783,4
269,7140,4
269,22298,4
269,14415,4
269,2122,5
269,8496,4
269,7762,4
269,11760,4
269,2055,4
269,17033,4
269,10568,4
269,16612,4
269,7747,4
269,17768,5
269,7131,5
269,7756,4
269,17300,3
269,7749,4
269,7142,4
269,7144,5
269,9822,4
269,17032,4
269,12660,4
269,17030,4
269,17031,4
269,17145,4
269,17791,4
269,7727,5
269,7725,5
269,7101,4
269,17507,4
269,7724,4
269,7734,4
269,17967,4
269,17496,4
269,15557,4
269,10892,4
269,7125,4
269,7065,4
269,7103,4
269,17022,3
269,11613,4
269,3244,4
269,7099,4
269,7735,4
269,7086,4
269,17495,4
269,16174,4
269,15709,4
269,2732,3
269,7100,4
269,7113,4
269,7117,5
269,17491,4
269,7741,4
269,15704,4
269,14681,4
269,7729,5
269,7723,4
269,17476,4
269,7736,4
269,17498,4
269,17072,4
269,7094,4
269,7740,4
269,7714,4
269,17474,4
269,7073,4
269,12036,4
269,7118,4
269,16611,4
269,17218,4
269,17023,4
269,7739,4
269,17297,3
269,17484,4
269,17489,4
269,12647,5
269,7111,4
269,3872,4
269,7106,4
269,17019,4
269,7531,4
269,9821,4
269,7534,4
269,13373,5
269,9708,5
269,7526,4
269,7722,4
269,17500,4
269,7114,4
269,15556,4
269,7529,4
269,14406,3
269,14410,4
269,17951,4
269,7121,5
269,7120,4
269,17064,5
269,16176,4
269,14411,4
269,17626,4
269,7109,4
269,17249,4
269,17017,4
269,14408,3
269,17025,4
269,15555,4
269,7071,4
269,17950,4
269,7115,4
269,7130,4
269,11417,4
269,7141,3
269,13358,4
269,12810,4
269,17244,4
269,11962,3
269,10881,4
269,15359,4
269,13363,4
269,8991,5
269,13432,4
269,11370,4
269,17953,4
269,12963,4
269,14254,4
269,8989,4
269,1579,4
269,18846,5
269,16811,4
269,2104,4
269,17860,4
269,10882,4
269,16876,4
269,10886,4
269,11857,4
269,13367,4
269,18827,4
269,4092,3
269,17190,4
269,5714,4
269,11570,4
269,17107,4
269,14154,4
269,16682,4
269,11372,4
269,4212,4
269,17609,4
269,11591,4
269,7244,4
269,12363,4
269,14155,4
269,11844,3
269,14251,4
269,11254,4
269,13001,4
269,10877,4
269,11588,4
269,14531,3
269,17981,4
269,11456,4
269,16928,4
269,17112,4
269,18030,4
269,17110,4
269,18037,4
269,11595,4
269,8476,4
269,13863,4
269,11368,4
269,1003,3
269,14580,4
269,12515,4
269,17092,3
269,16522,5
269,1631,4
269,18382,3
269,12368,4
269,11599,5
269,11292,3
269,17560,4
269,17233,4
269,14738,4
269,2158,4
269,18036,4
269,7093,5
269,14296,4
269,12790,4
269,5753,4
269,2699,4
269,5686,4
269,7087,5
269,11579,4
269,9797,4
269,17234,4
269,13366,5
269,14537,4
269,14246,4
269,5467,4
269,14238,4
269,11355,4
269,14339,4
269,17926,4
269,14152,4
269,18750,4
269,12631,5
269,18774,5
269,12032,4
269,11976,4
269,7802,4
269,11364,4
269,4217,4
269,12510,4
269,7190,4
269,12505,4
269,18751,4
269,13340,4
269,6412,4
269,11362,4
269,11361,4
269,14293,4
269,7922,5
269,14245,4
269,13449,4
269,2717,4
269,13448,4
269,5713,4
269,17976,3
269,11365,4
269,13431,5
269,5733,4
269,14286,4
269,13159,4
269,17099,4
269,14737,5
269,5749,4
269,12033,4
269,20139,4
269,17105,4
269,12972,4
269,14233,4
269,14298,4
269,13628,4
269,12343,3
269,13268,3
269,11858,4
269,13266,3
269,17857,4
269,9192,5
269,17931,4
269,1578,4
269,14252,5
269,18670,4
269,11589,4
269,13162,4
269,14292,4
269,14236,4
269,10879,4
269,11573,4
269,13625,4
269,14150,5
269,17102,4
269,11859,4
269,1576,3
269,13766,4
269,14288,4
269,12503,4
269,7601,4
269,4193,4
269,13350,4
269,2704,3
269,11205,5
269,18013,3
269,10706,5
269,14297,4
269,17908,4
269,14779,4
269,14777,3
269,11373,4
269,16977,5
269,16888,4
269,17265,4
269,16688,4
269,17620,4
269,11860,3
269,17888,5
269,2149,4
269,14459,3
269,18011,5
269,8921,4
269,11369,4
269,17656,4
269,17966,3
269,19221,5
269,17619,4
269,17604,4
269,11195,4
269,14289,4
269,8913,4
269,17921,4
269,10847,4
269,17258,4
269,18028,4
269,17254,3
269,18029,4
269,13372,4
269,13371,4
269,18898,4
269,5447,4
269,18039,4
269,13056,5
269,8927,4
269,11374,3
269,17954,5
269,12641,4
269,11440,3
269,19082,5
269,17612,5
269,17243,4
269,11751,4
269,1728,4
269,8910,4
269,8912,4
269,8920,4
269,17242,4
269,2117,5
269,12517,4
269,17925,4
269,19080,4
269,17278,4
269,17013,4
269,8931,4
269,1581,4
269,9313,5
269,11412,4
269,14214,3
269,16460,4
269,8875,4
269,10620,4
269,18041,4
269,1682,4
269,13011,4
269,17279,4
269,18001,4
269,7926,5
269,7711,4
269,13365,3
269,17011,4
269,18395,4
269,18902,4
269,13381,4
269,8889,4
269,8929,5
269,11371,3
269,2631,4
269,6142,4
269,13451,4
269,14248,4
269,14778,4
269,13902,4
269,17236,4
269,16523,5
269,2696,4
269,2711,2
269,11411,4
269,11437,5
269,15769,4
269,17932,4
269,11975,4
269,17642,4
269,14667,3
269,14294,5
269,10884,4
269,17237,5
269,14253,4
269,13981,3
269,18854,4
269,17955,5
269,17046,4
269,6140,4
269,14774,4
269,8620,5
269,18024,4
269,17109,4
269,2712,3
269,17248,4
269,11419,4
269,10885,4
269,18026,4
269,14247,4
269,17553,4
269,17048,4
269,17960,4
269,8990,4
269,5505,4
269,11861,5
269,17957,4
269,17307,4
269,2024,3
269,2716,5
269,11222,4
269,17922,4
269,9447,4
269,11242,4
269,12516,4
269,22124,3
269,13370,4
269,10887,4
269,2659,4
269,11146,4
269,14780,4
269,19016,3
269,10893,4
269,8926,4
269,18015,4
269,2119,4
269,17111,4
269,17168,4
269,11225,3
269,18811,4
269,11379,4
269,14301,4
269,18025,4
269,11161,3
269,14249,4
269,10697,5
269,12344,4
269,5476,3
269,11444,3
269,5303,4
269,16632,4
269,14299,5
269,749,4
269,10765,4
269,15867,5
269,12699,4
269,3638,4
269,3669,5
269,3670,5
269,2955,5
269,1910,5
269,5796,4
269,5127,3
269,1709,4
269,3407,5
269,5934,4
269,8704,4
269,3663,3
269,1706,5
269,563,3
269,1711,5
269,5998,5
269,1721,4
269,1719,4
269,586,4
269,1230,5
269,2342,4
269,1496,5
269,15954,3
269,495,2
269,422,4
269,1499,5
269,1708,4
269,5130,4
269,14239,4
269,6501,5
269,2161,4
269,1927,2
269,11689,4
269,12130,5
269,3222,4
269,12082,5
269,8967,4
269,1545,3
269,4319,5
269,15832,4
269,121,5
269,16140,2
269,16083,5
269,4959,4
269,1580,5
269,270,3
269,11780,4
269,12202,5
269,1249,3
269,3161,3
269,3205,4
269,1703,4
269,9143,4
269,12013,5
269,8196,5
269,4715,4
269,12225,4
269,1228,4
269,12357,4
269,2470,4
269,11784,4
269,10742,5
269,15863,4
269,15993,4
269,1722,5
270,6344,5
270,19058,5
270,10716,5
270,3233,5
270,18373,5
270,6053,5
270,17734,5
270,8735,5
270,4824,5
270,13904,5
270,19059,5
270,4949,5
270,3432,5
270,13725,5
270,3896,5
270,3266,5
270,6358,5
270,4826,5
270,5029,5
270,6154,5
270,2977,5
270,14440,5
270,1393,5
270,6351,5
270,3910,5
270,14446,5
270,17733,5
270,6164,5
270,4575,5
270,3241,5
270,7616,5
270,6169,5
270,7617,5
270,494,5
270,3900,5
270,3898,5
270,3893,5
270,6313,5
270,3236,5
270,13886,5
270,3892,5
270,7618,5
270,11614,5
270,14646,5
270,11249,5
270,17732,5
270,6826,5
270,13048,5
270,7607,5
270,7156,5
270,11622,5
271,20896,3
271,21024,5
271,20930,5
271,21078,4
271,14111,5
271,21538,5
271,20874,5
271,19095,5
271,21200,5
271,21471,5
271,21596,4
271,21459,4
271,20843,5
271,20842,4
271,21467,5
271,21432,5
271,21514,5
271,21490,5
271,14112,5
271,20689,5
271,21073,4
271,18354,4
271,21724,5
271,21217,5
271,21740,5
271,21730,5
271,21661,5
271,21798,3
271,21702,5
271,21525,5
271,21911,5
271,21800,5
271,20171,5
271,21894,5
272,10342,5
272,6438,4
272,10338,4
272,18600,4
272,16392,4
272,6436,5
272,326,4
272,10390,4
272,4727,4
272,3223,1
272,6601,1
272,10389,4
272,10352,4
272,12844,4
272,3310,5
272,10187,4
272,6242,4
272,19885,4
272,19903,4
272,4970,5
272,12951,5
272,19957,5
272,13404,4
272,2213,4
272,19532,3
272,18599,4
272,10374,4
272,11771,4
272,137,5
272,115,4
272,19989,3
272,19902,5
272,18539,5
272,19313,5
272,1263,4
272,2200,4
272,15276,4
272,4538,5
272,3478,4
272,197,5
272,3368,5
272,3819,5
272,3794,5
272,15595,4
272,4554,4
272,3793,5
272,44,5
272,8576,4
272,8516,4
272,1132,5
272,4542,5
272,7508,5
272,9284,5
272,4543,4
272,9311,5
272,10,4
272,11653,4
272,8574,4
272,3792,4
272,1355,4
272,6397,4
272,11658,5
272,4625,5
272,19642,4
272,18144,4
272,15605,4
272,7153,5
272,1130,4
272,2256,4
272,5331,3
272,18288,4
272,6874,3
272,11999,4
272,15749,4
272,8585,4
272,7192,2
272,9705,4
272,2402,4
272,2401,4
272,2853,4
272,1366,4
272,4881,3
272,12037,5
272,5201,4
272,18211,4
272,10310,5
272,12477,4
272,12394,5
272,4573,4
272,4550,4
272,2816,5
272,9843,5
272,12260,5
272,10347,4
272,12132,4
272,15121,2
272,1870,4
272,8583,5
272,16236,5
272,7561,4
272,7562,4
272,12173,4
272,12182,4
272,15941,5
272,6404,4
272,2451,3
272,322,4
272,2263,4
272,6163,4
272,12474,4
272,15604,5
272,4562,5
272,16230,4
272,19433,4
272,18533,4
272,18089,4
272,9896,5
272,10224,5
272,268,4
272,4557,5
272,12479,5
272,7509,3
272,15917,4
272,7565,4
272,15837,5
272,10247,4
272,6766,4
272,4553,5
272,12393,5
272,3795,5
272,160,5
273,10702,2
273,20335,5
273,6610,5
273,6735,5
273,17085,4
273,9404,3
273,20754,3
273,10538,5
273,5015,3
273,20340,5
273,587,3
273,16572,5
273,14438,5
273,12497,5
273,7705,4
273,20409,4
273,19133,5
273,3752,4
273,2917,2
273,12128,3
273,7581,5
273,6584,4
273,6587,4
273,19940,3
273,15712,4
273,4220,5
273,362,5
273,12129,5
273,1887,4
273,19449,4
273,18650,4
273,10959,5
273,10327,4
273,19523,5
273,18613,2
273,6520,2
273,20975,4
273,20016,4
273,16652,5
273,10796,4
273,10090,2
273,14534,3
273,14939,4
273,19473,5
273,8634,4
273,21173,5
273,16878,2
273,21114,4
273,15679,3
273,19806,5
273,20454,5
273,15801,4
273,19172,4
273,17437,4
273,17506,4
273,19927,2
273,1011,4
273,9206,5
273,14313,3
273,18840,2
273,14473,4
273,4186,5
273,5207,5
273,15616,2
273,19337,5
273,5468,5
273,2730,5
273,11135,2
273,10670,5
273,20868,4
274,969,5
274,10666,5
274,6030,5
274,2625,3
274,6046,5
274,19267,5
274,14731,5
274,4332,5
274,14652,2
274,12741,5
274,3967,5
274,13416,3
274,6206,5
274,5064,5
274,3972,5
274,6227,5
274,2458,5
274,14275,5
274,6198,5
274,4037,5
274,13415,5
274,7388,5
274,13627,2
274,13651,5
274,13259,5
274,12735,5
274,2576,5
274,2445,5
274,4728,5
274,2506,5
274,8388,5
274,672,5
274,13239,5
274,259,5
275,11235,5
275,13213,5
275,13519,5
275,11204,4
275,19018,5
275,18893,4
275,854,4
275,3726,5
275,18721,4
275,913,5
275,14744,5
275,19013,4
275,18050,5
275,15654,5
275,18062,4
275,10517,5
275,975,4
275,14392,5
275,5167,5
275,11044,4
275,6992,3
275,14390,5
275,14745,5
275,11172,4
275,11956,4
275,18426,5
275,7241,5
275,5506,5
275,8263,3
275,13198,5
275,14127,5
275,18758,4
275,14184,5
275,16950,5
275,10650,5
275,14140,5
275,4085,4
275,11210,5
275,13525,5
275,13259,5
275,18424,5
275,6993,3
275,13598,5
275,3661,5
275,8258,4
275,14070,5
275,14377,5
275,13455,5
275,18800,2
275,8224,5
275,18757,5
275,10998,5
275,15521,4
275,10572,4
275,15520,4
275,10951,5
275,8294,4
276,834,2
276,4061,5
276,9857,3
276,13511,4
276,3543,3
276,15536,5
276,15389,5
276,5670,5
276,4259,4
276,2391,4
276,10947,4
276,14407,5
276,11686,3
276,12492,5
276,6609,5
276,4989,4
276,7683,5
276,3635,3
276,13230,4
276,17017,3
276,19032,3
276,17407,5
276,17424,5
276,7059,5
276,5015,2
276,8624,5
276,10700,4
276,5016,3
276,9662,4
276,9076,4
276,4214,3
276,13882,4
276,9661,5
276,3014,5
276,13211,4
276,2346,5
276,16716,5
276,13374,5
276,7129,5
276,3666,4
276,1940,5
276,2287,3
276,12723,5
276,1718,4
276,237,4
276,2315,3
276,8405,5
276,3678,4
276,2421,1
276,2926,4
276,354,5
276,15610,2
276,2479,5
276,10931,3
276,12104,4
276,12741,4
276,8386,4
276,7949,4
276,2509,5
276,4523,3
276,16565,4
276,10955,5
276,660,3
276,8343,3
276,2325,3
276,8348,4
276,700,5
276,593,3
276,2937,4
276,2984,5
276,3689,1
276,10936,4
276,10945,5
277,17697,4
277,18744,4
277,8791,4
277,15041,5
277,15414,5
277,16104,4
277,10604,4
277,17678,4
277,16444,3
277,16048,3
277,16446,4
277,14424,5
277,5968,5
277,6763,4
277,21884,5
277,10585,2
277,18857,5
277,4111,5
277,17748,4
277,7179,5
277,18875,3
277,18058,4
277,18885,4
277,12293,5
277,8124,4
277,18070,5
277,21991,5
277,8079,4
277,16994,4
277,8126,5
277,16997,4
277,6564,5
277,13112,5
277,5989,5
277,349,5
277,17543,4
277,8140,4
277,18876,5
277,16996,4
277,21571,5
277,16430,4
277,15148,4
277,14426,5
277,19005,4
277,21818,5
277,18950,4
277,16999,4
277,17000,5
277,8819,5
277,22172,4
277,9034,5
277,17205,5
277,8130,5
277,1375,5
277,18939,4
277,17775,5
277,14431,5
277,18943,5
277,17226,5
277,18951,5
277,16998,4
277,21541,2
277,14423,4
277,22165,4
277,18815,5
277,8818,5
277,18942,5
277,16993,4
277,22136,4
278,5113,5
278,20784,3
278,19748,1
278,16396,5
278,19674,3
278,20283,3
278,19916,5
278,21249,5
278,20756,5
278,21663,1
278,21354,5
278,21820,4
278,21832,4
278,21453,4
278,20287,5
278,20771,5
278,20360,4
278,20478,1
278,20098,4
278,20730,5
278,3784,4
278,20983,5
279,21841,5
279,827,5
279,8901,5
279,11752,5
279,17463,5
279,12646,5
279,8909,4
279,13156,4
279,17477,3
279,17416,5
279,8779,5
279,8146,5
279,14421,3
279,14402,4
279,13947,5
279,8904,5
279,7008,5
279,16833,4
279,20768,5
279,14048,5
279,19873,5
279,10553,4
279,21109,5
279,7327,5
279,10542,5
279,16689,4
279,20128,4
279,10734,5
279,14551,4
279,21487,4
279,5236,5
279,10110,4
279,748,4
279,9176,3
279,8908,5
279,1966,3
279,10579,5
279,10258,5
279,19292,5
279,21419,5
279,20257,5
279,4111,5
279,11188,5
279,19631,4
279,19920,5
279,17751,5
279,6226,5
279,7573,5
279,21292,4
279,10558,5
279,13193,5
279,9153,5
279,10575,5
279,20879,4
279,14709,5
279,14135,5
279,19955,4
279,21178,4
279,16130,4
279,1149,4
279,10481,5
279,21563,5
279,8900,5
279,6472,5
279,18294,5
279,18298,5
279,10202,5
279,10237,5
279,15669,5
279,8748,5
279,10067,5
279,15068,5
279,5383,5
279,18459,3
279,18296,5
279,18292,5
279,15009,5
279,10235,5
279,15499,5
279,18297,4
279,8749,4
279,9508,5
279,9509,4
279,10227,5
279,1764,5
279,8648,5
279,8679,5
279,8641,5
279,8657,5
279,5143,5
279,8643,5
279,6286,5
279,8664,5
279,8645,5
279,8670,5
279,8662,5
279,8649,5
279,15052,5
279,8646,5
279,8669,4
279,15008,5
279,10140,5
279,1810,5
279,1075,5
279,18243,3
279,7558,5
279,10123,5
279,6860,4
279,9265,5
279,6802,5
279,6419,5
279,3973,3
279,15071,5
279,18090,5
279,1647,5
279,6395,5
279,15288,5
279,18240,5
279,850,4
279,3857,4
279,8493,5
279,8905,5
279,10379,5
279,12654,5
279,3050,5
279,12659,5
279,10857,5
279,8755,5
279,14280,5
279,19049,5
279,4715,5
279,21972,4
279,8808,5
279,13102,5
279,22244,5
279,22273,5
279,14805,4
279,17341,5
279,7037,5
279,21867,5
279,22009,5
279,12767,4
279,20960,5
279,21846,5
279,10027,5
279,14562,5
279,14159,5
279,17480,5
279,17756,4
279,17520,5
279,10246,5
279,18454,5
279,10203,5
279,10179,5
279,10180,4
279,15652,5
279,10213,5
279,10220,5
279,9510,5
279,11829,5
279,15010,5
279,9506,5
279,15501,5
279,15498,3
279,11830,5
279,4780,5
279,8695,5
279,15497,5
279,8835,5
279,3828,4
279,17522,5
279,2063,5
279,8934,5
279,6984,5
279,12485,5
279,10248,5
279,8935,5
279,21743,5
279,4583,5
279,11832,5
279,18088,4
279,1849,3
279,7436,5
279,4750,5
279,8071,5
279,18458,5
279,10251,5
279,8627,5
279,7328,4
279,8498,5
279,15680,5
279,1273,3
279,201,5
279,9630,5
279,127,4
279,6755,5
279,1856,4
279,8284,4
279,6727,3
279,241,5
279,6806,5
279,7905,5
279,7902,4
279,320,5
279,11667,5
279,15710,3
279,10260,5
279,15395,5
279,2192,4
279,68,5
279,1599,5
279,9762,5
279,7416,5
279,10298,5
279,15046,5
279,15667,5
279,16237,5
279,9765,5
279,15653,5
279,46,5
279,15672,5
279,12006,5
279,10157,5
279,9764,5
279,176,5
279,12051,5
279,10138,5
279,15133,5
279,6839,4
279,3870,5
279,11728,4
279,10268,4
279,12100,3
279,1223,5
279,6724,5
279,81,4
279,7895,5
279,7629,5
279,240,5
279,9380,5
279,9683,5
279,18224,5
279,15268,5
279,7624,5
279,276,5
279,9772,5
279,10211,5
279,7631,4
279,7632,3
279,12129,4
279,10147,5
279,3871,5
279,10107,5
279,321,5
279,10330,3
279,2123,4
279,6725,5
279,4740,5
279,8936,5
279,6643,3
279,2065,3
279,2058,5
279,15427,5
279,6837,3
279,4778,5
279,18330,5
279,15941,5
279,8288,5
279,939,3
279,8881,5
279,14896,5
279,3864,3
279,5052,5
279,78,4
279,4751,5
279,253,3
279,15451,4
279,8615,3
279,1597,3
279,9382,5
279,9616,3
279,8628,5
279,10238,5
279,18285,5
279,7638,5
279,15352,5
279,202,5
279,15735,5
279,15666,5
279,11678,5
279,6428,5
279,7625,5
279,2194,3
279,8750,5
279,18465,5
279,10130,5
279,9839,5
279,18293,5
279,10269,5
279,7635,5
279,2891,5
279,15916,5
279,7781,5
279,3962,5
279,7639,5
279,11868,5
279,7634,5
279,1272,5
279,15496,5
279,14964,5
279,18284,5
279,15198,4
279,7640,5
279,18256,5
279,15094,5
279,10196,5
279,15749,5
279,10234,5
279,10263,5
279,204,5
279,10072,5
279,18507,5
279,10262,5
279,938,5
279,18299,5
279,7642,5
279,7644,5
279,7636,5
279,15283,5
279,10212,5
279,9692,4
279,10354,5
279,7647,5
279,15507,5
279,15671,3
279,15509,5
279,10095,5
279,15505,5
279,7646,5
279,15503,5
279,7648,5
279,3970,3
279,4853,5
279,12005,5
279,15506,5
279,9763,5
279,12475,5
279,9838,5
279,15670,5
279,9985,5
279,18134,5
279,15595,5
279,10294,5
279,15510,5
279,10249,5
279,9179,3
279,18295,5
279,10081,5
279,12249,5
279,10136,5
279,10284,5
279,12004,5
279,6064,5
279,10265,5
279,7643,5
279,15287,5
279,15943,5
279,15620,5
279,10173,5
279,7633,5
279,10183,5
279,10245,5
279,19243,5
279,15668,4
279,18267,5
279,7778,4
279,15128,5
279,2429,5
279,18257,3
279,19979,4
279,7630,3
279,11810,5
279,6016,4
279,10413,5
279,13535,5
279,10728,4
279,10431,5
279,19995,5
279,7029,5
279,13276,3
279,19981,5
279,18636,4
279,6524,4
279,13402,5
279,19151,5
279,18648,5
279,19150,5
279,13245,5
279,6443,4
279,13636,5
279,9983,5
279,16165,4
279,20183,5
279,2605,5
279,178,3
279,18640,5
279,12814,4
279,5166,5
279,10756,4
279,19980,5
279,15222,4
279,15343,4
279,8172,3
279,10093,5
279,13390,5
279,10418,5
279,10419,5
279,11646,5
279,3867,5
279,13263,5
279,18325,5
279,19929,5
279,3866,4
279,19905,4
279,10729,5
279,7659,5
279,12865,5
279,19576,5
279,18268,5
279,19724,5
279,10471,4
279,20225,4
279,2908,3
279,14158,5
279,20078,5
279,7226,5
279,20270,5
279,16572,5
279,10387,5
279,10362,5
279,9611,5
279,10503,4
279,16511,5
279,10477,5
279,10490,5
279,20634,5
279,9704,4
279,14035,5
279,16402,4
279,14034,5
279,18727,5
279,1781,5
279,11406,4
279,1165,4
279,20190,3
279,16911,5
279,20656,4
279,10446,5
279,9589,3
279,10466,5
279,12866,3
279,11980,5
279,20256,5
279,7660,5
279,10441,5
279,15508,5
279,17911,5
279,18681,4
279,1303,3
279,17815,4
279,20253,5
279,20389,4
279,8630,5
279,12488,5
279,13924,4
279,10818,5
279,10451,5
279,19999,4
279,3865,5
279,1687,3
279,1921,4
279,6400,5
279,15321,5
279,10280,4
279,440,5
279,4155,4
279,12967,5
279,6757,5
279,6415,5
279,8469,5
279,3463,3
279,9684,5
279,1835,5
279,11670,3
279,19388,5
279,10359,5
279,15208,5
279,18544,5
279,9956,4
279,368,5
279,1274,5
279,10345,5
279,10193,5
279,15502,5
279,10167,5
279,15105,5
279,9975,5
279,15340,5
279,15504,5
279,10197,5
279,15500,5
279,10358,5
279,12040,5
279,7628,5
279,9555,5
279,18276,5
279,15673,4
279,18576,4
279,10335,4
279,9946,5
279,15477,3
279,5205,4
279,7627,5
279,12777,5
279,18445,5
279,4156,4
279,10432,5
279,19781,5
279,19777,5
279,18355,5
279,19746,5
279,19737,5
279,1279,5
279,11836,5
279,8668,5
279,10397,5
279,19149,5
279,1916,5
279,3868,5
279,6440,5
279,18483,4
279,10404,4
279,10281,5
279,13136,4
279,14957,5
279,10182,5
279,10401,5
279,12621,5
279,15660,5
279,14948,5
279,7434,3
279,12616,5
279,4000,5
279,13129,5
279,13130,5
279,252,5
279,7419,5
279,7288,5
279,7324,5
279,12042,5
279,9911,5
279,19593,5
279,15044,5
279,19736,4
279,14933,5
279,15144,4
279,8286,3
279,1155,5
279,8830,4
279,9984,3
279,4582,5
279,6845,5
279,18207,5
279,18108,5
279,6418,5
279,7896,5
279,5180,5
279,18323,5
279,8672,5
279,8660,5
279,2074,3
279,8652,5
279,8678,3
279,7429,5
279,9943,5
279,10194,5
279,8654,5
279,11770,5
279,8693,5
279,8665,4
279,8685,5
279,8656,5
279,8684,4
279,9802,5
279,8671,3
279,15086,5
279,7402,5
279,8683,5
279,8690,5
279,15533,5
279,8647,5
279,8675,5
279,8697,5
279,8272,5
279,19254,5
279,2845,5
279,8642,5
279,8687,5
279,9850,5
279,15087,5
279,15084,5
279,8653,5
279,8667,5
279,15085,5
279,18258,5
279,8688,5
279,10162,5
279,9830,5
279,15050,5
279,8680,5
279,8676,5
279,8692,5
279,8663,5
279,15049,5
279,8651,5
279,8650,5
279,8677,5
279,8673,5
279,8054,5
279,15206,5
279,15450,5
279,10225,5
279,1152,5
279,6392,5
279,10172,5
279,14918,5
279,8689,5
279,6807,5
279,6876,5
279,5452,5
279,8682,5
279,8691,5
279,10209,5
279,10129,4
279,10010,5
279,7025,5
279,8674,5
279,9873,5
279,8681,5
279,15051,5
279,8686,5
279,8655,5
279,8659,5
279,10103,3
279,18281,5
279,8661,5
280,637,3
280,10782,5
280,16489,4
280,3965,3
280,2970,5
280,9420,5
280,12028,5
280,16494,4
280,3000,4
280,10861,5
280,311,4
280,742,5
280,8380,3
280,5998,5
280,6007,5
280,10908,5
280,16958,4
280,9401,5
280,10862,5
280,11692,5
280,2287,4
280,12494,5
280,642,3
280,698,5
280,15792,4
280,18660,3
280,9407,5
280,10984,5
280,10778,5
280,17837,5
280,3775,5
280,10786,5
280,6103,3
280,15770,3
280,15809,5
280,4549,5
280,15831,5
280,476,3
280,2922,2
280,3025,3
280,7782,5
281,12083,5
281,9276,5
281,9707,5
281,9496,5
281,12321,5
281,6662,4
281,18430,5
281,19774,4
281,12092,5
281,5312,4
281,20021,4
281,3451,5
281,3005,5
281,9457,5
281,5310,4
281,7499,5
281,5308,5
281,1188,5
281,13078,5
281,5323,4
281,4300,4
281,5309,4
282,1537,5
282,6760,5
282,3910,5
282,1308,5
282,1809,5
282,3593,5
282,12923,5
282,7346,5
282,16849,5
282,7810,5
282,4806,5
282,10416,5
282,4803,5
282,15262,5
282,12686,5
282,12419,5
282,5360,4
282,3517,5
282,6831,5
282,2447,5
282,13274,4
282,7951,5
282,4511,4
282,4146,5
282,6485,5
282,726,5
282,3443,5
282,5976,5
282,6460,5
282,9878,5
282,14463,5
282,924,5
282,936,4
282,15423,5
282,15190,5
282,6924,4
282,6953,5
282,4135,5
282,18481,5
282,6857,5
282,3468,5
282,12421,5
282,5405,4
282,12480,5
282,908,5
282,115,5
282,8028,5
282,7974,5
282,2219,5
282,6253,5
282,7985,4
282,6896,4
282,1301,4
282,12927,5
282,13497,4
282,979,5
282,12272,5
282,13682,5
282,12284,5
282,9275,5
282,15447,5
282,5878,3
282,9502,5
282,6929,5
282,9034,5
282,5653,5
283,4162,5
283,8166,5
283,17002,5
283,5030,5
283,1944,1
283,12749,5
283,13163,5
283,5762,5
283,14256,5
283,9244,5
283,7925,5
283,8015,5
283,14180,5
283,4028,5
283,3649,5
283,1908,5
283,4820,5
283,10957,5
283,2010,5
283,2966,3
283,11067,4
283,6004,5
283,13467,5
283,13877,5
283,4027,5
283,9234,5
283,21140,2
283,5891,5
283,17128,5
283,13109,5
284,9826,5
284,18129,3
284,15346,5
284,9930,5
284,1621,5
284,4681,5
284,7033,5
284,3503,5
284,4586,5
284,1564,5
284,5027,5
284,1268,5
284,19231,4
284,8173,4
284,6794,5
284,3938,4
284,247,5
284,6682,5
284,9034,5
284,6633,4
284,10265,5
284,9828,5
284,18402,4
284,15286,5
284,1326,4
284,9624,5
284,15430,5
284,4124,4
284,1215,2
284,10052,5
284,1349,5
284,18455,5
284,6049,5
284,175,5
284,3351,5
284,4103,4
284,16345,5
284,12812,5
284,2214,1
284,7555,4
284,8568,3
284,8923,5
284,3325,5
284,9859,5
284,18345,4
284,6883,5
284,985,5
284,4497,5
284,178,5
284,10819,5
284,8941,4
284,1430,5
284,92,5
284,3315,5
284,373,4
284,3316,5
284,3903,5
284,7655,4
284,3932,5
284,427,5
284,1353,5
284,9312,5
284,19602,5
284,163,5
284,1409,5
284,11941,5
284,12675,5
284,336,5
284,3350,3
284,250,5
284,3636,5
284,7508,5
284,1431,4
284,1622,5
284,7420,5
284,8587,4
284,15196,5
284,3322,5
284,1318,5
284,18446,3
284,1107,2
284,9827,5
284,9604,5
284,8748,5
284,18559,4
284,7415,5
284,7433,5
284,6463,5
284,1141,5
284,9958,5
284,1663,5
284,8593,5
284,3345,5
284,7429,2
284,7503,5
284,6808,5
284,118,5
284,9901,5
284,9515,4
284,4225,5
284,11762,4
284,85,5
284,14924,5
284,18208,4
284,10020,4
284,9701,4
284,18240,5
284,1118,4
284,15710,5
284,3852,5
284,2499,5
284,2776,5
284,8276,4
284,60,5
284,62,4
284,15312,5
284,9588,5
284,3637,5
284,9913,5
284,2069,5
284,9858,5
284,7026,5
284,19230,4
284,4637,5
284,9953,3
284,6489,5
284,14911,5
284,9699,5
284,6930,5
284,8843,5
284,14918,5
284,15316,5
284,9617,5
284,18244,3
284,8848,5
284,11772,5
284,4129,5
284,548,5
284,15224,5
284,12979,5
284,6896,5
284,19749,5
284,19639,5
284,15278,3
284,9207,5
284,6462,5
284,5940,4
284,16248,5
284,2756,5
284,1612,5
284,6972,5
284,878,5
284,19958,5
284,3834,5
284,1308,5
284,12867,5
285,11921,5
285,13944,4
285,18703,5
285,12868,3
285,10479,5
285,4045,2
285,9600,3
285,10525,5
285,6224,5
285,13933,3
285,6459,3
285,10963,5
285,20398,5
285,2560,3
285,14056,5
285,12437,5
285,5572,4
285,20899,5
285,18677,2
285,14656,5
285,11094,5
285,20800,3
285,18321,5
285,17918,4
285,12674,5
285,18704,2
285,3591,4
285,9977,5
285,20528,5
285,7572,4
285,18398,4
285,20775,5
285,16641,5
285,20504,4
285,10121,5
285,2833,5
285,2584,2
285,18146,4
285,16594,4
285,20693,5
285,11091,5
286,19910,5
286,20354,4
286,20088,4
286,20207,4
286,20153,5
286,19679,5
286,19656,5
286,20107,4
286,19743,4
286,20076,5
286,20064,4
286,20060,5
286,20490,4
286,20299,5
286,20110,3
286,20549,4
286,20329,3
286,19733,5
286,20664,5
286,20442,4
286,19813,4
286,20455,4
286,20641,4
286,20057,4
286,12675,4
286,20214,5
286,19949,5
286,20450,5
286,20134,5
286,20358,4
286,20431,5
286,20413,5
286,19732,5
286,19890,5
286,20600,4
286,20420,3
286,20597,5
286,20481,4
286,20581,4
286,20444,4
286,20381,4
286,20412,4
286,20330,5
286,20448,4
286,19947,4
286,20345,2
286,19734,4
286,20211,5
286,20476,4
286,19752,4
286,20585,4
286,19926,5
286,20355,5
286,20075,5
287,14586,5
287,19081,5
287,18912,4
287,2721,5
287,14587,5
287,13891,4
287,13396,4
287,2665,4
287,13811,5
287,13833,5
287,5438,4
287,5890,5
287,13884,5
287,13104,4
287,11416,5
287,17660,4
287,13122,5
287,8047,5
287,990,5
287,7054,5
287,14637,3
287,17883,4
287,14517,5
287,8044,5
287,7174,5
287,5876,4
287,8003,4
287,2674,5
287,3237,5
287,11584,5
287,2731,4
287,5878,5
287,14484,4
287,884,5
287,12290,5
287,11573,3
287,16923,5
287,17992,4
287,2491,5
287,13838,5
287,13095,5
287,12181,4
287,11590,5
287,908,5
287,4984,5
287,9012,5
287,6139,4
287,10957,3
287,2600,5
287,13894,4
287,10683,5
287,2681,5
287,896,5
287,813,5
287,11580,5
287,8043,5
287,10722,5
287,3589,5
287,883,5
287,1485,5
287,5732,5
288,17708,5
288,22021,5
288,21936,5
288,17342,5
288,22040,5
288,18421,5
288,18005,5
288,17683,3
288,21885,5
288,14548,5
288,18973,2
288,10598,3
288,17718,5
288,17698,5
288,6290,5
288,18838,5
288,22056,5
288,14607,1
288,18877,5
288,14654,5
288,10514,3
288,17679,5
288,5284,5
288,14369,2
288,10512,5
288,5263,5
288,5239,5
288,18996,5
288,14613,5
288,17700,5
288,14614,5
288,14542,5
288,7366,5
288,14724,5
288,14791,5
288,22154,3
288,22302,5
288,22239,5
288,10611,5
288,21815,3
288,22160,5
288,22138,5
288,17712,5
288,5229,5
288,22184,5
288,22155,5
288,21947,3
288,22144,5
288,22077,5
288,17725,5
288,22157,5
288,22176,4
288,14660,5
289,15613,3
289,3330,4
289,17969,3
289,16860,4
289,16671,4
289,11692,4
289,16672,4
289,10629,5
289,18374,3
289,16668,4
289,4989,5
289,11090,4
289,8259,3
289,4064,4
289,2638,4
289,11093,4
289,12145,4
289,16630,5
289,16760,4
289,888,5
289,3582,4
289,11437,5
289,2716,5
289,10674,5
289,5692,5
289,11600,4
289,692,4
289,3002,5
289,17840,5
289,826,5
289,10625,4
289,4027,4
289,5877,3
289,9441,4
289,16991,4
289,8865,4
289,5550,4
289,5669,3
289,10849,5
289,11087,4
289,6105,4
289,3722,4
289,11197,5
289,4223,5
289,5602,3
289,17184,5
289,11580,5
289,10686,5
289,16742,5
289,17560,4
289,5017,3
289,4088,5
289,7917,4
289,9026,3
289,4221,5
289,4192,4
289,2693,5
289,11577,4
289,11217,5
289,17120,5
289,2501,5
289,900,4
289,4171,5
289,14838,4
289,5722,5
289,4454,5
289,4464,5
289,2600,5
289,20967,5
289,14438,5
289,2740,5
289,944,5
289,12964,5
289,16682,5
289,11164,5
289,11840,3
289,2455,5
289,11130,4
289,2458,3
289,12025,4
289,7128,4
289,652,4
289,5804,3
289,17429,3
289,2365,3
289,16533,3
289,17367,3
289,7049,4
289,17031,5
289,557,5
289,1899,5
289,4661,5
289,11883,3
289,12024,3
289,3434,3
289,563,4
289,9391,5
289,4789,4
289,9414,5
289,19934,3
289,4700,5
289,410,3
289,4754,4
289,13176,4
289,10931,3
289,8855,3
289,1928,5
289,867,5
289,2957,4
289,3110,5
289,585,4
289,15142,4
289,4360,4
289,5063,5
289,14891,3
289,1248,3
289,4717,5
289,15833,5
289,12758,4
289,2446,4
289,12736,3
289,12768,4
289,12727,5
289,587,4
289,10781,3
289,324,5
289,16131,4
289,2473,5
289,2434,5
289,4691,2
289,4721,4
289,4746,4
289,11891,4
289,11879,3
289,17020,5
289,4749,5
289,4720,3
289,4732,4
289,12739,5
289,3638,4
289,2490,5
289,20,5
289,12022,4
289,537,4
289,3671,3
289,11892,5
289,456,3
289,11697,4
289,11264,5
289,12759,5
289,17397,5
289,11880,5
289,11894,3
289,2486,4
289,16124,5
289,653,5
289,382,5
289,11893,5
289,3096,4
289,15809,4
289,12934,4
289,3585,4
289,11056,5
289,2543,4
289,4017,5
289,9282,5
289,768,5
289,12748,4
289,4695,3
289,11877,5
289,2563,5
289,420,5
289,540,4
289,4697,4
289,12257,4
289,18509,3
289,6734,3
289,16949,5
289,591,4
289,12254,5
289,11878,5
289,5479,4
289,7716,5
289,7062,5
289,7063,5
289,17390,4
289,15784,4
289,9421,4
289,713,4
289,5636,5
289,17252,4
289,17439,4
289,11328,5
289,17401,5
289,733,4
289,636,3
289,17199,4
289,2594,3
289,1997,5
289,703,5
289,13569,2
289,2022,4
289,11887,3
289,543,5
289,6027,4
289,3545,4
289,3608,4
289,6183,5
289,4010,4
289,1234,4
289,566,5
289,9018,3
289,12261,3
289,10303,3
289,2469,4
289,12099,5
289,4718,3
289,12774,3
289,4692,4
289,15843,4
289,419,4
289,3563,4
289,12386,4
289,556,3
289,7840,5
289,16842,3
289,12103,5
289,3696,4
289,12901,5
289,9865,4
289,2989,3
289,4608,4
290,3077,5
290,7685,5
290,3162,3
290,10940,5
290,16566,5
290,4368,5
290,3177,5
290,4413,5
290,2372,5
290,16356,5
290,16167,5
290,13221,5
290,12315,5
290,4899,5
290,10292,3
290,16145,5
290,15978,5
290,5345,5
290,3152,5
290,13967,5
290,17100,2
290,15766,4
290,21543,5
290,15977,5
290,7680,5
290,12317,4
290,11058,5
290,3187,4
290,12309,5
290,3151,5
290,4939,5
290,4407,5
290,3161,4
290,3165,5
290,12336,4
290,12713,3
290,4318,5
290,11890,5
290,4910,5
290,16258,5
290,690,5
290,4903,5
290,5340,5
290,4382,5
290,2949,4
290,4909,5
290,3150,5
290,7687,5
290,12316,5
290,3163,5
290,2953,5
290,13258,5
290,4913,5
290,18616,5
290,12583,5
290,3075,5
290,7681,5
290,15979,5
290,16263,5
290,3157,5
290,18567,5
290,4904,5
290,15734,5
290,11872,5
290,3199,5
290,3074,5
290,3156,5
290,16231,5
290,3076,5
290,16340,5
290,4435,5
290,12313,5
290,16232,5
290,4931,5
290,16357,5
290,16342,5
290,7679,5
290,10272,4
290,297,5
290,16140,5
290,16143,5
290,16166,5
290,16138,5
290,16243,5
290,16242,5
290,4311,5
290,12312,5
290,296,5
290,16135,5
290,15486,5
290,16136,5
290,16139,5
290,16141,5
290,10273,5
290,16134,5
290,10126,4
290,12310,5
290,18349,5
290,16142,5
290,15482,5
290,10313,5
290,312,5
290,10296,4
290,16133,5
290,12308,5
290,16137,5
290,10315,5
290,2211,5
290,2388,5
290,19384,5
290,3200,5
290,3120,5
290,15965,4
290,214,5
290,103,5
290,4888,5
290,12311,5
290,4886,4
290,5314,5
290,15779,5
290,169,5
290,12606,4
290,7674,5
290,3153,5
290,3158,5
290,303,5
290,15516,5
290,9499,5
290,18504,4
290,9622,5
290,12320,5
290,12314,4
290,3073,5
290,3472,5
290,7672,5
291,18104,5
291,17946,5
291,17945,5
291,16524,5
291,15341,5
291,19280,4
291,7582,5
291,22047,4
291,17055,5
291,22048,4
291,22114,3
291,17098,5
291,13026,5
291,17504,5
291,1473,4
291,17229,5
291,20077,5
291,17713,4
291,4577,4
291,10168,5
291,8705,3
291,8069,4
291,16073,5
291,10767,5
291,2424,4
291,18102,3
291,1231,4
291,16870,5
291,19823,4
291,1864,3
291,16305,4
291,6590,5
291,12859,4
291,16050,4
291,15429,4
291,19126,5
291,7539,3
291,12992,4
291,5270,4
291,10872,5
291,16868,5
291,18167,5
291,13328,4
291,19416,5
291,16861,5
291,12018,5
291,8704,4
291,10863,4
291,19791,5
291,10293,4
291,7012,5
291,13334,5
291,10700,5
291,14803,4
291,2763,4
291,13147,5
291,10809,4
291,10786,5
291,19120,5
291,14720,4
291,12318,5
291,9203,4
291,10845,4
291,2959,5
291,16437,3
291,2764,5
291,10833,5
292,7523,5
292,8363,5
292,5862,5
292,3180,4
292,13394,5
292,8361,5
292,18669,5
292,12934,5
292,16755,4
292,16751,5
292,3592,5
292,3588,5
292,3181,4
292,5864,5
292,3179,5
292,3603,4
292,9565,5
292,16730,5
292,16733,5
292,3613,4
292,16759,4
292,8244,5
292,9073,2
292,5855,5
292,3805,4
292,17833,5
292,5664,5
292,11048,3
292,545,5
292,5850,4
292,17017,5
292,17451,5
292,17488,5
292,7076,5
292,17124,5
292,7086,5
292,13310,5
292,3777,5
292,10974,4
292,12020,4
292,10929,4
292,8373,4
292,624,3
292,16176,5
292,18139,5
292,10746,5
292,7881,4
292,6013,5
292,18138,5
292,2797,2
292,13800,5
292,7748,5
292,7535,5
292,6240,5
292,17024,5
292,17505,5
292,17385,5
292,7127,5
292,7840,2
292,690,4
292,7126,5
292,7125,3
292,547,4
292,16560,4
292,3168,4
292,7885,4
292,3174,5
292,8357,3
292,13555,5
292,16567,3
292,5606,4
292,16565,4
292,8354,5
292,8356,3
292,3006,3
292,7843,4
292,12019,5
292,5596,5
292,8344,4
292,7886,4
292,3178,4
292,16491,4
292,7839,5
292,16503,4
292,13545,5
292,16499,5
292,3171,3
292,13551,5
292,7842,3
292,13549,5
292,6023,4
292,12963,5
292,17470,5
292,16738,5
292,11275,5
292,17466,4
292,17366,5
292,8624,5
292,17494,5
292,11619,5
292,17373,5
292,6237,5
292,16174,5
292,20863,1
292,17022,5
292,17064,5
292,17950,5
292,756,5
292,17395,5
292,17624,5
292,17144,3
292,17382,5
292,7080,5
292,17364,5
292,2728,5
292,5669,4
292,3048,5
292,18842,5
292,17362,5
292,13353,5
292,17390,4
292,17400,5
292,17387,5
292,18586,5
292,16859,5
292,19199,5
292,17365,5
292,21883,5
292,17136,4
292,7079,5
292,17374,4
292,17924,5
292,12346,5
292,16737,4
292,13321,5
292,6125,5
292,17058,5
292,4068,5
292,5681,5
292,13767,4
292,17281,5
292,16734,5
292,19193,5
292,13763,5
292,13769,5
292,13768,5
292,15883,5
292,13788,5
292,9597,5
292,13339,5
292,12347,5
292,17086,5
292,17594,5
292,19194,5
292,6131,5
292,8304,5
292,16246,4
292,16852,5
292,8306,5
292,16469,5
292,8300,5
292,13766,5
292,13379,5
292,13374,5
292,11356,5
292,17609,5
292,5514,5
292,5702,5
292,11411,5
292,17267,5
292,17264,4
292,16882,5
292,10865,4
292,17615,5
292,17538,5
292,17933,5
292,18035,5
292,13267,5
292,5748,5
292,17622,5
292,11789,5
292,17260,5
292,17355,5
292,17287,5
292,17612,5
292,13342,5
292,17274,5
292,17288,5
292,17997,5
292,17613,5
292,19074,4
292,17280,5
292,7053,5
292,15542,5
292,7068,3
292,1727,5
292,17976,4
292,708,5
292,5753,5
292,13797,5
292,21543,5
292,13347,5
292,17991,5
292,18044,5
292,17593,5
292,7061,5
292,13794,5
292,7072,4
292,14588,5
292,7082,5
292,9666,5
292,7712,5
292,7083,4
292,17648,5
292,7066,5
292,17394,5
292,11413,4
292,12344,5
292,9885,5
292,13792,5
292,13786,5
292,10656,5
292,16894,5
292,11576,5
292,11449,5
292,2696,5
292,14585,5
292,17623,5
292,18026,5
292,11553,5
292,14316,5
292,8305,5
292,14447,5
292,11442,5
292,11416,5
292,13782,5
292,14580,5
292,7057,1
292,12336,4
292,3186,5
292,17081,5
292,5693,5
292,18735,5
292,2039,2
292,15881,4
293,823,5
293,15956,3
293,4146,5
293,7244,2
293,5926,5
293,5840,5
293,1308,4
293,13155,4
293,640,3
293,965,4
293,13661,4
293,6641,2
293,8580,5
293,3589,3
293,7258,4
293,2438,5
293,15926,4
293,6905,4
293,3267,2
293,4065,3
293,6138,2
293,3338,5
293,8047,5
293,12926,4
293,8966,5
293,8577,5
293,726,5
293,1104,5
293,14582,5
293,1805,5
293,5884,5
293,13900,5
293,5892,4
293,7994,5
293,9054,5
293,3327,4
293,2427,2
293,14622,5
293,384,5
293,13042,4
293,15475,4
293,99,4
293,17664,5
293,1073,4
293,12445,5
293,8029,4
293,5705,4
293,3920,5
293,13701,3
293,8536,5
293,9172,4
293,1807,5
293,11239,5
293,3459,4
293,3804,4
293,13091,4
293,9012,5
293,1808,5
294,5279,5
294,16864,5
294,12708,5
294,11141,5
294,17720,5
294,18226,5
294,17906,5
294,12709,5
294,17692,5
294,19096,5
294,18419,5
294,8174,5
294,1348,5
294,12839,5
294,17170,5
294,10551,5
294,17229,5
294,7002,5
294,6461,5
294,15220,5
294,7363,5
294,7377,5
294,2640,5
294,7364,5
294,7374,5
294,17040,5
294,19218,5
294,15409,5
294,18205,5
294,18005,5
294,5273,5
294,12836,5
294,5289,5
294,7372,5
294,16876,5
294,15217,5
294,19157,5
294,1629,5
294,14471,5
294,18423,5
294,8164,5
294,12361,5
294,1472,5
294,6290,5
294,17230,5
294,1734,5
294,8167,5
294,8165,5
294,1988,5
294,17710,5
294,17744,5
294,15221,5
294,17938,5
294,11862,5
294,2166,5
294,5220,5
294,10466,1
294,1470,5
294,15733,5
294,8175,5
294,11850,5
294,2180,5
294,11830,5
294,16782,5
294,1019,5
294,18034,5
295,2469,2
295,2188,4
295,16504,2
295,16495,2
295,3021,3
295,19308,4
295,8733,4
295,7667,3
295,18756,4
295,1641,4
295,8706,2
295,13007,5
295,742,3
295,1158,3
295,12490,4
295,15657,4
295,18010,4
295,14780,4
295,8991,5
295,14244,4
295,14477,4
295,11534,2
295,16904,4
295,3207,2
295,7726,4
295,11086,4
295,969,3
295,17991,4
295,11187,4
295,14224,5
295,15656,4
295,11695,5
295,16687,5
295,14246,4
295,1487,5
295,7710,5
295,4204,4
295,5471,2
295,13381,3
295,10850,5
295,11369,5
295,14253,4
295,7709,5
295,7711,4
295,11407,5
296,20013,5
296,20368,3
296,20686,2
296,20574,1
296,19770,5
296,20597,3
296,20643,4
296,20579,3
296,21020,1
296,20963,4
296,20984,5
296,20705,5
296,20690,1
296,20653,4
296,20743,5
296,20812,5
296,20687,4
296,20552,4
296,20413,5
296,19409,1
296,20402,3
296,19733,3
296,19412,5
296,20123,3
296,21228,2
296,20788,1
296,20242,2
296,21074,3
296,21497,5
296,22104,5
296,21682,3
296,20996,1
296,20290,5
296,19559,3
296,20882,4
296,20999,5
296,20933,3
296,20977,3
296,20353,5
296,20819,4
296,20118,5
296,21042,2
296,20673,3
296,20523,1
296,20435,3
296,20989,3
296,19890,5
296,20294,5
296,20503,5
296,20166,5
296,20036,5
296,20490,5
296,20420,4
296,20088,3
296,20361,5
296,19551,1
296,19328,5
296,20480,2
296,20777,3
296,19949,1
296,19752,5
296,21142,4
296,20226,5
296,20517,5
296,20313,5
296,19445,1
296,20119,3
296,11805,5
296,20217,3
296,10455,5
296,19457,5
296,20390,5
296,16763,1
296,13412,5
296,20299,5
296,20676,3
296,19907,4
296,20188,4
296,19365,5
296,19989,3
296,20624,1
296,19344,4
296,19349,1
296,20330,4
296,20412,3
296,20664,5
296,8183,1
296,20584,2
296,20386,4
296,20585,1
296,20336,1
296,20171,5
297,19145,4
297,2742,5
297,9861,3
297,15134,5
297,2574,3
297,17904,4
297,11978,5
297,9285,4
297,5924,3
297,9132,1
297,15559,4
297,3391,1
297,188,4
297,16439,4
297,14266,5
297,16302,4
297,1440,3
297,14794,2
297,17196,4
297,12843,3
297,18620,3
297,2663,4
297,14264,4
297,18347,3
297,5762,1
297,2743,4
297,16460,3
297,5792,3
297,14265,4
297,2662,4
297,8065,5
297,3399,5
297,16584,3
297,15560,5
297,7981,4
297,9536,5
298,8005,5
298,2692,5
298,14180,5
298,215,5
298,11936,5
298,13684,5
298,13708,5
298,2619,5
298,2660,5
298,4178,5
298,194,5
298,16960,5
298,6451,5
298,13119,5
298,11631,5
298,13116,5
298,13730,5
298,3611,5
298,10676,5
298,11586,5
298,2613,5
298,8962,5
298,2354,5
298,5436,4
298,9012,5
298,3259,5
298,12181,5
298,13821,5
298,8039,5
298,8066,5
298,16922,5
298,18672,5
298,4166,5
298,14493,5
298,13820,5
298,7151,5
298,895,5
298,14171,5
298,18644,5
298,5884,5
298,9251,5
298,14489,5
298,15748,4
298,13537,5
298,4824,5
298,991,5
298,13707,5
298,1140,4
298,14463,5
298,16786,5
298,5720,4
298,13831,5
298,7992,5
298,6449,5
298,9242,5
298,13723,5
298,952,5
298,5890,5
298,14167,5
298,5032,5
298,4168,5
298,11944,5
298,12285,5
298,6111,5
298,2427,5
298,17073,5
298,14573,5
298,11985,5
298,3586,5
298,447,5
298,12445,5
298,5741,5
298,13732,5
298,7921,5
298,12169,5
298,5698,5
298,14661,4
298,17575,5
298,13884,5
298,7917,5
298,10018,5
298,13105,5
298,8014,5
298,5723,5
298,11159,5
298,2735,5
298,7980,5
298,15382,5
298,9025,4
298,947,5
298,5726,5
298,16959,4
298,14997,5
298,12283,5
298,6136,5
298,8033,5
298,12677,4
299,20749,5
299,10119,4
299,20660,3
299,13597,5
299,14174,5
299,20740,5
299,20301,4
299,9465,5
299,19649,4
299,20539,5
299,20397,5
299,4763,4
299,19751,4
299,15074,3
299,20939,4
299,1820,5
299,12106,4
299,21757,3
299,2832,4
299,21800,3
299,22106,4
299,21919,3
299,21482,5
299,22219,3
299,2179,3
299,1003,3
299,11204,5
299,20979,4
299,21191,4
299,21052,4
299,10650,5
299,4724,5
299,10423,2
299,4725,4
299,4667,2
299,20058,5
299,4757,3
299,8199,5
299,6208,5
299,19842,4
299,13458,4
299,6606,4
299,13540,4
299,20127,4
299,20285,4
299,17915,5
299,10507,4
299,2928,4
299,6207,4
299,13040,5
299,1341,5
299,4963,4
299,409,1
299,12761,3
299,10166,3
299,8201,4
299,20291,5
299,2459,4
299,18324,1
299,15200,3
299,290,2
299,10266,4
300,8429,5
300,7955,5
300,19207,5
300,2687,5
300,4476,5
300,3944,5
300,4560,5
300,15696,5
300,13151,5
300,102,5
300,19213,5
300,19203,5
300,11611,5
300,4807,5
300,19190,5
300,850,5
300,18745,5
300,19201,5
300,22313,1
300,5822,5
300,16836,5
300,19227,5
300,17340,5
300,1907,5
300,14897,5
300,3900,5
300,12927,5
300,5823,5
300,15736,5
300,4556,5
300,6741,5
300,19226,5
300,18215,5
300,9396,5
300,12433,5
300,8061,5
300,1851,5
300,6065,5
300,16603,5
300,4814,5
300,5839,5
300,4143,5
300,6265,5
300,16456,5
300,19204,5
300,10349,5
300,19205,5
300,15873,5
300,18258,5
300,10319,5
300,3911,5
300,7974,5
300,7038,5
301,16130,2
301,780,5
301,4055,2
301,8598,3
301,19467,5
301,2209,3
301,8602,5
301,8600,5
301,14951,3
301,15106,3
301,16402,4
301,2268,4
301,13490,5
301,8601,5
301,3847,2
301,3626,2
301,731,1
301,13168,1
301,14126,4
301,5497,1
301,5483,1
302,3588,5
302,12491,5
302,13313,5
302,10974,5
302,12490,4
302,7870,3
302,7842,4
302,7840,3
302,12978,5
302,7862,5
302,16751,5
302,10960,3
302,19193,5
302,19194,5
302,11644,3
302,18138,5
302,7845,4
302,7865,5
302,1770,5
302,18139,5
302,18379,3
302,9660,5
302,17101,3
302,19209,5
302,1777,4
302,19164,5
302,18404,5
302,19165,5
302,5897,5
302,11556,5
302,18763,3
302,5696,5
302,740,4
302,11347,5
302,17870,5
302,16730,5
302,3599,5
302,7355,5
302,10626,5
302,12497,4
302,16025,5
302,13589,5
302,1766,5
302,15876,5
302,9421,5
302,16611,5
302,7129,5
302,7531,5
302,7748,4
302,7526,5
302,7747,5
302,13373,5
302,14413,5
302,17673,5
302,17301,5
302,17024,5
302,7826,3
302,17489,3
302,7835,4
302,1722,5
302,1706,5
302,7112,5
302,7115,3
302,10703,5
302,5192,5
302,3342,5
302,1222,4
302,9832,3
302,9527,5
302,11928,5
302,7087,5
302,7737,5
302,16176,5
302,16173,5
302,1506,5
302,1767,5
302,15708,3
302,7091,5
302,7116,5
302,17754,5
302,17651,5
302,17093,5
302,7064,5
302,17395,5
302,17468,2
302,7089,5
302,17358,5
302,17398,5
302,7056,5
302,17012,5
302,8621,2
302,18586,5
302,7061,5
302,17278,5
302,7062,5
302,17139,5
302,7085,5
302,7079,4
302,8622,5
302,11597,4
302,14970,5
302,7098,4
302,8944,3
302,2235,5
302,7900,5
302,5206,5
302,7119,5
302,6237,4
302,11275,5
302,18843,5
302,18904,5
302,17409,5
302,18841,5
302,7067,5
302,17503,5
302,1534,5
302,7072,5
302,19197,4
302,17483,3
302,9205,5
302,11277,5
302,16615,5
302,5101,5
302,3663,5
302,16304,5
302,19196,5
302,16479,3
302,5796,3
302,12200,5
302,3431,5
302,5999,3
302,476,4
302,17525,1
302,6976,3
302,13332,5
302,1701,3
302,13009,5
302,12714,5
302,17264,5
302,2748,5
302,17110,3
302,13365,5
302,16883,3
302,18039,5
302,1243,1
302,13381,5
302,15543,5
302,13366,5
302,18030,5
302,13796,5
302,13355,5
302,11576,4
302,16813,5
302,18016,5
302,13357,5
302,2730,5
303,17815,5
303,16497,4
303,679,4
303,13072,4
303,19790,4
303,4835,5
303,11913,4
303,18362,3
303,16092,4
303,10982,3
303,5114,3
303,18611,4
303,16422,3
303,9494,4
303,9170,4
303,12731,5
303,3832,5
303,10380,4
303,1951,4
303,5109,2
303,19162,4
303,13186,4
303,3620,4
303,13575,4
303,3563,4
303,19109,5
303,1678,5
303,11987,5
303,2793,5
303,1677,4
303,7023,5
303,3876,4
303,51,4
303,11677,5
303,18183,4
303,7583,4
303,1500,5
303,9639,3
303,9969,3
303,19152,5
303,6720,5
303,15826,5
303,1938,4
303,15347,5
303,15458,5
303,16383,4
303,21190,5
303,17819,4
303,8177,4
303,20770,5
303,16419,4
303,20221,4
303,21675,5
303,6665,5
303,20969,4
303,6217,3
303,19055,5
303,19355,4
303,20475,4
303,21195,4
303,20063,5
303,21394,5
303,2689,5
303,20550,4
303,19672,5
303,21176,5
303,20884,5
303,19872,4
303,20750,4
303,19942,4
303,20857,4
303,21442,4
303,20081,5
303,9628,4
303,17834,5
303,15801,4
303,17075,5
303,13499,4
303,16837,3
303,14072,4
303,17964,4
303,12975,4
303,19114,3
303,15095,3
303,14053,4
303,16074,3
303,19429,4
303,20031,5
303,20924,4
303,20926,4
303,14657,2
303,17042,5
303,20675,4
303,18668,4
304,1727,4
304,17949,4
304,17997,5
304,14943,5
304,17285,4
304,13864,4
304,17268,4
304,19013,4
304,17290,4
304,14944,4
304,11413,4
304,17363,4
304,17280,4
304,17063,5
304,13381,4
304,7712,4
304,10900,4
304,14588,4
304,7072,4
304,13376,5
304,17060,4
304,15339,3
304,17293,4
304,17368,4
304,17357,4
304,9068,4
304,7049,4
304,17336,4
304,17272,4
304,18831,5
304,13367,4
304,9315,1
304,19025,5
304,11451,5
304,2158,3
304,16877,4
304,11202,3
304,19194,5
304,16680,4
304,11367,4
304,10644,3
304,14477,4
304,17140,4
304,17531,3
304,3721,4
304,1487,4
304,21032,4
304,17281,4
304,17645,4
304,4217,3
304,17374,4
304,16534,3
304,6413,3
304,7715,4
304,3680,3
304,11712,3
304,12956,3
304,5129,4
304,13003,4
304,18612,3
304,11715,4
304,16554,3
304,3778,3
304,16551,3
304,16546,4
304,16552,4
304,1642,4
304,16547,3
304,19645,3
304,12322,3
304,6206,3
304,16073,4
304,17370,5
304,16486,2
304,10765,4
304,624,4
304,7716,5
304,17277,5
304,17362,4
304,17394,4
304,14680,4
304,666,4
304,17372,4
304,17375,4
304,21735,3
304,5982,4
304,17387,4
304,17382,4
304,17364,4
304,17923,4
304,13379,5
304,17380,5
304,631,3
304,17388,4
304,13629,2
304,8857,4
304,21540,5
304,5610,3
304,10820,5
304,17392,4
304,17431,5
304,14013,4
304,2728,4
304,7845,3
304,17390,4
304,15928,4
304,7850,5
304,7862,4
304,8339,3
304,12963,5
304,7827,3
304,13568,3
304,13567,3
304,13461,4
304,8352,3
304,13548,3
304,772,3
304,16316,5
304,1996,2
304,7865,4
304,12978,4
304,7873,4
304,4945,3
304,10750,4
304,5612,4
304,3686,3
304,10744,4
304,7822,4
304,10810,4
304,13571,3
304,2028,4
304,13542,4
304,716,4
304,7866,4
304,2974,4
304,16502,4
304,16778,3
304,13545,4
304,5109,3
304,2339,3
304,2975,4
304,10785,4
304,1981,4
304,13544,3
304,8349,3
304,13546,3
304,9160,3
304,10798,4
304,12386,3
304,7084,4
304,6606,3
304,7859,4
304,7870,4
304,11694,4
304,3689,4
304,733,3
304,759,3
304,13541,4
304,10790,4
304,3694,3
304,16505,4
304,3406,4
304,10787,4
304,700,4
304,381,3
304,16490,3
304,7833,4
304,5946,3
304,5588,4
304,16497,4
304,7848,4
304,16539,4
304,7826,4
304,10953,2
304,10763,3
304,713,4
304,534,4
304,12790,3
304,11430,3
304,11004,4
304,5084,4
304,8958,4
304,8220,4
304,2336,4
304,10768,4
304,16426,4
304,16501,3
304,2708,3
304,3563,3
304,12030,4
304,10984,4
304,10747,3
304,10771,4
304,15808,3
304,15848,3
304,10743,3
304,17167,3
304,13572,5
304,6089,4
304,6572,4
304,9170,3
304,725,4
304,9412,4
304,2950,3
304,13543,4
304,2973,3
304,13612,3
304,8221,3
304,9169,4
304,10822,4
304,15612,3
304,16128,4
304,3667,4
304,13312,5
304,16812,3
304,5709,3
304,17164,3
304,3706,3
304,1931,4
304,10973,4
304,2049,4
304,9067,4
304,3707,4
304,11027,3
304,3681,4
304,10985,4
304,3011,2
304,6096,2
304,8370,4
304,14472,4
304,16902,4
304,15812,3
304,16473,3
304,9041,2
304,13579,4
304,4061,4
304,3699,4
304,13394,4
304,3710,3
304,5639,4
304,13592,4
304,10826,3
304,4044,3
304,5622,3
304,12703,3
304,10913,4
304,8358,3
304,10828,5
304,512,4
304,11090,4
304,16730,4
304,3009,3
304,2337,4
304,13020,3
304,16662,3
304,5656,2
304,3705,2
304,5428,3
304,5594,3
304,15845,4
304,5611,3
304,817,3
304,11347,5
304,13659,3
304,17600,4
304,6098,4
304,17844,4
304,839,4
304,804,2
304,18756,4
304,898,2
304,17845,5
304,3693,4
304,20754,5
304,7690,2
304,10714,4
304,16904,4
304,11076,4
304,17082,5
304,9658,4
304,16900,4
304,3100,4
304,11072,3
304,13987,3
304,20187,3
304,17848,3
304,4986,3
304,9419,4
304,16709,3
304,7688,2
304,6095,4
304,17150,3
304,14053,2
304,10823,4
304,10769,4
304,13516,3
304,10946,3
304,3012,4
304,8374,3
304,10854,4
304,10849,4
304,6533,4
304,5617,4
304,3015,3
304,10662,2
304,11053,4
304,12971,4
304,5747,3
304,14531,3
304,1791,4
304,4071,4
304,11016,4
304,6103,3
304,21312,4
304,10701,3
304,17599,3
304,13995,3
304,4222,4
304,11071,4
304,4223,3
304,11453,3
304,13993,3
304,11443,4
304,15803,4
304,14476,4
304,12365,4
304,17634,4
304,5740,4
304,11370,4
304,13436,4
304,2753,4
304,16705,3
304,10876,3
304,12363,3
304,8265,3
304,14243,4
304,18035,3
304,17953,4
304,1795,2
304,4173,4
304,8991,4
304,11201,3
304,13164,4
304,5470,3
304,16548,4
304,17994,3
304,10824,4
304,792,3
304,10699,2
304,11372,4
304,9192,3
304,906,3
304,15811,2
304,11573,4
304,8634,3
304,13343,4
304,16879,4
304,13352,3
304,8636,4
304,13650,4
304,6570,3
304,14703,2
304,5668,4
304,17956,3
304,3439,4
304,691,2
304,20219,3
304,20360,4
304,461,4
304,4013,3
304,8638,3
304,13990,3
304,765,3
304,16751,4
304,13500,3
304,3698,4
304,5629,3
304,18669,4
304,10994,2
304,10804,4
304,10754,4
304,10799,4
304,13607,4
304,5635,3
304,13556,3
304,10933,2
304,6576,3
304,9048,2
304,16843,2
304,5655,3
304,9050,2
304,774,2
304,10979,2
304,13603,4
304,732,2
304,3048,3
304,6090,3
304,14233,4
304,4060,4
304,9066,4
304,14240,4
304,13233,3
304,9215,4
304,18405,3
304,10989,3
304,521,2
304,13552,3
304,755,4
304,15795,4
304,681,3
304,12340,3
304,5618,4
304,5987,3
304,5613,4
304,12995,2
304,3538,3
304,5879,4
304,10817,4
304,10637,4
304,18696,4
304,1437,2
304,9408,3
304,11145,3
304,11353,4
304,16647,4
304,14181,2
304,19192,3
304,945,4
304,4072,3
304,14228,4
304,14227,4
304,14309,4
304,921,4
304,10870,4
304,10869,4
304,14090,3
304,7223,4
304,11586,4
304,14229,4
304,5676,4
304,11352,4
304,8984,5
304,11354,3
304,17158,3
304,17595,2
304,14114,4
304,1435,3
304,2019,3
304,3006,2
304,8986,4
304,17163,4
304,14117,3
304,7697,3
304,14210,4
304,5745,3
304,8985,4
304,4073,3
304,17159,3
304,13622,4
304,16743,4
304,14690,4
304,4091,3
304,19210,4
304,17181,4
304,5079,2
304,4087,4
304,1789,4
304,17162,3
304,11365,4
304,10635,4
304,4192,4
304,14525,3
304,17926,3
304,13430,4
304,11358,3
304,8414,3
304,14401,3
304,11151,4
304,10564,4
304,5011,3
304,933,3
304,17605,4
304,17976,4
304,2617,4
304,869,3
304,1574,4
304,17534,4
304,5732,3
304,3013,3
304,15679,4
304,14231,4
304,5710,4
304,2740,3
304,8529,4
304,2739,4
304,11051,3
304,15617,3
304,10680,4
304,5737,4
304,2738,3
304,5694,4
304,18363,4
304,10691,5
304,18736,4
304,9430,4
304,11093,3
304,9443,2
304,16101,4
304,9436,4
304,14451,4
304,16793,4
304,5729,4
304,1579,4
304,5707,3
304,10650,3
304,10851,4
304,20753,3
304,15882,4
304,887,4
304,8380,4
304,15614,3
304,3711,2
304,4080,2
304,10841,4
304,14209,2
304,18784,3
304,16553,4
304,11346,3
304,12713,4
304,4074,4
304,4083,4
304,17537,4
304,16903,4
304,16699,3
304,13969,4
304,6077,4
304,840,3
304,13599,3
304,16987,4
304,5682,4
304,2616,4
304,3701,3
304,16668,4
304,10641,3
304,8430,4
304,1774,4
304,6135,3
304,10707,4
304,3330,4
304,18364,3
304,13880,3
304,10629,4
304,13965,3
304,5696,5
304,8256,3
304,17118,4
304,12360,3
304,11127,3
304,17085,5
304,17865,3
304,12983,3
304,11119,3
304,4075,5
304,11132,3
304,18387,3
304,10871,5
304,4465,3
304,16990,4
304,11351,4
304,7552,3
304,11115,4
304,15768,4
304,10622,3
304,17156,4
304,13968,3
304,524,4
304,11077,3
304,18785,4
304,4460,4
304,16661,4
304,17829,4
304,18806,3
304,5700,3
304,9663,4
304,18900,4
304,11348,4
304,14225,3
304,16514,3
304,15884,4
304,14212,4
304,5605,4
304,5442,4
304,9069,4
304,17827,4
304,8379,3
304,4184,4
304,5684,3
304,17437,4
304,5897,4
304,13860,3
304,17152,4
304,13534,4
304,17846,3
304,15434,3
304,11559,4
304,17529,3
304,17835,4
304,17220,4
304,17944,4
304,17206,4
304,5006,4
304,21685,2
304,22240,3
304,17406,4
304,17427,4
304,9222,4
304,21829,2
304,21533,4
304,17456,5
304,13338,4
304,900,3
304,17006,5
304,21944,3
304,11482,3
304,2737,3
304,13432,3
304,13788,4
304,11564,4
304,14502,4
304,13790,5
304,4204,3
304,13758,4
304,10718,3
304,16078,3
304,11181,4
304,14478,3
304,17182,3
304,14124,4
304,14241,4
304,18835,3
304,16679,3
304,10656,4
304,18441,4
304,7451,4
304,5155,3
304,12087,3
304,8397,4
304,5920,5
304,9657,4
304,13895,4
304,5704,2
304,16870,4
304,17458,4
304,11361,4
304,4203,4
304,18750,3
304,12034,4
304,10949,4
304,12032,4
304,11355,4
304,13336,5
304,11359,4
304,11363,4
304,11364,4
304,13342,4
304,12121,3
304,8517,4
304,15284,3
304,17222,5
304,4937,2
304,8519,3
304,2946,4
304,13028,4
304,9356,4
304,3206,4
304,1254,2
304,18623,4
304,13205,4
304,483,4
304,13360,3
304,15702,4
304,7442,3
304,4280,2
304,2195,4
304,7105,3
304,2545,3
304,15320,5
304,8521,4
304,13757,4
304,11426,4
304,8402,3
304,11278,5
304,21765,3
304,10892,4
304,11613,5
304,17451,4
304,17790,4
304,17022,5
304,10904,3
304,15280,4
304,10855,4
304,21608,3
304,7724,4
304,17467,4
304,15707,4
304,7734,5
304,15705,4
304,7722,4
304,17504,4
304,7735,4
304,21290,3
304,7727,5
304,21909,4
304,21727,2
304,21728,3
304,16177,4
304,22190,2
304,22187,2
304,22169,4
304,7101,2
304,21941,2
304,21607,2
304,7744,4
304,17028,5
304,21830,4
304,7721,4
304,20149,3
304,22095,3
304,21982,3
304,15706,4
304,13777,4
304,21793,2
304,21283,3
304,17503,5
304,7725,5
304,4213,3
304,22028,4
304,17952,3
304,14480,3
304,13784,4
304,13783,4
304,13776,4
304,10653,4
304,20730,3
304,5644,2
304,14226,4
304,13991,2
304,17161,4
304,13267,4
304,8301,4
304,12035,4
304,8305,4
304,17635,2
304,8306,4
304,13765,4
304,11102,2
304,13778,4
304,13350,4
304,17482,3
304,13780,4
304,21521,3
304,22013,2
304,21967,3
304,20957,4
304,16615,4
304,20544,4
304,19820,4
304,16813,3
304,13779,4
304,14452,4
304,17947,4
304,13759,4
304,14287,5
304,13986,3
304,13983,3
304,5018,4
304,8533,4
304,16681,3
304,16814,3
305,14852,5
305,10041,5
305,10039,1
305,9317,5
305,18187,5
305,6236,5
305,9471,5
305,10450,2
305,10142,5
305,7521,5
305,10023,5
305,6225,5
305,18086,3
305,6723,5
305,18206,4
305,10995,5
305,4,5
305,10204,5
305,18081,5
305,13618,5
305,9174,4
305,721,5
305,17910,5
305,3374,5
305,8597,5
305,7520,5
305,15428,5
305,5154,5
305,8596,5
305,12352,5
305,3375,3
305,5152,5
306,279,4
306,3594,5
306,3863,5
306,17633,5
306,12007,4
306,4111,5
306,10835,2
306,12923,5
306,9071,4
306,17855,5
306,824,5
306,4609,5
306,4891,5
306,2871,5
306,4359,5
306,2556,5
306,5335,5
306,3903,5
306,745,5
307,13150,5
307,14542,5
307,14762,5
307,5274,5
307,5248,5
307,5261,5
307,14789,5
307,18674,5
307,15248,5
307,5285,5
307,14613,5
307,10541,5
307,17904,5
307,15245,5
307,17905,5
307,1436,5
307,10540,5
307,1467,5
307,15247,5
307,15249,5
307,17696,5
307,18851,5
307,10615,5
307,5276,5
307,18073,5
307,21848,5
307,5263,5
307,18069,5
307,18064,5
307,18053,5
307,18999,5
307,19092,5
307,19214,5
307,17705,5
307,19002,5
308,326,3
308,4306,3
308,4296,3
308,11910,3
308,2956,4
308,16296,4
308,15358,3
308,9272,2
308,2230,3
308,4313,3
308,4312,3
308,1549,3
308,18639,5
308,11907,3
308,1280,3
308,6708,5
308,8389,4
308,6171,4
308,9373,4
308,5616,4
308,11869,3
308,7435,3
308,244,3
308,3974,4
308,2203,3
308,2384,3
308,2197,3
308,1136,3
308,10289,3
308,6174,3
308,3978,4
308,7493,4
308,4648,4
308,4304,3
308,4292,3
308,2905,4
308,6172,4
308,2215,3
308,10311,4
308,1850,3
308,4299,3
308,4285,4
308,10285,4
308,2208,4
308,4281,3
308,1837,4
308,4258,3
308,6160,3
309,5650,5
309,13720,4
309,14442,5
309,10713,4
309,13790,4
309,13791,5
309,3110,3
309,3567,5
309,5468,3
309,13680,5
309,4162,4
309,13096,5
309,11577,4
309,3759,3
309,382,4
309,9895,4
309,8635,3
309,12080,3
309,15865,4
309,3475,4
309,9163,4
309,3536,5
309,12443,4
309,11579,3
309,15846,5
309,19619,4
309,17553,5
309,11545,4
309,8531,2
309,19078,3
309,14295,5
309,11414,1
309,17958,5
309,11891,5
309,17420,5
309,4898,3
309,17390,5
309,589,4
309,11217,4
309,14505,3
309,19077,4
309,11437,5
309,1631,4
309,13666,5
309,14250,3
309,16886,4
309,730,5
309,17311,2
309,14700,4
309,17642,5
309,16977,3
309,5418,5
309,2684,4
309,17447,3
309,3791,2
309,5752,5
309,2549,5
309,4028,3
309,17481,5
309,11894,4
309,11878,3
309,3402,3
309,1398,4
309,7088,5
309,4191,4
309,11888,5
309,11895,3
309,19653,3
309,5535,5
309,2485,5
309,11896,4
309,19614,4
309,16368,4
309,11170,4
309,2181,4
309,4666,4
309,14680,3
309,8328,4
309,11615,4
309,17648,4
309,11422,4
309,17316,3
309,17458,5
309,4173,3
309,2158,3
309,9212,3
309,18425,3
309,2457,4
309,11903,4
309,17450,4
309,531,2
309,11882,3
309,11782,4
309,3339,4
309,5419,5
309,8450,4
310,17904,5
310,12377,5
310,15145,5
310,12370,5
310,12372,5
310,5222,3
310,16149,5
310,12374,5
310,12371,5
310,18796,5
310,15938,5
310,15937,5
310,15939,5
310,16150,5
310,20943,5
310,15754,5
310,12380,5
310,16645,5
310,15147,5
310,12373,5
310,14262,5
310,12379,5
310,16644,5
310,10468,5
310,14260,5
310,12378,5
310,15753,5
310,15758,5
310,15755,5
310,3379,5
310,13005,5
310,12992,5
310,14261,5
311,13510,5
311,2184,5
311,19729,1
311,4328,5
311,2478,4
311,16387,5
311,17915,4
311,13483,5
311,13051,4
311,4238,1
311,13041,5
311,15846,3
311,19395,5
311,21707,4
311,18831,5
311,772,4
311,484,5
311,21361,5
311,21957,5
311,13472,5
311,20836,5
311,22219,5
311,20068,3
311,21460,5
311,2992,4
311,20829,3
311,5372,3
311,2966,5
311,1463,1
311,19828,5
311,376,4
311,19912,3
311,19597,5
311,10708,5
311,19418,1
311,11811,5
311,835,5
311,14403,5
312,9605,4
312,16763,1
312,6821,4
312,465,4
312,9604,4
312,13414,5
312,7385,4
312,3510,5
312,4100,5
312,20910,5
312,20735,5
312,20384,5
312,3502,4
312,15487,4
312,11943,2
312,1800,5
312,21339,5
312,12815,5
312,20599,5
312,20570,5
312,12826,5
312,1799,5
312,19297,5
312,13462,5
312,20529,5
312,10076,5
312,19263,4
313,21932,3
313,17347,3
313,21145,3
313,20701,3
313,17357,5
313,5795,4
313,14763,5
313,6229,4
313,18906,5
313,16527,5
313,2583,4
313,17050,4
313,5755,5
313,10617,3
313,14545,5
313,12418,4
313,13706,5
313,4039,3
313,13076,4
313,5803,3
313,6277,4
313,13874,3
313,6885,5
313,18555,5
313,8560,5
313,14561,5
313,15579,4
313,13886,5
313,13703,5
313,13841,5
313,14380,5
313,2431,4
313,20685,5
313,2480,4
313,13842,3
313,4440,4
313,6782,3
313,9535,3
313,14578,4
313,13667,5
313,17562,5
313,13249,3
313,13419,5
313,3238,4
313,9480,5
313,13657,5
313,7994,5
313,20311,5
313,18718,5
313,9531,5
313,10470,4
313,20610,3
313,4516,5
313,16810,5
313,4818,5
313,13916,5
313,12419,5
313,5851,5
313,16525,5
313,8992,5
313,2370,5
313,13454,5
313,48,4
313,5842,5
313,93,5
313,10319,5
313,14885,3
313,16187,5
313,20875,5
313,47,4
313,9101,5
313,12211,5
313,18230,5
313,17528,4
313,215,4
313,12274,5
313,15445,5
313,14398,3
313,9359,5
313,18716,5
313,9926,5
313,4500,5
313,5870,5
313,16526,5
313,6269,4
314,6771,5
314,6345,5
314,12176,5
314,228,5
314,1368,5
314,16365,5
314,5184,5
314,7314,5
314,13836,3
314,16347,5
314,1005,4
314,14044,5
314,22279,4
314,7261,5
314,16349,5
314,22192,5
314,16019,5
314,18953,5
314,19087,5
314,16348,5
314,14119,5
314,15997,5
314,16060,4
314,15998,5
314,20262,4
314,17079,5
314,22314,5
314,14515,5
314,18538,5
314,18273,5
314,15403,3
314,16648,5
314,21289,5
314,19977,5
314,4603,5
314,6540,5
314,10548,5
314,12991,5
314,8057,3
314,16915,5
314,9518,4
314,6146,5
314,8601,5
314,19099,5
314,4629,5
314,8600,5
314,2741,5
314,5730,5
314,12811,5
314,17585,5
314,5026,5
314,5517,5
314,13712,5
314,11251,5
314,2916,5
314,6939,5
314,11431,5
314,17655,5
314,19010,5
314,19090,5
314,22199,3
314,2738,5
315,6180,4
315,9134,5
315,12129,4
315,12108,3
315,2183,4
315,460,5
315,610,5
315,16000,5
315,4675,5
315,213,4
315,6509,4
315,18222,5
315,12722,5
315,15759,4
315,15839,4
315,2454,4
315,1888,4
315,15427,1
315,19834,4
315,108,5
315,6535,5
315,2444,4
315,8273,4
315,2538,3
315,2462,4
315,2223,4
315,8589,5
315,13171,4
315,12766,1
315,15791,4
315,12583,3
315,2026,5
315,2931,4
315,1493,4
315,13058,5
315,8392,2
315,15831,4
315,18545,4
315,4703,2
315,4299,4
315,16455,3
315,3313,4
315,6584,5
315,406,3
315,11698,5
315,5416,5
315,1895,4
315,14887,5
315,12118,5
315,443,4
315,12849,4
315,2224,5
315,7977,5
315,2235,4
315,7517,4
315,1901,3
315,8297,5
315,12137,4
315,12763,4
315,11738,4
315,16164,3
315,12133,4
315,12117,3
315,7479,5
315,6583,4
315,12575,4
315,2213,4
315,2919,3
315,455,5
315,7391,4
315,12457,4
315,219,4
315,15061,5
315,12720,3
315,2899,5
315,12095,4
315,2253,5
315,12078,5
315,12737,5
315,11889,4
315,12136,5
315,12624,4
315,2442,4
315,6594,5
315,172,4
315,12850,4
315,12702,4
315,15322,5
315,12579,3
315,11687,4
315,6599,4
315,11682,5
315,3757,4
315,16470,3
315,5936,5
315,9036,4
315,12239,4
315,12204,5
315,12878,5
315,1977,5
315,4556,5
315,1533,4
315,15829,5
315,7973,5
315,16454,5
315,1407,5
315,1825,4
315,2509,5
315,515,5
315,3995,5
315,6596,4
315,11684,4
315,16219,2
315,625,5
315,1477,2
315,3840,5
315,7043,5
315,12104,4
315,12578,4
315,6591,5
315,15140,4
315,19779,4
315,1946,4
315,11681,4
315,6199,4
315,454,4
315,19229,4
315,401,5
315,3462,4
315,5104,5
315,12848,4
315,11737,4
315,314,5
315,11806,5
315,313,5
315,4329,4
315,2475,5
315,7518,4
315,16162,4
315,377,4
315,5103,5
315,3625,4
315,3537,4
315,2947,4
315,19596,4
315,1830,5
315,3654,4
315,1816,3
315,7516,4
315,3672,5
315,1876,4
315,477,5
315,14890,5
315,577,3
315,15792,5
315,8295,3
315,15585,4
315,6201,4
315,3632,4
315,12871,2
315,2309,4
315,2257,4
315,11673,4
315,613,4
315,1985,4
315,866,5
315,14526,4
315,9434,3
315,8035,5
315,799,2
315,5731,2
315,9438,5
315,914,5
315,6099,4
315,18066,5
315,969,4
315,16633,4
315,955,2
315,17181,5
315,7253,5
315,17163,3
315,14469,5
315,14647,5
315,6190,5
315,6622,3
315,11064,5
315,14628,5
315,323,4
315,724,5
315,2561,4
315,1474,1
315,11735,5
315,4266,3
315,14643,5
315,14618,5
315,10663,5
315,1315,5
315,5641,3
315,6752,5
315,916,4
315,3701,5
315,16518,5
315,12431,4
315,5549,4
315,22034,4
315,3499,5
315,70,2
315,728,5
315,226,5
315,1361,4
315,6105,4
315,14088,4
315,11692,5
315,18403,3
315,9407,5
315,14549,5
315,15857,4
315,11165,4
315,8033,5
315,2654,4
315,885,4
315,10652,4
315,3568,4
315,12879,3
315,14099,4
315,10718,4
315,4096,5
315,3014,4
315,15855,5
315,12590,4
315,3227,5
315,13534,4
315,11650,4
315,21921,3
315,10088,5
315,17275,2
315,18995,4
315,11424,5
315,7083,4
315,17382,2
315,19030,3
315,21627,3
315,21667,5
315,14640,5
315,14638,5
315,9663,5
315,13799,5
315,21738,4
315,14627,4
315,21747,3
315,4056,5
315,7082,4
315,2642,4
315,14305,4
315,14637,4
315,11175,5
315,3861,5
315,1021,4
315,5505,4
315,11160,4
315,8050,3
315,8049,4
315,2630,4
315,1001,3
315,14528,4
315,11193,4
315,8031,4
315,7052,5
315,17059,3
315,8431,5
315,4366,4
315,5482,4
315,14634,5
315,14621,4
315,14641,4
315,14704,4
315,7244,5
315,5496,2
315,17860,5
315,16679,5
315,8034,5
315,8009,5
315,12592,3
315,17561,4
315,12593,5
315,970,3
315,11170,4
315,15778,4
315,1989,4
315,5481,4
315,12594,5
315,967,5
315,7243,4
315,942,4
315,14091,2
315,5712,3
315,5009,5
315,1266,5
315,8023,5
315,3841,5
315,18853,5
315,8052,5
315,8051,5
315,8878,4
315,14138,4
315,4574,4
315,11192,4
315,4092,4
315,19012,4
315,11986,4
315,8874,4
315,14632,1
315,9641,3
315,20697,5
315,5728,3
315,4089,4
315,10109,5
315,12516,3
315,5740,4
315,13822,5
315,1434,5
315,647,4
315,13484,3
315,5124,5
315,8858,3
315,13179,4
315,786,2
315,2035,4
315,3692,4
315,11686,3
315,10764,5
315,13251,5
315,10734,5
315,8161,4
315,3694,5
315,2593,4
315,20878,4
315,12587,5
315,9080,4
315,1993,5
315,8334,4
315,20197,4
315,1828,4
315,20135,3
315,8011,4
315,4040,3
315,13585,4
315,594,3
315,2043,3
315,3487,2
315,15851,5
315,3989,3
315,18638,5
315,16094,4
315,14631,5
315,20119,4
315,6611,5
315,8020,5
315,11707,4
315,13626,3
315,13233,4
315,2566,5
315,794,3
315,791,4
315,730,4
315,9048,5
315,20228,4
315,6604,4
315,15823,4
315,9420,5
315,13043,4
315,12919,3
315,7519,3
315,3859,4
315,3731,3
315,2220,5
315,12872,4
315,12750,5
315,6350,2
315,16622,4
315,2051,4
315,13169,4
315,642,3
315,13607,4
315,16163,2
315,4846,5
315,6245,4
315,1114,4
315,13488,4
315,700,4
315,4855,4
315,6609,5
315,16777,5
315,7824,3
315,13178,5
315,10969,4
315,16426,4
315,16410,5
315,19302,4
315,9158,5
315,3277,5
315,674,5
315,1479,4
315,2471,5
315,3560,4
315,9391,5
315,1440,4
315,16639,4
315,10761,4
315,513,5
315,683,4
315,1934,4
315,2467,5
315,13481,5
315,6078,4
315,15812,5
315,763,4
315,5071,5
315,4314,4
315,6093,3
315,16626,4
315,752,4
315,800,5
315,16853,3
315,13468,4
315,8864,5
315,11024,3
315,11013,5
315,11700,5
315,13527,4
315,13524,4
315,16627,2
315,4048,4
315,11023,3
315,353,5
315,334,5
315,5542,5
315,3704,5
315,3834,5
315,7511,3
315,2448,5
315,16095,4
315,196,3
315,15195,5
315,7247,4
315,14629,5
315,12113,5
315,21943,2
315,17322,4
315,11323,4
315,14645,5
315,16173,5
315,17492,5
315,4281,3
315,218,5
315,13476,3
315,7397,4
315,6567,5
315,4050,4
315,16957,5
315,13061,4
315,10993,5
315,14082,3
315,3533,4
315,12458,2
315,3653,5
315,11804,4
315,3987,3
315,15420,5
315,16402,4
315,9051,5
316,7244,5
316,13096,5
316,6760,5
316,3593,5
316,6117,5
316,349,5
316,9324,5
316,5436,5
316,4211,5
316,3903,5
316,4980,5
316,5795,5
316,2736,5
316,14170,5
316,4463,5
316,17542,5
316,13112,5
316,9012,5
316,4146,5
316,17684,5
316,4181,5
316,8023,5
316,135,5
316,4807,5
316,12181,5
316,6311,4
316,14499,5
316,5810,5
316,13837,3
316,3010,5
316,14180,5
316,6234,5
316,11638,5
316,6141,5
316,17567,5
317,10724,5
317,4043,4
317,2292,5
317,2521,5
317,15642,5
317,15921,5
317,5818,5
317,4848,5
317,4132,5
317,13690,4
317,5662,5
317,5456,5
317,16761,5
317,12536,5
317,16014,5
317,10349,5
317,4046,5
317,5894,4
317,2228,5
317,7967,5
317,13875,5
317,12949,5
317,15740,5
317,15564,5
317,7829,4
317,9001,4
317,6638,4
317,6128,5
317,5860,5
317,5440,5
317,5848,4
317,7283,5
317,12822,5
317,108,4
317,7282,4
317,7281,4
317,7278,4
317,11050,5
317,12389,5
317,3253,4
317,19312,5
317,8026,5
317,7276,5
317,7958,5
317,4528,5
317,13672,5
317,6888,5
317,8040,5
317,508,4
317,1363,5
317,7032,5
317,18562,5
317,9117,4
317,19874,4
317,9254,5
317,9243,5
317,5457,5
317,18381,5
317,8994,5
317,1364,5
317,841,4
317,14868,4
317,8020,5
317,14863,5
317,2571,5
317,13099,5
317,14873,5
317,3231,5
317,823,4
317,12170,4
317,16189,5
317,9110,4
317,1482,5
317,843,5
317,842,5
317,2587,4
317,5573,5
317,215,5
317,3232,5
317,14989,5
317,4078,4
317,1309,5
317,4521,4
317,12946,5
317,2626,5
317,16919,5
317,9546,5
317,6266,5
317,4122,5
317,3799,5
317,2439,5
317,12928,5
317,13101,5
317,9233,5
317,4819,5
317,13699,5
317,4135,5
317,6256,5
317,14996,4
317,4052,4
317,9250,5
317,11968,4
317,11139,5
317,15474,5
317,6695,5
317,16913,4
317,3248,5
317,13696,5
317,3964,5
317,18253,5
317,4081,5
317,9529,5
317,13107,4
317,936,5
317,8024,5
317,1530,5
317,2683,3
317,11143,5
317,5863,4
317,18408,5
317,16927,5
317,15381,5
317,17876,4
317,14484,5
317,5441,5
317,8046,5
317,5708,5
317,8954,5
317,10685,5
317,18280,5
317,125,5
317,16906,5
317,11958,4
317,7815,4
317,9166,5
317,17550,5
317,18125,5
317,6139,5
317,9116,5
317,4618,5
317,908,5
317,11112,5
317,15999,4
317,13661,5
317,8045,5
317,16956,5
317,13714,5
317,5705,5
317,17045,5
317,16192,5
317,16390,5
317,16017,5
317,8025,5
317,5880,4
317,6126,5
317,9247,4
317,15379,4
317,8017,5
317,14995,4
317,480,5
317,5592,4
317,3264,5
317,14065,5
317,15563,5
317,15995,5
317,15123,5
317,16924,5
317,12188,5
317,11586,5
317,15565,4
317,5723,5
317,13707,5
317,8015,5
317,6872,5
317,12406,4
317,860,5
317,20881,4
317,17874,5
317,8036,5
317,3275,4
317,9275,4
317,18124,5
317,11916,5
317,8018,5
317,12278,4
317,4065,5
317,848,5
317,10669,3
317,9173,5
317,15473,5
317,6473,4
317,12898,4
317,17875,5
317,3601,5
317,13673,4
317,13399,5
317,14997,5
317,1381,5
317,6565,5
317,6783,5
317,12267,5
317,16955,5
317,12678,4
317,9023,4
317,8974,4
317,6578,4
317,2581,5
317,10502,4
317,5032,5
317,15175,5
317,11974,4
317,4467,5
317,8016,5
317,8012,5
317,6025,5
317,13688,5
317,9544,5
317,13401,5
317,12891,5
317,9016,5
317,15378,4
317,13110,5
317,13716,5
317,10185,5
317,6114,5
317,4984,5
317,4069,5
317,16921,5
317,12274,5
317,3589,4
317,5905,5
317,12929,4
317,15992,5
317,4139,5
317,9144,4
317,11032,5
317,2690,5
317,7017,5
317,16289,5
317,12281,5
317,1548,5
317,14062,5
317,16186,5
317,16920,4
317,6895,5
317,2649,5
317,17001,5
317,12913,4
317,13593,4
317,10976,5
317,162,4
317,13820,4
317,8971,5
317,1319,5
317,9012,3
317,17546,4
317,1378,4
318,11333,5
318,22115,5
318,22033,4
318,11259,4
318,19037,5
318,22017,4
318,11265,4
318,6368,4
318,6322,5
318,22052,5
318,1060,5
318,3055,5
318,22121,5
318,17223,4
318,17737,5
318,6356,5
318,22142,5
318,21769,5
318,21642,5
318,11244,5
318,21670,4
318,17384,5
318,17730,5
318,1023,4
318,11153,5
318,6360,4
318,19071,4
318,21738,5
318,19067,5
318,21801,5
318,19040,4
318,4095,5
318,13908,5
318,5505,5
318,13491,5
318,21892,5
318,1070,5
318,17385,5
318,21557,5
318,22203,5
318,21646,5
318,12923,5
318,3445,5
318,18955,5
318,14503,5
318,22215,4
318,17225,4
318,17337,4
318,6382,4
318,22253,5
318,22241,4
318,6330,4
318,11280,4
318,19068,5
318,11342,5
318,14673,4
318,20335,5
318,6388,5
318,19042,5
318,6384,4
318,17515,5
318,17738,5
319,9107,1
319,6006,5
319,4491,1
319,1114,4
319,8507,3
319,4490,5
319,6811,1
319,6255,5
319,20068,2
319,20734,5
319,1867,2
319,6685,5
319,7267,4
319,17257,3
319,7302,1
319,3361,5
319,237,4
319,6776,5
319,15609,3
319,2798,1
319,16309,3
319,3533,1
319,12108,5
319,1245,5
319,1979,5
319,4633,5
319,11643,5
319,8831,5
319,3226,5
319,1840,2
320,17856,4
320,4236,4
320,384,4
320,8554,4
320,1425,4
320,4433,3
320,29,4
320,11089,4
320,418,5
320,11703,5
320,8553,4
320,13917,5
320,3707,5
320,10997,4
320,6055,3
320,715,4
320,8511,4
320,11031,5
320,286,4
320,778,4
320,6659,4
320,18597,4
320,4446,4
320,779,4
320,19522,5
320,15893,4
320,13184,4
320,6320,2
320,7244,2
320,4935,4
320,474,4
320,723,3
320,2008,4
320,6799,5
320,13490,2
320,11069,3
320,18418,4
320,8518,3
320,3341,5
320,13475,4
320,2484,5
320,19924,3
320,8854,4
320,3346,3
320,6203,5
320,10776,4
320,1857,3
320,12026,5
320,6519,5
320,264,4
320,19304,4
320,6669,4
320,19936,4
320,6830,4
320,2874,4
320,3679,4
320,4756,4
320,6072,5
320,8520,4
320,4278,5
320,15078,3
320,19527,4
320,5967,3
320,16532,4
320,584,3
320,1884,4
320,20084,5
320,7911,3
320,9922,4
320,19882,4
320,20275,5
320,19871,3
320,8514,5
320,8526,4
320,8515,4
320,10825,4
320,8317,4
320,3652,4
320,16788,4
320,1823,4
320,9037,4
320,4426,4
320,2383,4
320,9066,4
320,9919,5
320,6701,3
320,9921,4
321,16700,1
321,12999,4
321,16245,2
321,12181,3
321,11585,5
321,13794,4
321,13795,3
321,16246,3
321,20176,1
321,17414,4
321,17976,4
321,17993,4
321,3723,3
321,238,3
321,4395,3
321,13902,5
321,13999,1
321,14580,4
321,13339,5
321,7079,4
321,7062,5
321,17354,4
321,18830,5
321,5736,5
321,4947,3
321,17418,4
321,7091,5
321,7083,2
321,17281,4
321,7055,3
321,7056,5
321,11438,5
321,13764,4
321,18842,4
321,13375,5
321,13371,5
321,6199,4
321,477,4
321,3654,3
321,13040,5
321,7085,3
321,3337,5
321,16513,4
321,7476,3
321,445,3
321,2608,4
321,7682,3
321,677,4
321,7693,2
321,1971,4
321,15822,4
321,18652,1
321,19989,3
321,11691,3
321,7670,1
321,7668,1
321,3643,4
321,10961,3
321,12741,4
321,6194,4
321,7060,5
321,9414,4
321,2227,4
321,7482,4
321,656,3
321,1918,5
321,18900,5
321,154,2
321,16702,2
321,14102,2
321,13498,3
321,4983,1
321,7779,5
321,17499,4
321,6544,4
321,18918,5
321,11555,5
322,15448,5
322,1809,4
322,7785,5
322,3894,5
322,8579,4
322,1103,5
322,7994,5
322,1513,5
322,12236,5
322,7016,5
322,20022,4
322,6856,4
322,1392,5
322,3359,4
322,1520,5
322,7033,5
322,96,5
322,8182,5
322,9361,5
322,7830,5
322,12238,4
322,1937,5
322,107,5
322,2048,5
322,6670,4
322,6644,5
322,4522,5
322,2791,5
322,12262,5
322,2031,5
322,6642,5
322,9360,5
322,3899,5
322,6430,5
322,1798,5
322,12206,5
322,12163,5
322,15183,5
322,3895,4
322,6855,5
322,2218,5
322,3440,5
322,15379,5
322,1799,5
322,2566,5
322,15178,5
322,1327,5
322,12692,5
322,15179,5
322,16007,5
322,3560,5
322,1801,5
322,2520,5
322,124,5
322,14912,5
322,3399,5
322,15370,5
322,6561,5
322,20085,5
322,14277,5
322,12476,5
322,18537,5
322,1375,4
322,3272,5
322,7984,5
322,9110,5
322,2219,5
322,686,1
322,1668,5
322,12407,5
322,2298,5
322,4564,5
322,2564,5
322,9854,5
322,13748,5
322,8006,5
323,1441,5
323,1446,5
323,1270,5
323,1425,5
323,6624,5
323,6427,1
323,19506,4
323,1609,4
323,19575,3
323,1509,5
323,18278,4
323,1836,5
323,16298,4
323,9114,5
323,1628,5
323,9112,4
323,6918,5
323,90,5
323,3877,5
323,10036,5
323,3842,4
323,5049,4
323,3294,4
323,7767,5
323,3891,5
323,15238,5
323,1190,4
323,277,5
324,20788,5
324,21231,5
324,21448,5
324,21391,5
324,20812,5
324,21423,5
324,20062,5
324,21452,5
324,21544,5
324,21166,5
324,20134,5
324,20730,5
324,20433,5
324,20552,5
324,20236,5
324,20597,5
324,20874,5
324,20293,5
324,19966,5
324,21071,5
324,21542,5
324,20089,5
324,21634,5
324,20361,5
324,19910,5
324,21279,5
324,20242,5
324,21302,5
324,20777,5
324,22201,5
324,21228,5
324,20664,5
324,21415,5
324,20852,5
324,21404,5
324,20104,5
324,20760,5
324,21568,5
324,21657,5
324,21598,5
324,21765,5
324,21951,5
324,21830,5
324,21047,5
324,22074,5
324,21715,5
324,21338,5
324,22063,5
324,22085,5
324,22019,5
324,21381,5
324,22146,5
324,21261,5
324,21365,5
324,21878,5
324,21379,5
324,21702,5
324,21290,5
324,21965,5
324,21430,5
324,21154,5
324,20923,5
324,21911,5
324,21553,5
324,21810,5
324,21685,5
324,19750,5
324,19752,5
324,21829,5
324,22013,5
324,21368,5
324,20984,5
324,21840,5
324,21438,5
324,22005,5
324,21074,5
324,21497,5
324,21929,5
325,7654,3
325,11405,5
325,19351,4
325,1240,4
325,1145,3
325,16405,4
325,13318,3
325,12757,5
325,12138,5
325,8721,5
325,9841,5
325,8943,5
325,6439,5
325,6542,4
325,6787,4
325,20117,5
325,7651,5
325,10011,3
325,2892,4
325,21384,3
325,8041,5
325,6331,5
325,1469,3
325,14743,4
325,5060,5
325,2027,5
325,18663,5
325,1461,3
325,11092,5
325,10144,5
325,18571,5
325,21059,4
325,1591,3
326,12196,5
326,5255,5
326,5915,5
326,10018,5
326,8066,5
326,467,5
326,9726,5
326,1526,5
326,16427,2
326,12003,5
326,7016,5
326,13088,5
326,3414,5
326,9099,3
326,6573,4
326,15296,5
326,8729,4
326,18121,4
326,9727,4
326,6667,5
326,12923,4
326,12154,5
326,9723,5
326,459,5
326,6932,5
326,10019,5
326,12530,5
326,8698,4
326,7195,3
326,4481,3
326,20867,3
326,4801,4
326,3924,5
326,12527,5
326,8745,5
326,12894,5
326,852,5
326,15020,5
326,12531,5
326,7044,2
326,5801,2
326,7559,5
326,12537,5
326,12534,5
326,7301,3
326,764,4
327,8473,5
327,8112,5
327,17686,5
327,11824,4
327,16221,5
327,12670,5
327,12671,5
327,13802,4
327,11826,4
327,8754,5
327,8084,5
327,11466,5
327,8796,5
327,11486,5
327,8133,5
327,6303,5
327,8792,5
327,16222,5
327,8081,5
327,8143,5
327,18832,5
327,17275,4
327,11546,4
327,8481,5
327,21704,5
327,2108,4
327,8138,3
327,11485,5
327,18776,5
327,8091,5
327,8765,5
327,12064,5
327,3119,5
327,8098,4
327,3132,5
327,16223,5
327,3185,4
327,18698,5
327,12070,4
327,11822,4
327,2093,5
327,8147,5
327,3131,4
327,17617,4
327,13849,4
327,7168,4
327,16896,5
327,3201,4
327,8438,5
327,16509,4
327,3139,5
327,8077,5
327,8078,4
327,10505,5
327,3202,5
327,3203,5
327,3130,5
327,8090,4
327,18762,4
327,7167,4
327,13939,4
327,9571,5
327,11488,4
327,8141,5
327,18897,4
327,8804,4
327,11543,5
327,11507,5
327,18772,4
327,17321,5
327,22083,5
327,11477,4
327,18782,4
327,11504,4
327,11503,4
327,11541,5
327,8811,4
327,8155,5
327,14684,5
327,11544,5
327,8130,5
327,8822,5
327,8820,4
327,13961,5
327,8807,4
327,11509,4
327,11480,5
327,8491,5
327,22243,4
327,22127,5
327,16998,4
327,11508,4
327,11478,4
327,17246,5
327,2110,4
327,11501,4
327,11491,5
327,3118,4
327,8135,5
327,11487,5
327,8810,5
327,8129,5
327,21791,4
327,11470,5
327,8150,5
327,8137,5
327,8136,5
327,13997,5
327,18770,5
327,11476,4
327,8153,4
327,8784,5
327,11475,4
327,12349,5
327,11539,5
327,17788,4
327,12350,5
327,11459,5
327,11548,4
327,8142,4
327,21924,4
327,8793,3
327,8148,5
327,18771,5
327,22059,5
327,8490,5
327,5518,3
327,11479,4
327,3133,5
327,8470,5
327,8123,5
327,21376,5
327,8117,5
327,17709,5
327,11483,5
327,11497,4
327,8132,5
327,17318,5
327,8762,4
327,8794,5
327,10591,5
327,8778,4
327,8768,5
327,13957,5
327,8116,4
327,8107,4
327,2107,5
327,11462,4
327,13955,5
327,8465,5
327,8096,5
327,5560,4
327,8781,4
327,8471,5
327,11532,5
327,8124,5
327,8785,4
327,8772,5
327,8467,4
327,2103,5
327,10557,5
327,8108,5
327,17587,5
327,2106,5
327,11511,4
327,11542,4
327,22149,5
327,11524,5
327,11518,5
327,22251,4
327,11514,4
327,18799,5
327,8495,5
327,11522,5
327,8099,5
327,22318,4
327,22270,4
327,8805,5
327,8125,5
327,8480,4
327,5702,2
327,14616,4
327,17611,4
327,8799,4
327,11517,5
327,8819,4
327,11513,5
327,2111,5
327,8806,4
327,8149,5
327,11496,4
327,11495,5
327,8089,5
327,8764,4
327,3144,4
327,8761,4
327,818,5
327,8773,5
327,11827,4
327,8079,5
327,8102,5
327,10051,5
327,7184,5
327,7180,5
327,8101,5
327,8766,5
327,10561,5
327,8087,5
327,18699,5
327,8097,5
327,7171,4
327,1883,4
327,11494,4
327,16638,4
327,8092,5
327,7005,5
327,3196,4
327,18685,4
327,2097,4
327,13951,3
327,2094,5
327,2154,5
327,8104,5
327,10562,5
327,3127,3
327,2102,5
327,7183,5
327,8767,5
327,2101,5
327,11819,4
327,13954,4
327,7190,5
327,16229,5
327,17586,4
327,21167,5
327,8103,5
327,13950,5
327,7188,4
327,10544,5
327,925,4
327,8763,4
327,12668,5
327,2092,5
327,21380,5
327,5558,4
327,12149,5
327,16228,5
327,2091,5
328,7061,3
328,12300,5
328,18042,5
328,7313,4
328,7048,5
328,11413,3
328,19065,5
328,1045,5
328,18002,3
328,13120,5
328,5692,5
328,11231,5
328,5736,5
328,11438,5
328,7068,3
328,4219,5
328,14775,5
328,17998,5
328,14581,5
328,13734,5
328,14458,5
328,19080,4
328,13844,5
328,14494,4
328,14439,5
328,2755,1
328,13721,5
328,13117,5
328,13832,5
328,8014,5
328,16922,5
328,14489,5
328,17881,5
328,13843,5
328,11197,4
328,14491,4
328,4166,5
328,19079,4
328,14580,5
329,4102,5
329,14836,4
329,9368,5
329,1311,4
329,3792,4
329,7944,4
329,1094,5
329,1314,5
329,1528,5
329,4589,3
329,568,5
329,1095,4
329,3497,5
329,10185,3
329,1290,4
329,7037,5
329,3377,4
329,1515,5
329,89,5
329,15028,5
329,1104,5
329,9091,5
329,8995,5
329,3374,2
329,3740,3
329,4116,5
329,4123,3
329,6940,5
329,6640,4
329,9252,4
329,2544,4
329,7950,5
329,3338,5
329,15113,3
329,9472,4
329,3289,5
329,1100,5
329,6857,4
329,6901,4
329,7936,2
329,3942,4
329,8998,4
329,3911,4
329,45,5
329,6888,4
329,4109,4
329,112,5
329,1322,4
329,4496,5
329,10201,5
329,15413,4
329,4638,5
329,3247,5
329,6485,5
329,1365,5
329,3366,4
329,3470,5
329,9283,3
329,4127,4
329,168,4
329,4626,5
329,15029,5
329,1298,4
329,6944,3
329,1289,5
329,6861,4
329,57,4
329,141,4
329,6899,4
329,7954,5
329,3742,4
329,65,5
329,6936,4
329,3270,4
329,1132,5
329,6626,3
329,1287,4
329,6283,4
329,3459,5
329,7195,5
329,6469,5
329,1514,5
329,3957,4
329,6849,4
329,6911,4
329,15632,4
329,7940,5
329,3933,4
329,262,5
329,1097,5
329,2771,2
329,3367,4
329,7805,5
329,6463,5
329,3286,4
329,6945,4
329,1294,5
329,1489,4
329,4508,4
329,1084,5
329,8578,5
329,6858,4
329,1296,4
329,6920,4
329,171,5
329,1505,5
329,44,5
329,7015,4
329,100,5
329,4478,4
329,4114,5
329,18442,4
329,4625,5
329,6883,5
329,6634,3
329,6840,4
329,6897,5
329,3498,5
329,1526,5
329,5382,5
329,7036,4
329,3941,5
329,5453,5
329,5451,5
329,5450,5
329,6909,5
329,5454,5
329,6246,5
329,1339,5
329,7948,4
329,3365,3
329,4524,4
329,3372,5
329,1299,5
329,9099,4
329,6898,4
329,3914,4
329,1089,5
329,1133,4
329,15030,5
329,3519,5
329,6931,5
329,1297,5
329,6044,4
329,6488,4
329,4602,5
329,6769,4
329,6918,4
329,1561,5
329,1300,5
329,6913,4
329,9897,5
329,4533,5
329,6891,5
329,3454,4
329,6904,4
329,6682,5
329,3234,5
329,3904,5
329,3926,5
329,1110,5
329,6906,3
329,6644,5
329,4632,4
329,6770,5
329,1338,4
329,9000,5
329,4473,4
329,6683,5
329,43,4
329,6912,5
329,6633,5
329,8562,4
329,96,5
329,3930,4
329,6822,5
329,4107,4
329,1091,5
329,8961,4
329,116,5
329,6925,4
329,1087,5
329,3950,4
329,1090,5
329,6635,5
329,6889,4
329,4618,3
329,8573,5
329,1509,5
329,3639,5
329,1109,4
329,1092,5
329,1558,5
329,3373,3
329,8561,4
329,6561,4
329,7945,4
329,6915,4
329,3932,5
329,493,5
329,2486,4
329,3421,4
329,9002,4
329,12194,4
329,6483,5
329,3397,4
329,15997,4
329,9140,4
329,9009,4
329,12878,3
329,5799,4
329,9360,5
329,4145,4
329,8945,4
329,2449,4
329,6435,4
329,404,4
329,15444,4
329,15371,4
329,18605,4
329,9299,4
329,5789,4
329,3422,4
329,5759,5
329,394,4
329,12152,4
329,8947,4
329,7964,5
329,5921,5
329,6775,4
329,15186,4
329,3265,4
329,513,5
329,7989,5
329,15995,5
329,12406,5
329,16186,4
329,16004,5
329,14871,5
329,1969,3
329,16006,4
329,15373,4
329,8973,4
329,3755,4
329,7816,5
329,5925,4
329,12189,5
329,12200,5
329,5779,5
329,16438,4
329,3400,4
329,14864,4
329,7997,5
329,4148,4
329,7994,5
329,5966,4
329,7845,4
329,5797,2
329,5971,4
329,7148,5
329,9298,5
329,14862,4
329,3272,5
329,317,4
329,12405,4
329,4541,4
329,9135,5
329,7788,4
329,8965,4
329,6582,4
329,298,4
329,344,5
329,9241,4
329,338,4
329,9124,4
329,137,5
329,6557,4
329,9005,4
329,12156,5
329,11870,4
329,5776,5
329,12227,4
329,12173,4
329,9137,5
329,12410,4
329,15637,5
329,2518,5
329,5780,4
329,5760,3
329,14993,4
329,12522,4
329,200,5
329,441,5
329,3403,4
329,294,4
329,12183,4
329,16005,4
329,5905,5
329,7811,5
329,6534,4
329,15174,5
329,9295,4
329,5922,5
329,3243,3
329,3754,5
329,421,5
329,15182,4
329,9006,4
329,2441,4
329,3275,5
329,15181,4
329,2435,5
329,16120,5
329,17890,5
329,7965,4
329,12877,5
329,14999,5
329,4982,5
329,11437,5
329,976,5
329,981,4
329,11299,4
329,13722,5
329,14630,5
329,9550,5
329,14991,5
329,14877,4
329,16922,5
329,14876,4
329,2614,5
329,14335,5
329,14585,5
329,11586,5
329,14337,5
329,14449,5
329,7284,5
329,18601,4
329,8043,5
329,12304,5
329,1048,4
329,17412,5
329,4140,5
329,1055,5
329,14626,5
329,14648,5
329,14620,5
329,4163,5
329,9552,5
329,6352,5
329,11341,5
329,11615,4
329,11310,5
329,19064,4
329,5487,5
329,14642,5
329,15744,4
329,6312,5
329,17742,4
329,14633,5
329,14644,5
329,17579,5
329,12238,5
329,3433,4
329,10409,5
329,8001,5
329,18706,4
329,12941,2
329,16061,4
329,16018,5
329,2566,5
329,3437,4
329,12526,5
329,7279,4
329,5843,4
329,9123,4
329,14867,5
329,12929,5
329,4146,2
329,15992,5
329,2525,5
329,12274,5
329,7993,4
329,648,4
329,11257,5
329,16003,5
329,12203,5
329,12913,5
329,14858,4
329,7283,5
329,12885,5
329,15374,4
329,13100,5
329,9928,4
329,16016,5
329,8953,4
329,470,5
329,10410,5
329,5424,5
329,833,5
329,13687,5
329,17867,5
329,15742,5
329,18435,4
329,11144,4
329,12282,5
329,2581,5
329,13703,5
329,9032,5
329,8010,5
329,9927,5
329,9029,5
329,3609,5
329,6575,5
329,726,5
329,5435,5
329,15739,4
329,3805,5
329,18707,5
329,1099,5
329,16114,4
329,5836,4
329,5741,5
329,5660,5
329,7956,5
329,3515,4
329,3599,5
329,3384,5
329,3370,4
329,3256,5
329,105,4
329,1079,4
329,4622,4
329,4101,4
329,1088,5
329,19305,4
329,15114,4
329,3363,5
329,4119,5
329,8559,5
329,4501,5
329,1337,5
329,10077,4
329,11729,4
329,9102,4
329,13685,5
329,6954,5
329,4543,3
329,7935,5
329,4628,3
329,6902,5
329,3271,5
329,7943,4
329,8992,4
329,15440,4
329,1522,5
329,6951,3
329,8575,4
329,4520,5
329,15415,5
329,129,4
329,8584,4
329,6486,4
329,8580,5
329,6490,5
329,4527,2
329,1327,4
329,1323,5
329,1123,3
329,3282,5
329,6484,4
329,6850,5
329,9531,5
329,3952,5
329,1547,4
329,113,5
329,3285,4
329,6257,3
329,1096,4
329,4495,5
329,9090,4
329,6926,3
329,4474,5
329,6762,2
329,1082,3
329,1134,4
329,1532,4
329,4518,3
329,4512,5
329,3743,5
329,3263,5
329,123,4
329,132,4
329,6282,4
329,8576,5
329,4620,5
329,8557,4
329,5459,5
329,1269,3
329,5562,5
329,4517,4
329,1080,5
329,7939,3
329,4552,5
329,3273,5
329,3388,5
329,18495,4
329,3260,4
329,6495,5
329,319,4
329,4136,4
329,1540,3
329,4509,5
329,3395,4
329,18319,5
329,5752,5
329,16108,5
329,2430,5
329,12393,4
329,8581,5
329,15919,4
329,9537,5
329,15990,4
329,2436,4
329,1542,4
329,12397,4
329,8567,4
329,18305,5
329,9288,4
329,9796,5
329,6509,5
329,4133,4
329,9305,4
329,9118,4
329,1384,5
329,11982,5
329,6629,5
329,12390,4
329,6938,4
329,788,5
329,4137,4
329,1538,5
329,16110,4
329,3242,5
329,9115,4
329,9301,5
329,4125,5
329,9275,4
329,9505,5
329,2222,4
329,16112,4
329,9347,5
329,2517,4
329,4131,5
329,205,5
329,15469,4
329,8569,5
329,3254,4
329,3389,5
329,6499,3
329,232,5
329,3745,4
329,4515,5
329,6531,4
329,15989,5
329,9106,4
329,6507,5
329,9533,5
329,106,5
329,239,5
329,2482,5
329,6942,5
329,6518,5
329,3741,4
329,6502,4
329,15988,5
329,302,4
329,18444,4
329,4522,4
329,6949,5
329,6500,4
329,6952,5
329,4629,5
329,6496,5
329,18496,4
329,3387,5
329,1340,4
329,6504,4
329,15635,5
329,14988,4
329,14850,5
329,1553,5
329,12160,4
329,6491,5
329,4555,5
329,4536,4
329,6946,5
329,9375,4
329,12223,5
329,3238,4
329,4535,3
329,3258,5
329,3269,5
329,9795,5
329,3746,5
330,7770,5
330,15774,5
330,2854,5
330,4753,4
330,5415,4
330,12136,5
330,9392,5
330,385,4
330,5757,5
330,4000,5
330,19552,4
330,15422,5
330,15658,2
330,3288,4
330,4616,4
330,12182,4
330,14835,5
330,5566,4
330,7786,4
330,4515,5
330,12393,5
330,10003,5
330,6432,5
330,10004,4
330,15772,5
330,16199,5
330,11568,1
330,15773,5
330,7231,4
330,5120,5
330,5690,4
330,5737,4
330,10874,4
330,13342,4
330,13355,5
330,2766,5
330,12448,4
330,16813,4
330,11180,5
330,9326,5
330,7019,5
330,7085,3
330,11608,4
330,17642,3
330,5513,5
330,3853,5
330,7256,4
330,16889,4
330,8200,4
330,5773,5
330,16344,3
330,15186,5
330,5973,2
330,5983,5
330,10739,4
330,5942,3
330,14223,4
330,15775,4
330,17823,3
330,1236,3
330,822,3
330,5616,4
330,7849,3
330,10791,4
330,10805,3
330,13304,5
330,689,4
330,2944,3
330,12588,5
330,795,5
331,20914,5
331,6549,4
331,21153,4
331,21262,5
331,21322,5
331,21359,4
331,17694,5
331,10543,5
331,21123,4
331,18761,5
331,17752,5
331,14721,5
331,18794,5
331,19876,4
331,21504,5
331,21458,5
331,21441,5
331,20801,5
331,21505,5
331,20928,5
331,10497,5
331,14559,5
331,14715,5
331,21124,4
331,16831,5
331,20948,5
331,14766,4
331,14787,5
331,18688,5
331,18804,5
331,20890,5
331,14726,5
331,21845,4
331,21454,5
331,17649,4
331,20811,5
331,17691,5
331,21470,4
331,21157,4
331,21064,5
331,17675,5
331,10592,5
331,21975,5
331,19007,4
331,21833,4
332,16521,4
332,3447,4
332,1774,5
332,9320,5
332,13160,4
332,6094,4
332,9973,2
332,12937,5
332,3780,2
332,5954,2
332,7513,4
332,3439,5
332,13305,5
332,10812,5
332,2044,3
332,13845,5
332,12978,4
332,12114,4
332,15537,3
332,16538,4
332,1236,4
332,17832,3
332,17828,5
332,5225,4
332,7848,3
332,397,4
332,12180,5
332,3005,3
332,15658,5
332,3550,5
332,12716,4
332,19167,3
332,12010,3
332,7405,3
332,8400,3
332,12230,5
332,16742,4
332,11693,2
332,17810,5
332,16946,5
333,3717,2
333,13059,5
333,2680,4
333,10698,5
333,9444,3
333,2968,5
333,3708,5
333,4454,5
333,11125,3
333,704,5
333,2701,3
333,2765,5
333,904,5
333,11172,2
333,11044,3
333,10697,4
333,2184,3
333,10620,5
333,5510,5
333,14694,5
333,11174,2
333,7172,1
333,19026,2
333,9327,5
333,347,4
333,15838,3
333,1822,5
333,15591,4
333,457,5
333,5540,3
333,5838,5
333,3558,3
333,15822,5
333,8552,2
333,15963,5
333,13483,5
333,8506,5
333,3214,4
333,2467,5
333,15197,5
333,11694,5
333,15874,5
333,6200,5
333,672,5
333,1918,2
334,21915,4
334,21252,5
334,20732,5
334,20883,5
334,21491,4
334,21230,5
334,21619,5
334,21210,4
334,20666,4
334,21720,5
334,22242,5
334,22206,5
334,22245,4
334,22082,4
334,21428,5
334,12784,5
334,19977,5
334,21191,5
334,21966,5
334,21944,4
334,22060,4
334,21696,5
334,21052,4
334,21400,4
334,20301,5
334,22118,4
334,21990,5
334,21449,4
334,19674,5
334,19461,4
334,20483,5
334,19748,5
334,20539,5
334,20429,4
334,14351,5
334,21016,4
334,20590,5
334,20359,5
334,20245,4
334,20740,5
335,17718,5
335,5277,4
335,10554,5
335,12641,4
335,17113,5
335,17986,5
335,5288,5
335,17753,5
335,10600,5
335,18060,5
335,18991,5
335,14387,5
335,18975,5
335,19003,5
335,18819,4
335,18061,5
335,19048,4
335,16941,5
335,17722,4
335,17005,5
335,14798,5
335,7760,4
335,17746,5
335,16932,5
335,17021,5
335,17215,5
335,18725,5
335,241,5
335,17696,5
335,15709,5
335,15079,5
335,14419,5
335,5287,5
335,14327,5
335,14762,5
335,14793,5
335,10549,5
335,18993,5
335,5257,5
336,6309,5
336,14521,5
336,5488,5
336,14641,5
336,14263,5
336,12541,5
336,17189,5
336,8048,5
336,13825,5
336,21667,5
336,19090,5
336,14516,5
336,12299,5
336,7044,5
336,12544,5
336,15879,5
336,21433,5
336,16643,3
336,3443,4
336,1345,5
336,11948,5
336,17201,5
336,12518,4
336,7134,4
336,13396,5
336,7130,5
336,7924,4
336,13838,5
336,20626,5
336,12198,4
336,17776,5
336,21205,4
336,7285,4
336,21246,4
336,6353,5
336,14515,5
336,2602,5
336,6293,4
336,12679,5
336,14493,5
336,11139,5
336,20371,5
336,1390,3
336,21335,5
336,13368,4
336,1413,5
336,2723,5
336,8034,5
336,7300,4
336,12298,4
336,3278,5
336,21277,5
336,5500,5
336,6122,5
336,3429,5
336,13115,5
336,17959,4
336,12542,5
336,3338,5
336,12682,4
336,17735,3
336,19143,4
336,14630,5
336,9540,5
336,20126,5
336,8259,4
336,19142,5
336,4178,5
336,14520,5
336,17892,5
336,13346,5
336,3803,5
336,6531,5
336,12543,5
336,2700,4
336,2721,5
336,9012,3
336,5436,3
336,2720,5
336,21588,5
336,14625,5
336,17665,5
336,4985,4
336,11765,5
336,11788,5
336,936,5
336,2932,4
336,21545,5
336,18095,4
336,2716,5
336,2757,5
336,17575,5
336,5649,3
336,991,5
336,3444,4
336,11562,5
336,2349,4
336,15740,4
336,4152,5
336,18701,5
336,5977,3
337,16772,3
337,14131,5
337,8043,5
337,7244,4
337,13832,5
337,18752,4
337,760,5
337,13717,4
337,14461,5
337,4478,5
337,974,4
337,11197,5
337,11580,4
337,978,5
337,13898,5
337,17879,5
337,14580,5
337,2681,4
337,16519,3
337,16520,2
337,3427,4
337,4211,5
337,9401,4
337,5878,4
337,8874,4
337,8580,4
337,8577,4
337,12989,4
337,9012,3
337,9030,4
337,9034,4
337,4982,4
337,11243,3
337,4160,4
337,5893,4
337,11424,5
337,13681,4
337,2618,3
337,14106,5
337,9435,5
337,1872,5
337,7238,4
337,15337,4
337,990,5
337,7250,3
337,7792,4
337,9955,4
337,12404,4
337,16407,3
337,6138,4
337,11143,5
337,4162,5
337,10309,4
337,8573,5
337,5721,4
337,884,5
337,8260,4
337,2238,5
337,4462,5
337,13687,4
337,12943,5
337,13835,4
337,11563,5
337,5891,5
337,5938,4
338,17544,2
338,13302,5
338,6772,3
338,4146,4
338,14584,4
338,5687,1
338,11636,4
338,2552,4
338,3245,4
338,4558,4
338,11995,4
338,12877,4
338,4115,2
338,13453,4
338,7976,2
338,12930,4
338,5717,4
338,19052,4
338,6327,4
338,13105,4
338,11609,2
338,12181,4
338,16981,4
338,17003,5
338,13761,4
338,8998,3
338,14755,4
338,22170,1
338,337,4
338,1379,3
338,5524,4
338,18925,4
338,6138,3
338,15568,3
338,1732,4
338,5718,4
338,9012,2
338,447,2
338,9884,5
338,1375,4
338,13838,3
338,17739,4
338,17727,3
338,5376,4
338,7779,4
339,3860,5
339,9012,5
339,5486,5
339,5436,5
339,17580,5
339,16582,5
339,18258,5
339,22091,5
339,10583,1
339,17521,5
339,1059,4
339,12838,4
339,7929,4
339,19076,5
339,15439,5
339,8817,5
339,14514,5
339,6377,5
339,14658,5
339,13908,5
339,7244,5
339,6324,5
339,4219,5
339,6423,5
339,2611,5
339,12837,5
339,6235,5
340,3453,5
340,19395,3
340,1142,5
340,82,5
340,19053,1
340,1262,5
340,6824,5
340,21092,5
340,2898,4
340,3317,5
340,15546,5
340,3882,5
340,3812,5
340,19206,5
340,1866,5
340,9989,4
340,6819,5
340,9835,5
340,10290,5
340,9862,5
340,12007,5
340,3509,5
340,20870,4
340,20785,5
340,15892,4
340,20090,5
340,2920,5
340,19930,5
340,21214,4
340,7457,5
340,6730,5
340,20951,4
340,21406,4
340,20501,5
340,13655,4
340,19767,5
340,21100,3
340,21392,5
340,20037,5
340,9846,5
340,20357,5
340,2861,4
340,9316,5
340,1144,3
340,21362,4
340,19348,5
340,21244,2
340,6048,5
340,10165,5
340,9951,5
340,10009,4
340,16576,4
341,7257,5
341,9012,5
341,1527,4
341,20514,1
341,18695,5
341,18775,4
341,5436,4
341,6979,4
341,4616,5
341,1306,2
341,4810,4
341,1388,5
341,8308,4
341,20573,5
341,3898,5
341,4546,2
341,1809,3
341,7960,5
341,5564,5
341,1090,3
341,6945,3
341,1566,3
341,3292,4
341,7948,4
341,9381,3
341,15583,5
342,1639,5
342,21113,5
342,2319,5
342,15869,5
342,15800,5
342,21158,5
342,2981,5
342,10649,5
342,1792,5
342,4111,5
342,21821,5
342,2276,5
342,5098,5
342,2046,5
342,21827,5
342,17817,5
342,10781,5
342,10767,4
342,10789,5
342,1953,5
342,1984,5
342,7884,5
342,1864,2
342,409,3
342,13063,5
342,3251,5
342,13755,5
342,12359,5
342,11690,5
342,375,3
342,1924,5
342,1250,5
342,1705,4
342,1249,1
342,14887,4
342,2213,5
342,1821,5
342,469,5
342,17082,5
342,3319,5
342,1930,5
342,17824,5
342,10913,5
342,13021,5
342,2023,5
342,12498,5
342,3014,3
342,18387,5
343,6597,5
343,6425,5
343,698,5
343,20511,4
343,14814,5
343,20489,4
343,14954,5
343,12961,5
343,3301,4
343,19706,5
343,12798,5
343,10073,5
343,18554,5
343,15513,5
343,19667,5
343,16105,5
343,20210,5
343,12796,5
343,5160,5
343,19710,4
343,19554,4
343,6329,5
343,14955,5
343,383,5
343,5326,5
343,13299,4
343,12797,4
343,7371,5
343,9481,5
343,21081,5
343,20159,4
343,20642,5
343,22000,5
343,17724,3
343,15722,5
343,16033,4
343,15323,5
343,17565,5
343,8426,3
343,14953,5
343,6426,5
343,4580,4
343,8755,5
343,5162,4
343,18332,4
343,11927,5
344,21317,5
344,20667,5
344,20892,5
344,21760,5
344,20310,4
344,20763,5
344,21639,2
344,17904,5
344,19764,5
344,20753,3
344,22022,5
344,22225,5
344,21677,5
344,20886,5
344,20764,4
344,21332,5
344,21719,1
344,22097,5
344,22146,4
344,21759,4
344,21555,3
344,21185,3
344,21436,4
344,21554,4
344,20771,5
344,21496,5
344,21301,5
344,20904,5
344,20844,5
344,21182,4
344,20480,5
344,21586,5
344,20882,4
344,21225,5
344,21221,5
344,21613,3
344,21272,5
344,21212,5
344,21132,5
344,20814,5
344,20980,5
344,21082,5
344,17987,3
344,20490,5
344,21209,5
344,19751,4
344,20991,5
344,19967,5
344,21640,5
344,21893,5
344,21646,5
344,21764,5
344,21706,4
344,21650,5
344,21568,3
344,21778,3
344,21539,5
344,21769,4
344,21657,5
344,21600,4
344,21807,4
344,21520,5
344,21649,4
344,21651,5
344,21717,2
344,21309,5
345,6142,4
345,8926,5
345,19195,5
345,12643,4
345,9549,4
345,8476,4
345,11590,4
345,11418,2
345,11420,4
345,17254,4
345,18741,3
345,7181,5
345,12638,3
345,14310,1
345,5511,4
345,5513,4
345,7176,5
345,2675,3
345,11865,5
345,17644,5
345,8466,4
345,2149,5
345,11451,4
345,6140,3
345,11222,5
345,17639,5
345,11441,4
345,14775,5
345,11209,4
345,11196,4
345,17259,5
345,11411,5
345,5702,5
345,11444,5
345,9547,4
345,5724,4
345,10487,5
345,14771,5
345,18680,3
345,16225,4
345,12640,4
345,11447,4
345,11449,4
346,5079,3
346,7101,4
346,17388,5
346,10902,4
346,7732,5
346,18143,5
346,17374,3
346,7068,5
346,11103,5
346,14341,4
346,19191,3
346,14313,5
346,16874,3
346,11585,4
346,16245,5
346,13329,5
346,5023,3
346,8506,5
346,18392,5
346,7722,4
346,7712,5
346,13333,5
346,12506,5
346,9665,4
346,7128,5
346,9662,5
346,4745,5
346,17221,4
346,7100,5
346,7751,5
346,7481,2
346,202,5
346,16308,3
346,10370,3
346,17087,5
346,7723,5
346,5891,5
346,12813,2
346,16714,5
346,7705,4
346,16817,4
346,15132,2
346,17453,5
346,17439,2
346,17220,5
346,7744,5
346,15702,4
346,7724,5
346,16824,3
346,17508,5
347,20808,5
347,20664,5
347,20198,5
347,20492,5
347,20339,5
347,20013,5
347,20983,5
347,20166,5
347,21199,5
347,20463,5
347,21163,5
347,20552,5
347,20005,5
347,21072,5
347,20089,5
347,20523,5
347,19911,5
347,21045,5
347,20076,5
347,14784,5
347,21267,5
347,20413,5
347,19733,5
347,20743,5
347,19989,5
347,21544,5
347,19752,5
347,20819,5
347,21598,5
347,21452,5
347,21049,5
347,20927,5
347,21014,5
347,20361,5
347,20360,5
347,21640,5
347,21424,5
347,21427,5
347,19971,5
347,20302,5
347,20003,5
347,20733,5
347,21506,5
347,20760,5
348,7912,5
348,8828,5
348,10708,5
348,12746,5
348,18472,5
348,13307,4
348,15981,4
348,9686,5
348,6910,5
348,2553,5
348,19256,5
348,2393,4
348,16096,5
348,13914,4
348,8979,5
348,16943,5
348,9181,5
348,9176,5
348,9574,5
348,4414,4
348,18542,5
348,16087,5
348,10462,5
348,1161,5
348,9691,4
348,16773,5
348,16748,5
349,837,5
349,10727,3
349,11123,5
349,2621,5
349,15930,5
349,4161,5
349,15934,5
349,7796,3
349,13830,4
349,5886,5
349,13824,5
349,11106,3
349,12278,4
349,10563,5
349,18817,4
349,7903,5
349,5621,4
349,10689,5
349,18788,5
349,10682,4
349,9016,5
349,8012,5
349,877,5
349,4567,4
349,3589,5
349,13815,5
349,3108,5
349,5424,5
349,12445,5
349,11991,5
349,10720,4
349,13816,5
349,13680,5
349,4159,5
349,17149,4
349,11630,5
349,11124,5
349,10721,4
349,12535,5
349,934,5
349,10673,5
349,11212,5
349,17552,5
349,13828,5
349,14461,5
349,14448,5
349,4827,5
349,5744,4
349,11198,4
349,997,5
349,14496,5
349,16754,4
349,11203,5
349,11121,5
349,13838,5
349,11570,5
349,929,4
349,12915,4
349,11208,5
349,11634,5
349,11633,4
349,14498,5
349,17666,5
349,2679,5
349,13728,5
349,5873,5
349,13690,5
349,13825,4
349,11567,4
349,14463,5
349,10580,4
349,10681,4
349,3109,4
349,11566,4
349,5438,5
349,16951,5
349,13117,5
349,4165,5
349,14486,5
349,13831,5
349,13819,4
349,13702,5
349,8023,4
349,5348,4
349,4164,4
349,11176,3
349,10726,5
349,9149,4
349,13726,5
349,13729,5
349,5791,3
349,18432,4
349,18431,4
349,15925,4
349,8631,4
349,7352,3
349,16459,5
349,2524,3
349,557,5
349,16372,4
349,16371,4
349,12212,5
349,12897,5
349,5419,5
349,12882,5
349,16127,4
349,13064,4
349,15924,4
349,12907,5
349,2468,5
349,5816,4
349,11953,5
349,3766,5
349,8948,5
349,7689,3
349,6536,5
349,5811,5
349,2452,5
349,506,5
349,560,5
349,12900,4
349,4148,5
349,12908,4
349,12889,4
349,589,5
349,6441,5
349,19811,4
349,4150,5
349,502,5
349,5422,3
349,8950,5
349,519,4
349,16370,5
349,2304,3
349,15639,3
349,5814,4
349,8947,4
349,9014,4
349,10411,4
349,620,5
349,12895,5
349,3772,5
349,3762,5
349,4513,4
349,2523,5
349,6760,5
349,12760,4
349,12219,5
349,12910,5
349,478,5
349,3082,4
349,16001,5
349,3420,4
349,3083,5
349,18096,5
349,12165,5
349,12881,4
349,363,4
349,13015,5
349,19687,5
349,1399,4
349,9033,3
349,491,4
349,16104,4
349,518,5
349,5418,5
349,16367,5
349,3761,5
349,3757,5
349,5807,4
349,14445,5
349,16760,5
349,5808,5
349,12224,4
349,8946,4
349,16368,5
349,453,4
349,2470,5
349,12222,4
349,4471,5
349,489,5
349,428,4
349,2460,5
349,12234,4
349,5775,5
349,12243,4
349,8404,4
349,441,5
349,12242,3
349,5812,5
349,9004,4
349,3764,4
349,3080,4
349,5770,4
349,16126,5
349,3081,5
349,1370,4
349,528,5
349,2463,4
349,5804,4
349,5813,4
349,3274,4
349,523,5
349,11897,3
349,18326,4
349,408,4
349,12896,5
349,15921,5
349,4139,5
349,11949,5
349,2238,5
349,5763,5
349,12233,5
349,3078,5
349,11062,3
349,3281,4
349,5417,5
349,16121,5
349,16125,5
349,529,4
349,2366,4
349,419,4
349,4142,5
349,332,4
349,508,4
349,12415,5
349,824,4
349,12901,5
349,7653,5
349,9010,4
349,3775,5
349,451,5
349,315,4
349,3787,5
349,11061,4
349,798,5
349,13662,5
349,3797,4
349,8368,5
349,797,5
349,789,3
349,13806,5
349,5420,5
349,12940,4
349,3101,5
349,16819,4
349,5788,4
349,12446,5
349,8249,5
349,9157,5
349,2575,5
349,12447,5
349,3790,5
349,9028,5
349,9027,5
349,2677,3
349,12887,4
349,13813,4
349,3280,3
349,4063,5
349,12939,4
349,2613,4
349,13809,5
349,3610,3
349,17905,5
349,5872,5
349,15932,5
349,6124,3
349,5430,5
349,17904,5
349,5852,5
349,5678,5
349,18781,4
349,819,4
349,12909,5
349,13661,5
349,6574,5
349,4998,5
349,11911,5
349,8252,5
349,16753,5
349,5431,5
349,3802,5
349,3593,5
349,4027,5
349,13513,5
349,777,3
349,3598,4
349,513,4
349,648,5
349,3103,4
349,9357,4
349,2532,5
349,551,5
349,12892,5
349,10403,4
349,559,5
349,3085,3
349,10930,5
349,8951,4
349,2367,5
349,12918,5
349,18433,4
349,2522,5
349,541,4
349,471,5
349,19498,5
349,12423,3
349,3414,5
349,16373,4
349,5988,4
349,3781,4
349,5819,5
349,5818,3
349,592,5
349,5421,5
349,8952,4
349,12927,5
349,12904,4
349,2359,4
349,18654,5
349,7915,5
349,5545,5
349,12438,5
349,2607,5
349,16818,4
349,564,5
349,3252,5
349,16009,5
349,13949,5
349,12241,5
349,5847,5
349,12893,4
349,4147,5
349,481,5
349,7358,4
349,11912,4
349,3095,5
350,5132,5
350,7789,5
350,4681,5
350,11940,5
350,7655,5
350,622,5
350,6880,5
350,4146,5
350,13237,5
350,9012,5
350,18262,5
350,15229,5
350,13840,5
350,20151,4
350,5369,5
350,7611,5
350,3547,5
350,2317,5
350,9792,5
350,1453,5
350,19100,5
350,9232,5
350,10535,5
350,14073,5
350,7916,5
350,9034,5
350,20636,5
350,18080,5
350,10085,5
350,3122,5
350,1746,5
350,520,5
350,20876,5
350,97,5
351,14700,4
351,13880,5
351,12931,5
351,882,4
351,12932,5
351,7444,4
351,2644,4
351,14849,5
351,8321,4
351,5008,5
351,8207,5
351,18371,5
351,16480,5
351,5849,4
351,12273,4
351,5892,5
351,14064,4
351,14106,5
351,4211,5
351,5492,4
351,2568,5
351,21,5
351,13492,5
351,1006,5
351,102,5
351,18884,5
351,1429,5
351,9411,4
351,19511,5
351,283,5
351,9416,5
351,4307,5
351,2560,5
351,12722,5
351,4994,5
351,5725,4
351,20885,4
351,6700,5
351,19414,5
351,5026,5
351,21039,5
351,11626,4
351,4371,5
351,2731,4
351,14125,5
351,13838,5
351,11282,4
351,4321,5
351,14141,5
351,20204,4
351,7976,5
351,4389,4
351,13931,5
351,20200,5
351,19729,5
351,1369,5
351,1546,5
351,9159,5
351,18692,5
351,13227,5
351,6573,5
351,16669,4
351,20548,5
351,3976,5
351,174,5
351,13392,4
351,13846,5
351,5739,5
351,11283,5
351,12396,4
351,11344,5
351,20518,5
351,1293,5
351,563,4
351,14617,4
351,20220,5
351,9400,4
351,4406,5
351,20232,4
351,20257,5
351,1584,5
351,6100,5
351,11083,5
351,983,5
351,13570,5
351,13490,5
351,8459,3
351,2310,5
351,3410,5
351,3458,5
351,844,5
351,19097,5
351,8867,4
351,14560,5
351,20940,3
351,5724,5
351,849,5
351,5895,5
351,132,4
351,18693,5
351,17348,5
351,14171,5
351,19264,5
351,19374,4
351,22148,4
351,6722,3
351,9195,5
351,22171,5
351,17548,4
351,6339,5
351,20623,3
351,17516,5
351,14670,5
351,20133,5
351,21937,5
351,17345,5
351,17202,5
351,6295,5
351,7530,5
351,11326,5
351,1068,5
351,1066,5
351,17338,4
351,14688,4
351,623,5
351,6354,2
351,7300,4
351,14024,5
351,14650,5
351,11409,5
351,19025,5
351,13663,4
351,20233,5
351,21579,5
351,14952,4
351,14441,5
351,994,4
351,18880,3
351,1521,4
351,999,5
351,4416,5
351,930,5
351,10522,3
351,6369,5
351,9925,5
351,22282,5
351,8416,5
351,4336,5
351,11594,4
351,2290,4
351,1041,5
351,14008,5
351,4363,4
351,3216,3
351,17326,5
351,784,4
351,923,5
351,9401,5
351,5800,5
351,19601,5
351,3140,3
351,8578,5
351,7244,4
351,5839,5
351,5871,5
351,10624,5
351,5854,5
351,911,5
351,16121,5
351,11297,4
352,21860,4
352,22081,5
352,22167,5
352,20667,5
352,22278,4
352,20772,5
352,21983,4
352,21088,5
352,20831,4
352,22205,5
352,21053,4
352,20429,5
352,20291,5
352,20732,5
352,21075,5
352,21052,5
352,16971,3
352,21477,4
352,21151,5
352,21321,3
352,20883,4
352,21227,5
352,21370,5
352,21248,5
352,21449,5
352,21735,4
352,21886,3
352,21581,5
352,21582,5
352,21351,5
352,21147,4
352,21354,5
352,21388,5
352,21580,4
353,11054,4
353,13242,2
353,13637,4
353,20422,2
353,1438,3
353,18107,3
353,9072,2
353,6465,3
353,7695,2
353,19326,2
353,17907,5
353,1757,5
353,10163,5
353,5424,5
353,6170,5
353,5872,5
353,3873,5
353,1756,5
353,18174,5
353,6179,4
353,12756,2
353,6865,1
353,16070,5
353,16758,4
353,13027,4
353,16916,1
353,5930,4
353,20795,5
353,8860,5
353,21522,4
353,19106,5
353,21773,5
353,21278,2
353,20771,5
353,21192,2
353,19340,4
353,5393,5
353,1575,5
353,20808,1
353,1773,5
353,15687,5
353,20983,1
353,20952,3
353,4228,5
353,13417,5
353,6965,5
353,17978,5
353,3888,5
354,17882,4
354,21188,4
354,6104,4
354,4587,3
354,10499,3
354,18816,3
354,1844,3
354,1402,3
354,2941,4
354,14101,5
354,11286,3
354,17891,4
354,14500,4
354,20916,3
354,20968,5
354,13530,4
354,11793,4
354,8202,4
354,11128,4
355,4990,5
355,14024,3
355,16710,4
355,14025,5
355,14011,5
355,13660,5
355,17327,5
355,7671,4
355,14844,2
355,4449,5
355,16664,5
355,5320,5
355,5319,5
355,13992,5
355,10510,5
355,4478,5
355,1085,5
355,12177,5
355,4427,5
355,4369,5
355,16353,5
355,8001,4
355,15995,5
355,13139,5
355,4378,5
355,16434,5
356,6761,5
356,15372,3
356,13561,5
356,7880,5
356,6921,5
356,7823,5
356,3890,5
356,7854,5
356,7847,4
356,5796,5
356,15638,1
356,13562,5
356,15720,5
356,2326,5
356,2187,4
356,7765,5
356,6808,5
356,7835,5
356,7838,2
356,13558,3
356,11782,5
356,15006,5
356,15201,4
356,12860,5
356,15088,5
356,1141,4
356,16471,4
356,5814,5
356,19901,4
356,19421,5
356,5980,5
356,6028,5
356,12584,4
356,7467,5
356,18261,5
356,476,4
356,10253,3
356,12367,3
356,15418,4
356,12581,4
356,4781,5
356,12583,3
356,15751,5
356,15880,5
356,5862,5
356,16579,5
356,16578,5
356,16902,4
356,13848,5
356,13760,5
356,15035,5
356,6754,5
356,7869,4
356,7845,2
356,13303,5
356,5664,5
356,2862,5
356,9190,4
356,1202,1
356,4252,5
356,14981,5
356,7862,5
356,13568,5
356,7829,5
356,7857,4
356,7846,5
356,11970,5
356,9607,5
356,5768,5
356,8444,5
356,5214,5
356,7850,5
356,7827,2
356,7832,4
356,17845,4
356,15752,5
356,5868,5
356,282,5
356,6218,5
356,1354,3
356,2802,4
357,969,3
357,3031,4
357,2275,5
357,16388,4
357,7615,4
357,5392,5
357,3719,5
357,12445,4
357,11992,3
357,3627,4
357,16805,4
357,15651,3
357,12353,4
357,8873,5
357,758,5
357,15940,4
357,3297,4
357,18780,5
357,18646,5
357,13485,4
357,16424,5
357,3704,5
357,18728,5
357,9274,5
357,6258,5
357,6661,5
357,10631,3
357,14893,4
357,18755,5
357,1359,4
357,14324,5
357,6667,5
357,9383,5
357,4870,4
357,862,2
357,2439,4
358,17375,4
358,6062,5
358,16177,4
358,10160,5
358,280,5
358,13162,4
358,17928,4
358,17532,5
358,12033,4
358,16521,5
358,17929,5
358,17066,5
358,15543,3
358,12790,4
358,17262,5
358,15699,5
358,15724,5
358,7747,3
358,17023,2
358,17139,4
358,17442,5
358,17399,5
358,17933,5
358,16043,5
358,15703,5
358,1706,5
358,1635,5
358,12217,5
358,16296,3
358,17804,4
358,11367,4
358,9346,5
358,17812,5
358,12210,5
358,17140,4
358,12700,4
358,19172,4
358,11715,4
358,9467,5
358,16030,5
358,18639,5
358,5596,5
358,3552,5
358,10814,4
358,7844,5
358,12492,5
358,2145,5
358,6013,5
358,10737,5
358,7866,5
358,5948,5
359,5048,3
359,1354,5
359,6651,3
359,4650,3
359,4771,3
359,3520,3
359,4707,4
359,6550,4
359,1762,4
359,8055,3
359,12248,4
359,15367,4
359,2175,4
359,6859,4
359,10155,3
359,149,5
359,3522,4
359,4747,3
359,12039,5
359,12111,3
359,6071,4
359,12167,3
359,15,3
359,2923,2
359,6166,4
359,2437,3
359,6401,4
359,362,3
359,345,4
359,10188,5
359,3529,3
359,15837,4
359,18479,4
359,4780,5
359,14,3
359,6193,3
359,6652,4
359,19244,4
359,3646,4
359,18480,1
359,3307,3
359,3479,3
359,7484,2
359,4596,4
359,119,3
359,6751,4
359,2789,2
359,254,2
359,2383,4
359,3474,5
359,4782,4
359,8230,4
359,4881,4
359,3843,5
359,8231,5
359,4844,5
359,2167,4
359,3462,5
359,3850,4
359,9367,4
359,5327,4
359,15022,3
359,2404,2
359,7485,4
359,7563,4
359,4833,1
359,87,4
359,6747,5
359,6159,2
359,2469,3
359,2656,5
359,2655,5
359,3323,4
359,8,4
359,4705,4
359,4767,5
359,1503,4
359,9372,4
359,3495,5
359,6742,4
359,6606,3
359,4769,4
359,9730,5
359,15848,4
359,10933,2
359,3695,3
359,11019,4
359,12492,4
359,733,4
359,13037,3
359,3547,3
359,3797,4
359,16703,4
359,3694,4
359,27,4
359,15823,3
359,13069,4
359,4415,3
359,16595,5
359,13461,4
359,2015,4
359,15193,4
359,13190,3
359,13191,3
359,6096,3
359,17172,4
359,9416,4
359,3716,5
359,10715,4
359,13322,5
359,960,3
359,4989,3
359,8410,4
359,9405,3
359,14749,3
359,10534,4
359,7482,3
359,19912,3
359,10973,3
359,11024,4
359,692,5
359,11814,4
359,8368,3
359,15851,4
359,743,4
359,16957,4
359,13409,3
359,20660,3
359,3665,4
359,2666,3
359,3632,4
359,8200,4
359,6398,4
359,19738,4
359,11704,4
359,1888,4
359,525,4
359,19568,4
359,324,3
359,4359,5
359,3996,3
359,10427,5
359,1948,4
359,12739,3
359,3635,4
359,15649,4
359,444,3
359,567,3
359,12178,3
359,10329,4
359,2965,4
359,6592,4
359,2485,3
359,6068,3
359,14938,5
359,1824,4
359,8218,3
359,632,3
359,12697,4
359,12741,4
359,9155,4
359,3533,3
359,7604,3
359,18648,5
359,15822,3
359,2979,4
359,4725,4
359,10925,3
359,1501,3
359,15834,3
359,19946,4
359,19376,4
359,575,3
359,10381,4
359,11675,4
359,10407,4
359,1918,4
359,12583,4
359,12148,3
359,1837,3
359,5063,4
359,12698,3
359,18600,4
360,10181,4
360,11086,4
360,3027,4
360,15130,5
360,12853,1
360,5171,4
360,19904,4
360,5630,3
360,8852,3
360,9289,4
360,14067,5
360,19188,4
360,17984,3
360,16792,4
360,11059,4
360,1724,4
360,770,3
360,15116,4
360,10102,5
360,11841,3
360,718,5
360,2507,5
360,19181,5
360,15781,4
360,1894,4
360,3656,4
360,19189,5
360,2169,4
360,1672,4
360,5106,4
360,16799,5
360,4417,5
360,1782,5
360,19182,5
360,10363,5
360,9466,5
360,7540,4
360,14969,5
360,9490,5
360,16313,5
360,18903,5
360,19310,5
360,18018,3
360,11388,4
360,5115,4
360,14156,3
360,18044,4
360,13446,1
360,9221,3
360,2710,3
360,2011,3
360,1623,4
360,10834,5
360,12513,4
360,13638,2
360,9450,5
360,14455,3
360,19245,5
360,18917,4
360,17364,3
360,3861,4
360,5077,3
360,20849,5
360,5701,4
360,12693,5
360,1998,4
360,1679,4
360,17549,3
360,19185,5
360,2653,5
360,19390,4
360,20092,5
360,522,5
360,18036,2
360,10091,4
360,18827,3
360,8714,4
360,15574,5
360,6971,5
360,16802,5
360,3725,3
360,9797,3
360,5020,3
360,19187,5
360,19183,2
360,1059,1
360,11860,3
360,5174,5
360,19621,5
360,13078,5
360,16057,5
360,16058,5
360,16327,5
360,10917,5
360,12780,1
360,19295,5
360,19444,5
360,11408,1
360,11627,5
360,1625,5
360,14302,4
360,14699,1
360,9451,5
360,15827,4
360,9817,5
360,4934,5
360,9464,4
360,1439,5
360,19604,5
360,19547,5
360,5556,5
360,18266,4
360,8538,5
360,15285,5
360,12818,4
360,19809,5
360,11688,5
360,1229,1
360,5233,5
360,9559,5
360,6346,3
360,346,2
360,9133,3
360,17804,3
360,305,5
360,5403,4
360,15658,3
360,4673,5
360,10056,2
360,19426,5
360,19242,3
360,1356,5
360,19186,3
360,7471,1
360,9260,2
360,5401,5
360,15686,4
360,6374,4
360,11655,5
360,1150,2
360,19296,5
360,2648,5
360,14081,5
360,20473,1
360,14698,5
360,1061,1
360,17210,4
360,1633,4
360,15199,3
360,14468,4
360,13362,3
360,9737,4
360,9470,2
360,5411,3
360,2207,5
360,16304,2
360,10802,4
360,19184,5
360,19472,5
360,9127,4
360,19268,5
360,1689,5
361,13645,5
361,17968,5
361,9560,5
361,16806,5
361,3635,2
361,17765,5
361,18136,4
361,13805,3
361,9746,5
361,11816,5
361,9500,5
361,12463,3
361,1624,5
361,19134,5
361,19603,5
361,19686,5
361,18249,5
361,12845,5
361,1620,5
361,13138,4
361,15861,5
361,1646,3
361,19135,5
361,13749,5
361,5139,5
361,9990,4
361,10176,4
361,10322,1
361,9957,5
362,11750,5
362,19217,5
362,1467,3
362,14725,2
362,18988,5
362,5283,5
362,5012,5
362,5282,4
362,17706,5
362,18896,5
362,17720,5
362,10601,5
362,22236,5
362,22207,5
362,22293,5
362,13149,5
362,19180,4
362,17702,5
362,17974,5
362,17296,4
362,5295,5
362,22151,5
362,12707,5
362,14706,5
362,12988,5
362,14422,5
362,12468,5
362,12990,5
362,10519,4
362,17906,5
363,14383,5
363,6934,5
363,2045,5
363,1342,5
363,6577,1
363,206,2
363,14707,4
363,3901,5
363,16467,5
363,3396,5
363,10074,5
363,15570,5
363,1308,5
363,5223,3
363,6245,4
363,9882,4
363,1343,5
363,6258,5
363,3423,4
363,1341,5
363,13024,5
363,8701,4
363,5750,5
363,12596,5
363,10537,4
363,14567,4
363,19909,4
363,4799,5
363,6560,5
363,21549,5
363,6034,5
363,7786,3
363,12923,5
363,4123,4
363,16617,5
363,7302,5
364,20159,5
364,21284,3
364,20469,4
364,20219,5
364,20766,5
364,20041,4
364,21391,4
364,20198,4
364,20814,5
364,20771,4
364,15552,4
364,20074,5
364,19950,5
364,19968,5
364,20154,4
364,20331,5
364,20411,3
364,20438,4
364,20839,5
364,20033,3
364,20458,5
364,20792,5
364,21397,4
364,21735,4
364,21696,4
364,21081,4
364,21326,4
364,21412,5
364,21204,3
364,21388,4
364,21370,5
364,21707,4
364,20825,4
364,21147,5
364,21641,5
364,21725,4
364,21225,4
364,21199,4
364,21582,4
364,20590,4
364,21075,4
364,20997,3
364,21098,4
364,21151,4
364,20840,5
365,11651,4
365,10695,4
365,9012,4
365,2310,2
365,15854,5
365,10980,5
365,2000,3
365,9431,1
365,19345,4
365,13485,5
365,9398,5
365,10972,3
365,878,1
365,2650,5
365,20260,3
365,13477,5
365,3638,4
365,4785,4
365,19636,5
365,2030,4
365,19505,3
365,2572,4
365,5997,4
365,11691,3
365,3540,5
365,2479,3
365,3531,4
365,9388,5
365,2555,2
365,3632,1
365,6035,5
365,9383,4
365,1888,4
365,364,4
365,1422,4
365,2895,5
365,6756,5
365,3526,4
365,1927,3
365,3341,5
365,3541,4
365,1933,3
365,2483,4
365,5058,4
365,4605,4
365,186,5
365,10150,5
365,11658,5
365,207,5
365,4883,5
365,4612,5
365,4744,4
365,3734,5
365,3737,4
366,12355,5
366,1910,3
366,9008,4
366,8208,5
366,5978,4
366,5956,3
366,12581,4
366,15865,4
366,17302,5
366,18553,5
366,11702,5
366,4956,4
366,2470,4
366,16159,4
366,1711,4
366,18882,4
366,15471,4
366,14942,4
366,4173,5
366,523,4
366,16524,5
366,17111,4
366,1790,4
366,2750,5
366,15243,1
366,17928,2
366,15733,5
366,4330,4
366,17112,3
366,7748,4
366,5230,5
366,16598,3
366,5813,4
366,648,5
366,15281,4
366,17024,5
366,15702,5
366,17401,4
366,2763,4
366,17950,3
366,7719,4
366,17659,5
366,11277,4
366,17370,5
366,8510,4
366,17439,5
366,570,1
366,17043,2
366,1408,4
366,12819,4
366,3778,4
366,2338,4
366,503,3
366,12820,4
366,16491,4
367,14846,2
367,6583,5
367,5091,2
367,14923,5
367,3822,5
367,11840,5
367,16686,5
367,5996,5
367,16504,4
367,11663,5
367,9576,4
367,5187,4
367,8724,5
367,12132,5
367,17817,5
367,772,4
367,11044,5
367,12964,5
367,16718,5
367,2707,5
367,888,5
367,2355,5
367,4075,4
367,17836,5
367,11100,5
367,1495,3
367,17420,4
367,17067,5
367,18901,5
367,17476,4
367,17193,1
367,17465,5
367,7724,4
367,7727,3
367,7744,5
367,7526,5
367,3010,5
367,17222,5
367,7734,5
367,6543,5
367,805,4
367,732,5
367,14887,5
367,12720,4
367,2285,4
367,15606,4
367,12460,4
367,20091,4
367,4746,5
367,19598,5
367,10630,5
367,512,5
367,13596,3
367,4057,5
367,2050,4
367,14204,5
367,10978,5
367,817,5
367,19326,4
367,4061,4
367,11837,4
367,562,5
367,2464,4
367,1947,5
367,18156,5
367,7380,5
367,9350,5
367,409,5
367,2233,5
367,1928,5
367,8743,5
367,1938,5
367,567,4
367,13042,4
367,2182,3
367,14891,2
367,10328,3
367,555,5
368,6641,4
368,14138,5
368,1021,4
368,628,5
368,21328,3
368,18733,5
368,5422,3
368,972,5
368,11128,5
368,15873,5
368,8262,4
368,19075,5
368,8327,4
368,19084,5
368,21567,5
368,20645,5
368,21744,5
368,16745,4
368,16240,5
368,18057,5
368,21857,4
368,21828,5
368,4635,5
368,14467,5
368,9438,5
368,4458,4
368,19066,5
368,2672,5
368,6198,4
368,21075,4
368,21721,5
368,17767,5
368,21754,5
368,19354,3
368,20264,5
368,2680,4
368,3719,1
368,13830,5
368,1097,3
368,5424,3
368,1098,5
368,2610,5
368,11131,4
368,16433,5
368,16153,5
368,14782,5
368,14728,4
368,1099,3
368,8255,3
368,21464,5
368,13827,5
368,6652,4
368,3339,2
368,646,5
368,10650,2
368,11559,3
368,12917,4
368,10980,3
368,15932,4
368,16649,5
368,4546,4
368,1415,5
368,13183,4
368,21495,3
368,16625,5
368,21942,5
368,11568,4
368,12883,4
368,6119,2
368,2634,4
368,16750,4
368,8002,5
368,12166,3
368,1093,5
368,15230,5
368,20119,3
368,10726,2
368,5703,5
368,4027,3
368,18738,5
368,15032,4
368,1094,5
368,19804,4
368,5436,4
368,14089,3
368,10495,4
368,1798,4
368,9012,5
368,1308,5
368,18588,2
368,8319,5
368,17078,5
368,4729,3
368,10576,5
368,21015,4
368,18389,5
368,21128,3
368,16569,4
368,4146,4
368,11157,3
368,930,5
368,14464,5
368,16404,4
368,18883,5
368,17077,4
368,18749,5
368,5796,5
368,815,4
368,11176,5
368,12595,3
368,17049,4
368,14477,5
368,969,5
368,22311,5
368,16289,5
368,17899,4
368,22100,5
368,22217,5
368,21994,3
368,10463,4
368,17793,5
368,2855,5
368,18032,5
368,6370,5
368,17662,3
368,8225,5
368,6388,5
368,17214,5
368,21877,4
368,21588,5
368,18033,4
368,22238,5
368,21687,5
368,21913,4
368,6104,5
368,1009,5
368,14596,4
368,20629,4
368,11306,4
368,21974,5
368,17762,5
368,18913,4
368,21850,5
368,21897,4
369,14071,5
369,18222,4
369,16823,3
369,6661,5
369,20725,5
369,19238,5
369,1163,5
369,1281,5
369,18353,4
369,19239,4
369,13049,4
369,9088,3
369,19387,5
369,13812,4
369,16397,5
369,1739,4
369,10476,3
369,13505,3
369,15477,5
369,11834,4
369,6047,4
369,14845,5
369,4878,5
369,2585,5
369,16604,2
369,10199,5
369,15558,4
369,11071,5
369,1745,4
369,16401,3
369,18191,5
369,18071,5
370,11851,4
370,11006,3
370,7272,5
370,3028,4
370,17844,4
370,10713,4
370,12328,3
370,61,5
370,4082,5
370,10693,5
370,15852,5
370,8508,2
370,7918,3
370,8524,5
370,13585,4
370,3774,3
370,16294,5
370,10621,4
370,19751,4
370,19815,4
370,19662,5
370,13395,4
370,14054,3
370,6092,2
370,9564,2
370,15972,4
370,3027,4
370,9340,5
370,734,3
370,4983,2
370,810,5
370,17835,5
370,14309,5
370,907,3
370,5959,3
370,5743,2
370,9409,4
370,11110,3
370,1789,3
370,17927,3
370,10640,3
370,15488,4
370,12330,4
370,13724,5
370,8280,5
370,2705,4
370,10647,3
370,13336,5
370,13337,5
370,9068,3
370,17976,5
370,16869,5
370,10635,4
370,3167,4
370,4192,5
370,15679,5
370,8381,4
370,13212,5
370,10717,3
370,5605,5
370,3023,2
370,16667,3
370,9719,2
370,8383,5
370,756,4
370,1465,5
370,13968,2
370,15887,3
370,14213,2
370,14090,2
370,8532,4
370,5719,4
370,3538,4
370,8264,5
370,12329,4
370,7237,3
370,18002,4
370,14529,3
370,16977,4
370,5512,5
370,17641,3
370,17640,3
370,18892,5
370,11500,4
370,14474,5
370,7706,4
370,18013,4
370,17309,4
370,13354,5
370,17166,4
370,17599,3
370,13002,5
370,14315,3
370,1795,4
370,13330,5
370,17932,4
370,17310,4
370,4423,5
370,17850,3
370,17319,4
370,17647,3
370,21906,2
370,11278,5
370,3048,3
370,14533,4
370,21992,3
370,7133,5
370,14340,4
370,18848,3
370,9720,2
370,8431,4
370,14677,5
370,17387,4
370,5470,2
370,17922,5
370,17183,2
370,4313,2
370,12094,4
370,14856,4
370,8194,1
370,2949,5
370,12761,4
370,4279,2
370,1917,4
370,16144,3
370,8189,4
370,2226,3
370,13266,4
370,15811,3
370,2718,3
370,18825,5
370,15539,4
370,1796,5
370,4086,4
370,16978,4
370,13979,3
370,9621,4
370,5465,3
370,3328,4
370,2710,3
370,7235,2
370,17802,4
370,3662,2
370,2857,5
371,2707,5
371,4649,3
371,2799,4
371,2508,5
371,16535,4
371,7545,4
371,128,4
371,15002,5
371,12782,5
371,4965,5
371,1604,5
371,7715,5
371,16085,5
371,8705,4
371,15825,5
371,6603,3
371,19756,4
371,18168,5
371,16884,5
371,19765,4
371,17934,5
371,6964,5
371,14123,5
371,18011,5
371,11378,5
371,8431,5
371,18038,5
371,8842,5
371,2049,5
371,20745,5
371,20710,5
371,2023,5
371,5990,5
371,12955,4
371,20726,4
371,10867,5
371,6607,5
371,6714,5
371,10568,4
371,8196,5
371,20440,3
371,7716,5
371,17456,5
371,16425,5
371,17435,5
371,1214,3
371,21876,3
372,9071,5
372,14075,5
372,18592,4
372,13592,2
372,13191,5
372,13182,3
372,11703,4
372,13259,4
372,5972,5
372,691,3
372,13584,5
372,2968,3
372,5633,5
372,4015,3
372,3667,5
372,2489,5
372,8862,5
372,13190,5
372,6660,5
372,13649,4
372,14072,4
372,4075,5
372,3665,3
372,13230,4
372,9072,4
372,13470,5
372,10650,5
372,20846,5
372,16795,3
372,2245,5
372,3691,5
372,14346,5
372,4420,3
372,13192,4
372,4066,5
372,13529,5
372,4058,5
372,13516,4
372,6989,3
372,5550,5
372,15972,5
372,21443,2
372,18792,5
372,11030,5
372,7426,5
372,17167,5
372,6373,3
372,9709,5
372,14202,5
372,11281,5
372,17853,5
372,6721,5
372,7242,2
372,18833,4
372,19012,2
372,2726,5
372,17309,4
372,14137,5
372,17854,4
372,1000,5
372,2919,5
372,17634,4
372,901,4
372,14169,5
372,13198,5
372,18834,5
372,4221,5
372,17163,5
372,2589,5
372,958,4
372,9809,5
372,4067,5
372,10590,4
372,9710,5
372,17604,4
372,14702,4
372,14664,5
372,13189,2
372,20908,4
372,2695,4
372,4222,3
372,14138,3
372,854,4
372,18850,5
372,20537,3
372,2643,4
372,18972,3
372,10949,3
372,5747,5
372,3035,3
372,14467,5
372,2970,5
372,21683,5
372,18054,4
372,3000,3
372,19018,5
372,17695,3
372,7430,5
372,21630,2
372,6875,5
372,19069,2
372,18745,4
372,13426,5
372,16982,5
372,18915,5
372,21041,5
372,13469,5
372,2300,4
372,34,3
372,13201,5
372,16571,5
372,6319,5
372,8879,5
372,21315,3
372,6033,5
372,14172,5
372,14107,5
372,4437,2
372,21520,5
372,14687,5
372,3210,3
372,4791,5
372,14692,5
372,21634,4
372,3998,5
372,4725,4
372,2967,4
372,4033,4
372,4024,4
372,20175,5
372,4017,5
372,3676,4
372,713,3
372,2488,3
372,13072,5
372,6759,4
372,672,4
372,13575,5
372,11060,5
372,4731,2
372,8849,5
372,12728,5
372,19476,4
372,4009,4
372,14140,5
372,21191,5
372,1030,3
372,15111,4
372,4011,3
372,13057,4
372,4016,5
372,555,3
372,563,4
372,3668,4
372,310,4
373,9640,4
373,14085,1
373,12472,4
373,9649,5
373,15386,5
373,12473,3
373,9742,5
373,15390,5
373,7334,3
373,12303,5
373,9648,3
373,15674,5
373,15461,4
373,12295,3
373,15532,5
373,18165,3
373,9743,5
373,9744,5
373,9638,4
373,1874,3
373,9644,4
373,9300,5
373,1955,5
373,9645,3
373,12291,3
373,9646,4
373,16725,5
373,15462,5
373,12265,5
373,13490,5
373,13873,5
373,9740,3
373,1942,5
373,9643,3
374,17175,5
374,21165,5
374,21213,5
374,21152,5
374,14274,5
374,17174,5
374,19876,5
374,21110,5
374,14816,5
374,14804,5
374,20850,5
374,20333,5
374,21286,5
374,21439,5
374,18856,5
374,14796,5
374,22178,5
374,21357,5
374,18769,5
374,18971,5
374,21088,5
374,14817,5
374,21280,4
374,21350,5
374,21431,5
374,20946,5
374,21266,5
374,21692,5
374,21462,5
374,10556,5
374,21523,5
374,19103,5
374,21492,5
374,21546,5
374,14347,5
374,16983,5
374,21617,5
374,21537,5
374,16416,5
374,21459,5
374,21509,5
374,16816,5
374,10533,5
374,21819,5
374,21733,5
374,21638,4
374,17324,5
374,19104,5
374,21674,4
374,21660,5
374,21686,5
374,10594,5
374,21645,5
374,10588,4
374,17282,5
374,21129,5
374,14344,5
374,21758,5
374,22230,5
374,18947,5
374,22186,5
374,21274,5
374,22147,5
374,22129,5
374,22105,5
374,21771,5
374,22080,5
374,22044,5
374,17211,5
374,21622,5
374,17213,5
374,22030,5
374,18963,5
374,22277,5
374,22264,5
374,22284,5
374,22294,5
374,18957,5
374,22287,5
374,22200,5
374,21676,5
374,18948,5
374,22248,5
374,17792,5
374,22267,5
374,19991,5
374,18787,5
374,22026,5
374,3558,5
374,13656,5
374,20249,5
374,20723,5
374,20786,5
374,14272,5
374,18709,5
374,20832,5
374,14606,5
374,6098,5
374,14712,5
374,20982,5
374,21852,5
374,21780,5
374,21907,5
374,14282,5
374,17346,5
374,18946,5
374,17773,5
374,21996,5
374,21999,5
374,21774,5
374,14283,5
374,21930,4
375,17811,5
375,9355,5
375,7414,5
375,263,5
375,2605,5
375,5246,5
375,17904,5
375,17905,5
375,1640,5
375,10175,5
375,5603,4
375,8443,5
375,19806,5
375,15734,5
375,8726,5
375,5114,5
375,15986,5
375,3533,5
375,1541,5
375,6529,5
375,2216,4
375,18560,5
375,10407,5
375,3647,5
375,9349,5
375,9654,5
375,5149,5
375,5168,5
375,17806,5
375,5148,5
375,14941,4
375,18193,5
375,16211,4
375,20380,4
375,6552,3
375,15388,4
375,9661,5
375,16866,4
375,5186,4
375,9063,4
375,13162,4
375,18024,5
375,17236,4
375,17930,5
375,5733,4
375,17991,4
375,10635,3
375,18015,5
375,10649,4
375,9664,5
375,17845,5
375,14348,5
375,4059,5
375,5268,5
375,15389,5
375,2959,5
375,16856,5
375,15259,5
375,1749,5
375,20571,5
375,12713,5
375,20070,3
375,17080,5
375,16691,4
376,17766,3
376,19484,5
376,6453,2
376,12391,5
376,7966,5
376,19293,5
376,7290,5
376,18573,5
376,10779,5
376,10189,5
376,10190,5
376,18245,5
376,20019,5
376,19648,2
376,13854,5
376,9558,2
376,15435,5
376,8338,5
376,13503,5
376,18313,5
376,9961,5
376,4991,5
376,3648,5
376,7271,1
376,3260,5
377,5107,5
377,11783,5
377,1224,5
377,11781,5
377,3821,4
377,10325,5
377,16285,4
377,9255,4
377,10378,5
377,12227,5
377,15271,4
377,4566,5
377,11784,5
377,9751,5
377,11774,5
377,12481,5
377,10326,4
377,5095,2
377,18302,3
377,6729,4
377,388,3
377,19849,5
377,18487,5
377,9810,4
377,11777,5
377,11779,5
377,11776,5
377,9297,5
377,19863,3
377,19861,3
377,19867,4
377,19535,4
377,9111,4
377,19850,4
377,19846,2
377,15034,5
377,19869,5
377,19856,4
377,8447,4
377,15036,5
377,19862,4
377,5090,3
377,18494,3
377,5040,5
377,10772,4
377,2803,5
377,11785,5
377,10757,5
377,1236,5
377,6736,5
377,8629,5
377,19159,5
377,4863,5
377,18747,5
377,5553,1
377,1570,5
377,16380,5
377,13083,5
377,15849,5
377,18269,5
377,226,4
377,19866,4
377,3550,4
377,6723,5
378,5273,3
378,20825,2
378,14333,5
378,20834,5
378,21952,5
378,20963,5
378,20309,5
378,20966,5
378,20648,5
378,21041,5
378,20788,5
378,20576,5
378,21700,5
378,20324,1
378,6943,5
378,20342,5
378,20318,2
378,19341,5
378,20590,5
378,20624,4
378,20478,3
378,20536,5
378,20561,5
378,20166,4
378,20757,5
378,21891,5
378,22025,3
378,22014,5
378,21940,5
378,20919,5
378,21919,4
378,20821,4
378,20451,5
378,21835,5
378,21524,3
378,21592,5
378,21630,5
378,21508,5
378,21639,5
378,20246,5
378,21348,5
378,22063,5
378,21672,5
378,20886,5
378,21526,2
378,21011,3
378,21044,5
378,12288,5
378,4222,1
378,19697,5
378,21144,5
378,20911,1
378,21278,5
378,20462,3
378,21402,2
378,21474,5
378,21139,2
378,21447,5
378,20888,3
379,6445,4
379,12760,3
379,481,3
379,2582,3
379,3773,3
379,14992,4
379,3778,4
379,654,3
379,2470,4
379,528,3
379,12820,3
379,3438,4
379,12819,3
379,659,4
379,14828,5
379,620,5
379,7826,3
379,12918,3
379,1552,3
379,412,2
379,6628,4
379,12781,3
379,492,3
379,9010,1
379,11647,4
379,505,4
379,3425,4
379,12897,3
379,16371,3
379,16370,3
379,13564,2
379,10980,4
379,3106,4
379,15870,4
379,12940,3
379,3808,3
379,3801,4
379,3435,3
379,5461,3
379,11098,3
379,822,2
379,13720,5
379,6135,4
379,13689,4
379,13321,5
379,10720,4
379,17570,5
379,15889,4
379,9018,3
379,3099,3
379,14374,5
379,12901,3
379,5616,3
379,17816,5
379,3777,3
379,2607,2
379,19805,3
379,2370,5
379,689,3
379,12942,3
379,824,4
379,673,1
379,5659,4
379,540,3
379,13659,5
379,3097,4
380,3878,5
380,5389,5
380,1609,4
380,10171,5
380,257,5
380,5394,5
380,6967,5
380,6961,2
380,9082,4
380,18239,5
380,6960,1
380,8978,5
380,1693,4
380,21847,5
380,9870,5
380,1613,5
380,7538,5
380,14373,4
380,19251,5
380,18407,5
380,15544,4
380,9474,4
380,1694,5
380,16568,5
380,1600,5
380,16360,3
380,17936,5
380,18007,5
380,2177,4
380,5301,5
380,17771,5
380,9581,5
380,9449,5
380,19246,4
380,13388,4
380,19131,5
380,1735,5
380,13804,5
380,10582,5
380,12150,5
380,5388,4
380,14417,4
380,18113,5
380,9182,5
380,10595,5
380,10605,4
380,9084,1
380,17681,5
380,12997,5
380,21809,5
380,7406,5
380,15165,3
380,10959,3
380,3849,4
380,7403,5
380,16358,4
380,9836,4
380,9501,4
380,2804,4
380,18990,3
381,17784,4
381,8415,4
381,2759,4
381,11421,4
381,10612,5
381,13187,3
381,21900,5
381,19235,5
381,17632,4
381,4456,4
381,2733,5
381,6308,5
381,11238,4
381,19020,5
381,18941,5
381,14492,4
381,11549,5
381,6304,5
381,6297,5
381,15737,5
381,19233,4
381,11472,4
381,14098,5
381,9991,5
381,14745,5
381,7221,4
381,11317,5
381,11512,4
381,22024,5
381,22120,4
381,14695,5
381,10696,5
381,14270,5
381,11303,4
381,12306,4
381,1047,4
381,14513,5
381,14510,4
381,6321,4
381,11624,5
381,14598,4
381,11399,5
381,14741,5
381,11312,5
381,11798,5
381,16393,5
381,15291,4
381,13583,4
381,8328,4
381,14479,4
381,5505,4
381,12388,5
381,6350,4
381,1017,4
381,14322,4
381,6323,4
381,11592,5
381,6302,4
381,5004,5
381,18049,4
381,18202,4
381,19033,4
381,16832,4
381,19158,4
381,14524,5
381,6348,5
381,13836,5
381,11263,5
381,6316,4
381,14466,5
381,19034,4
381,13999,4
382,21610,5
382,21393,5
382,17444,4
382,21935,5
382,21939,5
382,17363,5
382,21813,5
382,17457,5
382,7526,5
382,18831,5
382,17291,4
382,20799,5
382,17894,5
382,22274,5
382,22237,5
382,20186,5
382,22216,5
382,22304,5
382,20453,3
382,21511,5
382,21614,5
382,21291,5
382,21069,5
382,21358,4
382,10565,5
382,21116,5
382,11417,4
382,21519,5
382,18914,5
382,18063,5
382,21219,4
382,22286,4
382,17757,5
383,10809,5
383,9425,2
383,7848,4
383,13606,5
383,7871,4
383,12400,5
383,17285,4
383,7893,4
383,7290,5
383,6013,4
383,11690,4
383,6000,3
383,11643,5
383,12251,4
383,2934,5
383,3341,4
383,8298,5
383,3447,5
383,3765,3
383,16480,4
383,289,5
383,1486,5
383,1466,5
383,13322,5
383,5650,5
383,15853,5
383,12098,5
383,18629,5
383,12941,4
383,4498,5
383,12362,4
383,1435,3
383,16514,4
383,18143,4
383,14475,5
383,14232,5
383,14437,5
383,8248,5
383,5885,4
383,11707,4
383,14502,4
383,12383,4
383,16424,5
383,13013,3
383,820,5
383,16953,4
383,3331,4
383,11042,5
383,14941,5
383,16713,5
383,2261,5
383,15658,3
383,8732,4
383,398,4
383,3480,3
383,19509,4
383,18091,4
383,18092,4
383,3862,5
383,15935,3
383,12015,5
383,12014,5
383,12013,5
383,12012,4
383,9349,5
383,16303,4
383,6664,3
383,4522,5
383,10348,5
383,15876,4
383,342,3
383,8730,4
383,2444,4
383,18258,5
384,881,5
384,14733,4
384,2637,5
384,882,5
384,17566,5
384,14758,3
384,955,2
384,11127,4
384,11811,5
384,1095,5
384,8214,4
384,7230,3
384,847,4
384,11237,5
384,982,4
384,1043,3
384,17677,5
384,19075,5
384,7229,3
384,7253,4
384,14174,5
384,22102,5
384,13588,4
384,6355,4
384,1040,3
384,3213,5
384,15820,5
384,13006,5
384,1001,4
384,1567,5
384,5519,4
384,21814,5
384,2784,5
384,4217,5
384,14538,2
384,6370,4
384,18679,3
385,11262,4
385,14749,5
385,11271,5
385,22018,5
385,22131,5
385,14352,5
385,16809,5
385,17303,5
385,8876,4
385,11279,5
385,22150,5
385,6334,5
385,11153,5
385,21738,5
385,22306,5
385,21753,5
385,21634,5
385,20954,5
385,21843,5
385,7375,5
385,18607,5
385,14200,5
385,18420,5
385,10364,5
385,17961,4
385,21752,5
385,21413,5
385,21229,2
385,14790,4
385,17194,5
385,18898,5
385,11185,5
385,11088,4
385,20791,5
386,8472,4
386,18025,4
386,18425,4
386,18024,3
386,11170,4
386,11254,5
386,12338,4
386,14529,4
386,5728,4
386,17234,5
386,13358,4
386,18853,4
386,14667,4
386,18854,4
386,17616,4
386,13369,4
386,17612,5
386,17613,3
386,17617,4
386,17611,4
386,17615,5
386,14528,4
386,17620,5
386,15699,4
386,15700,4
386,17621,5
386,14269,4
386,17619,5
386,8890,4
386,17618,5
386,3044,4
386,12334,4
386,13353,5
386,11008,4
386,14462,5
386,2704,4
386,7711,5
386,13979,4
386,13360,5
386,11364,5
386,11355,5
386,17908,4
386,17183,3
386,7256,4
386,12347,3
386,18039,4
386,14358,4
386,17614,4
386,1018,4
386,4173,4
386,11107,4
386,12345,4
386,2730,4
386,17976,5
386,13431,4
386,13341,5
386,13335,5
386,12339,3
386,4216,4
386,11436,4
386,1728,4
386,3068,5
386,3188,5
386,5547,4
386,12337,3
386,14309,4
386,12342,5
386,13331,5
386,9076,4
386,5263,5
386,15886,4
386,17028,5
386,22092,5
386,14388,4
386,10454,4
386,14566,4
386,7525,4
386,18910,3
386,14475,5
386,7529,5
386,7527,5
386,12740,5
386,8889,4
386,4983,4
386,14558,4
386,19032,3
386,3008,3
386,16970,5
386,5469,5
386,13192,5
386,7522,5
386,13386,5
386,17463,5
386,7084,5
386,16589,5
386,3054,4
386,17328,3
386,14017,4
386,12348,4
386,17063,4
386,1727,4
386,17242,5
386,17646,4
386,17238,5
386,19025,4
386,5463,5
386,6317,3
386,1729,5
386,16895,5
386,13376,4
387,13435,5
387,14683,3
387,6300,5
387,4813,5
387,5346,5
387,6381,5
387,878,2
387,746,5
387,9725,5
387,18740,5
387,4242,5
387,785,5
387,5549,5
387,9360,5
387,12228,4
387,5243,1
387,3713,3
387,892,5
387,908,5
387,954,5
387,14168,5
387,13304,5
387,3455,5
387,546,5
387,5874,5
387,4151,5
387,14926,5
387,10075,5
387,6299,4
388,11800,4
388,2302,3
388,12356,2
388,15479,3
388,6522,3
388,15827,3
388,328,2
388,18259,5
388,11735,3
388,1825,2
388,7253,4
388,18346,5
388,2509,4
388,2265,5
388,16744,3
388,2026,5
388,897,3
388,20056,3
388,11692,3
388,14211,4
388,9346,5
388,10006,5
388,19044,4
388,17188,3
388,14906,4
388,7513,5
388,14936,5
388,3229,4
388,10964,3
388,11707,3
388,9420,4
388,19015,2
388,9437,5
388,7244,2
388,18899,4
388,2966,3
388,15618,4
388,18067,3
388,14456,5
388,16344,2
388,11018,4
388,13303,5
388,15227,5
388,886,5
388,9313,3
388,374,5
388,7956,5
388,134,2
388,18383,4
388,9738,4
388,11691,5
388,10792,5
388,10807,5
388,13367,4
388,18952,4
388,10627,4
388,15856,4
388,18021,1
388,14894,4
388,3550,4
389,20528,3
389,2565,3
389,4206,4
389,20978,3
389,21089,2
389,20327,2
389,20192,2
389,2627,3
389,20477,2
389,20176,1
389,21256,3
389,11140,4
389,22231,3
389,21739,1
389,7376,3
389,22316,4
389,19163,4
389,17524,2
389,13907,3
389,21240,2
389,15279,4
389,18651,5
389,19886,2
389,11909,3
389,20042,4
389,13175,3
389,5043,2
389,10414,1
389,3204,2
389,10467,2
389,4930,2
389,2560,2
389,2962,2
389,11902,3
389,9715,2
389,5829,3
389,3086,3
390,12202,5
390,14961,5
390,16001,4
390,3851,5
390,3155,5
390,6807,5
390,9769,4
390,8968,5
390,412,4
390,986,5
390,1396,5
390,518,4
390,5944,5
390,5939,5
390,3079,5
390,1545,5
390,5942,4
390,4141,5
390,7392,5
390,9008,5
390,11977,5
390,423,5
390,1146,5
390,16369,5
390,3072,5
390,8205,5
390,5311,4
390,9623,5
390,2176,5
390,3302,5
390,7413,2
390,4251,5
390,15162,4
390,10125,5
390,3490,5
390,9987,5
390,6750,5
390,18228,5
390,9497,5
390,3622,2
390,3111,5
390,14841,5
390,15027,5
390,528,4
390,3088,5
390,5790,4
390,620,4
390,3083,4
390,10243,3
390,10939,4
390,5607,4
390,3093,5
390,15081,5
390,16124,4
390,5953,4
390,5934,5
390,589,4
390,4023,4
390,4950,5
390,16190,5
390,5949,4
390,9150,4
390,19891,5
390,3081,4
390,10164,5
390,19491,5
390,1476,5
390,5734,5
390,16429,4
390,2866,5
390,3128,5
390,3772,4
390,5330,5
390,481,4
390,11552,3
390,21340,4
390,22258,5
390,20968,4
390,14965,5
390,21005,4
390,17682,4
390,1747,5
390,3071,4
391,4324,5
391,20565,5
391,20247,5
391,4060,5
391,4265,1
391,9294,5
391,3209,5
391,5336,5
391,5324,5
391,3999,5
391,13243,5
391,2464,5
391,19627,5
391,2445,5
391,19630,5
391,13182,5
391,20792,5
391,4004,5
391,20034,5
391,21810,5
391,21222,5
391,21486,5
391,19821,5
391,20502,5
391,20058,5
391,21041,5
391,20900,5
391,3997,5
391,3035,5
391,20394,5
391,20390,5
391,5341,5
391,19613,5
391,19675,5
391,13190,5
391,3691,5
391,3033,5
391,4776,5
391,15927,5
391,739,5
391,11933,5
391,20584,5
391,15846,5
391,19607,5
391,13028,5
391,13031,5
391,11934,5
391,12744,5
391,259,5
392,21277,4
392,11787,4
392,14592,4
392,1484,3
392,1727,4
392,14442,4
392,17185,3
392,14441,4
392,1729,4
392,18781,4
392,18040,4
392,2661,4
392,21605,4
392,16634,4
392,21482,4
392,13431,4
392,18881,3
392,2758,3
392,6317,4
392,2938,4
392,3213,4
392,10720,4
392,6844,3
392,2512,4
392,973,4
392,3808,4
392,22067,3
392,17729,4
392,17334,3
392,12950,3
392,11240,4
392,17333,5
392,12296,5
392,1083,3
392,3044,4
392,14589,4
392,7091,4
392,3042,4
392,980,3
392,6115,3
392,21344,4
392,21428,3
392,14341,4
392,11339,4
392,1056,3
392,871,2
392,11309,5
392,1009,4
392,11253,4
392,19044,4
392,16373,3
392,11177,5
392,995,3
392,11248,5
392,21384,4
392,11314,4
392,900,4
392,11114,4
392,6307,4
392,940,4
392,14503,5
392,21096,4
392,931,4
392,16630,4
392,14536,3
392,1458,4
392,11294,3
392,6350,3
392,13700,4
392,12381,5
392,2526,5
392,9018,3
392,1054,4
392,3299,2
392,11160,4
392,18888,4
392,35,3
392,17443,4
392,3181,3
392,5691,5
392,5491,3
392,3053,2
392,14459,4
392,14462,4
392,14089,4
392,17078,3
392,11439,4
392,2596,4
392,11250,3
392,14689,4
392,18649,3
392,14483,4
392,11460,4
392,1007,5
392,1052,3
392,20486,3
392,970,3
392,769,4
392,14001,4
392,8330,4
392,14487,4
392,14143,3
392,966,5
392,28,5
392,16750,5
392,16756,5
392,20659,5
392,16754,5
392,1406,4
392,14061,4
392,13896,4
392,2567,3
392,5514,4
392,1049,5
392,19063,3
392,1046,3
392,11274,4
392,1028,3
392,19030,4
392,183,4
392,18438,4
392,11612,4
392,11312,4
392,11221,3
392,22041,4
392,14530,4
392,21627,4
392,13380,4
392,19078,3
392,14453,5
392,16887,4
392,11440,3
392,19013,3
392,957,3
392,2750,4
392,7244,4
392,17122,3
392,8252,4
392,6480,4
392,15966,4
392,7587,5
392,14752,4
392,14467,3
392,15929,3
392,17646,4
392,14598,3
392,2609,3
392,17572,5
392,18731,4
392,17573,5
392,4998,3
392,19037,4
392,11266,5
392,926,3
392,838,3
392,905,3
392,22098,4
392,21671,3
392,689,4
392,17282,4
392,11262,4
392,987,3
392,11232,5
392,14601,4
392,152,4
392,5515,4
392,4215,4
392,5508,3
392,5507,3
392,10944,4
392,19032,3
392,14497,5
392,5469,3
392,11199,3
392,3191,4
392,14017,4
392,14533,4
392,11286,3
392,961,4
392,11142,4
392,14696,5
392,19031,3
392,11595,4
392,21133,3
392,11335,3
392,22017,3
392,19038,3
392,912,4
392,7229,4
392,853,5
392,21976,4
392,5463,4
392,21180,4
392,14574,4
392,11304,4
392,4028,4
392,21776,4
392,11333,4
392,21626,4
392,1016,4
392,1068,5
392,11642,5
392,14535,5
392,11223,4
392,18944,4
392,5523,4
392,19998,5
392,13459,5
392,20053,5
392,22102,4
392,11786,5
392,11625,4
392,6391,3
392,6127,5
392,17337,4
392,21017,3
392,18945,4
392,10433,5
392,13736,5
392,17731,3
392,16656,5
392,17315,3
392,6797,5
392,1034,3
392,6360,4
392,22315,4
392,1003,3
392,13045,5
392,12279,5
392,14018,3
392,11920,4
392,11028,4
392,20043,4
392,20303,4
392,20555,5
392,18768,5
392,590,5
392,18985,5
392,19041,4
392,928,4
392,16640,5
392,142,4
392,2453,4
392,2568,4
392,10950,4
392,15888,3
392,4827,3
392,7013,4
392,11189,5
392,1971,3
392,11105,4
392,2740,4
392,868,4
392,16966,4
392,12935,4
392,11534,3
392,2389,3
392,9716,5
392,18987,5
392,18986,5
392,19973,5
392,11252,3
392,17239,5
392,14526,5
392,13875,5
392,17512,4
392,11583,5
392,22263,4
392,20622,4
392,5818,4
392,1021,4
392,14576,4
392,6330,3
392,849,3
392,11098,5
392,11410,4
392,8412,5
392,2698,4
392,2608,4
392,571,4
392,8888,3
392,1027,3
392,11082,5
392,5005,5
392,754,4
392,14528,3
392,18984,5
392,11123,5
392,634,4
392,10962,5
392,8878,3
392,19074,4
392,5367,4
392,11493,4
392,11233,4
392,2906,3
392,17603,4
392,17639,4
392,11124,4
392,19080,4
392,10552,4
392,13600,4
392,18039,4
392,14810,4
392,11219,3
392,4432,5
392,10961,4
392,18029,4
392,17254,3
392,8640,4
392,4462,5
392,8950,3
392,14128,4
392,12914,5
392,8261,5
392,13683,4
392,8340,5
392,16757,5
392,14166,5
392,8411,4
392,4167,4
392,15267,4
392,14464,4
392,5422,4
392,14113,4
392,6134,4
392,856,4
392,4171,4
392,11047,4
392,8377,5
392,3280,4
392,11045,5
392,11137,4
392,2536,4
392,2669,4
392,10650,4
392,11157,5
392,701,4
392,2718,4
392,2537,4
392,753,4
392,14105,4
392,977,4
392,11101,5
392,11148,5
392,13665,3
393,1964,5
393,5013,2
393,19179,5
393,2450,5
393,11733,5
393,11983,5
393,8871,3
393,3739,2
393,18924,5
393,14104,5
393,1571,2
393,8959,5
393,13065,3
393,13533,4
393,12724,5
393,1448,3
393,18219,2
393,3512,3
393,12117,5
393,8870,4
393,18705,5
393,14303,2
393,18956,3
393,14540,5
393,3335,5
393,16976,2
393,6739,2
393,11656,2
393,1785,5
393,13615,3
393,2341,5
393,19024,2
393,15730,2
393,1832,5
393,8892,4
393,9183,5
393,15837,4
393,5033,2
393,3921,2
393,2017,4
393,1452,3
393,3839,4
393,11065,4
393,4907,5
393,3314,3
393,2267,4
393,9602,4
394,19964,4
394,19817,3
394,2308,5
394,10428,4
394,12779,3
394,19857,2
394,12737,3
394,19579,5
394,12688,3
394,10950,3
394,7477,2
394,8335,2
394,7502,4
394,1090,2
394,3775,1
394,14770,1
394,19740,2
394,2978,3
394,15854,5
394,1825,3
394,12428,5
394,1761,5
394,1954,3
394,970,4
394,11179,5
394,16715,5
394,7475,5
394,17904,5
394,7387,4
394,15077,4
394,1839,3
394,3738,5
394,16388,3
394,3631,1
394,6067,2
394,13041,3
394,6258,4
394,3398,1
394,230,2
394,2255,2
395,15432,4
395,1109,5
395,6310,4
395,10340,4
395,21549,5
395,9749,5
395,9237,5
395,6956,5
395,12721,4
395,227,5
395,3909,5
395,8993,4
395,1317,4
395,15633,4
395,256,3
395,4469,5
395,9524,5
395,19291,5
395,1313,5
395,3936,5
395,568,5
395,9116,5
395,18218,3
395,9091,5
395,6477,5
395,9750,5
395,5414,5
395,4781,2
395,4645,5
395,7034,5
395,6683,5
395,4636,4
395,4615,5
395,6479,4
395,15584,1
395,3907,5
395,7456,3
395,9968,3
395,7784,4
395,3528,1
395,9753,5
395,9923,4
395,6281,1
395,4105,5
395,7399,4
395,9107,4
395,1077,5
395,9105,5
395,4860,5
395,17878,3
395,3458,5
395,11037,3
395,13694,5
395,11984,4
395,7345,1
395,5892,1
395,7982,4
395,1383,4
395,5753,3
395,894,2
395,9306,5
395,1395,5
395,6901,3
395,7813,5
395,14063,2
395,7040,3
395,7042,5
395,4138,5
395,13099,5
395,12902,2
395,11967,4
395,13964,5
395,17795,5
395,1025,1
395,12287,1
395,7703,5
395,13731,4
395,3284,4
395,2298,5
395,10679,3
395,12157,5
395,5894,4
395,1316,4
395,7951,5
395,4621,4
395,9891,5
395,10031,1
395,6865,3
395,3408,1
395,18230,4
395,7971,1
395,1388,4
395,16441,5
395,8001,1
395,6264,5
395,4814,5
395,12238,5
395,4489,4
395,6857,5
395,4506,4
395,15976,3
395,4122,3
395,13667,4
395,5784,5
395,6861,5
395,7810,5
395,6223,5
395,470,4
395,9954,5
395,3601,5
395,12604,2
395,16191,4
395,4135,5
395,1403,2
395,16068,5
395,8008,1
395,1380,1
395,12439,1
396,20980,4
396,20688,3
396,21248,5
396,20871,5
396,20915,4
396,20837,3
396,21057,3
396,21060,2
396,20056,4
396,20088,3
396,7497,4
396,20403,3
396,4274,5
396,4059,5
396,2821,2
396,18309,2
396,19453,4
396,20206,4
396,20443,4
396,20385,4
396,20416,2
396,20983,5
396,21696,3
396,18077,5
396,21632,2
396,21773,5
396,21609,3
396,21634,4
396,22308,5
396,21043,3
396,21310,3
396,21461,4
396,19968,4
396,21224,4
396,21006,4
396,21325,4
396,21081,5
396,21276,4
396,21144,3
397,4873,4
397,6684,5
397,9374,3
397,4832,4
397,2407,5
397,2848,5
397,2406,5
397,4254,4
397,17269,4
397,9879,5
397,6258,5
397,4552,5
397,4872,5
397,2411,5
397,136,3
397,2403,5
397,4871,5
397,2884,4
397,3641,5
397,4766,4
397,4671,5
397,4765,4
397,4253,4
397,4874,5
397,5322,5
397,5321,5
397,5320,5
397,5319,5
397,4235,3
397,4760,5
397,5316,5
397,2380,5
397,2409,5
397,5317,5
397,5326,5
397,4876,4
397,4237,4
397,4234,5
397,6656,3
397,1258,5
397,3471,5
397,4674,4
397,5329,5
397,4875,5
397,5328,3
397,2405,5
397,15608,5
397,2412,4
397,544,5
397,11645,5
397,8332,5
397,7602,5
397,7605,5
397,7603,5
397,2335,5
397,9610,5
397,11659,4
397,4305,5
397,2960,5
397,4322,5
397,2254,3
397,4297,4
397,4965,5
397,1863,5
397,1868,4
397,1865,4
397,8390,5
397,2344,4
397,1264,5
397,1821,5
397,11651,5
397,8222,5
397,11653,5
397,3308,5
397,5318,5
397,4967,3
397,4250,5
397,7507,4
397,19431,4
397,2362,5
397,11784,5
397,2910,3
397,7671,3
397,4662,3
397,19481,5
397,1909,3
397,7676,4
397,7686,3
397,562,3
397,8855,3
397,4666,4
397,5964,5
397,212,5
397,19875,5
397,507,5
397,4243,4
397,15627,5
397,11722,4
397,11711,3
397,16536,5
397,3999,4
397,4294,4
397,4272,4
397,14853,4
397,4012,5
397,6201,4
397,8193,3
397,565,4
397,4275,4
397,443,5
397,3306,5
397,2286,4
397,2235,4
397,4961,4
397,4952,5
397,7026,5
397,362,4
397,8290,5
397,2419,5
397,4960,5
397,2782,5
397,2780,5
397,2432,5
397,2781,5
397,2236,5
397,8232,4
397,4261,4
397,14507,5
397,2202,4
397,4721,5
397,2239,4
397,2473,5
397,473,5
397,6175,4
397,4664,4
397,4962,5
397,12089,4
397,3539,3
397,4670,3
397,2840,5
397,2907,5
397,246,5
397,3326,5
397,15606,3
397,12107,3
397,9434,4
397,3635,3
397,281,4
397,2264,5
397,413,5
397,2262,5
397,1915,4
397,6592,1
397,2185,4
397,18618,5
397,330,5
397,18422,3
397,12143,5
397,20330,4
397,20139,3
397,2945,5
397,15624,3
397,3748,2
397,4247,4
397,10965,4
397,9231,5
397,13280,5
397,4464,5
397,3003,5
397,4457,4
397,617,4
397,20374,4
397,2288,4
397,10968,4
397,16557,4
397,11997,3
397,452,4
397,4398,5
397,13597,4
397,10704,5
397,18374,3
397,16860,4
397,13584,4
397,2739,5
397,16079,1
397,189,4
397,6080,4
397,3002,4
397,2023,4
397,2231,5
397,17370,5
397,20254,5
397,21531,4
397,6209,5
397,6308,5
397,11305,4
397,13040,5
397,17207,5
397,17772,5
397,21800,4
397,16829,2
397,14737,5
397,19616,5
397,11545,5
397,14124,3
397,14205,4
397,17161,4
397,16681,4
397,11172,4
397,5018,4
397,5714,4
397,16742,4
397,2417,4
397,10701,5
397,17929,5
397,13356,5
397,18854,5
397,2708,5
397,14315,4
397,2699,5
397,21305,5
397,13336,5
397,18024,5
397,4971,3
397,19881,5
397,17809,5
397,18025,5
397,12026,5
397,1903,5
397,20122,2
397,4089,4
397,4385,5
397,710,3
397,17808,5
397,13983,5
397,4901,4
397,15824,4
397,4929,4
397,16544,4
397,1829,2
397,1451,4
397,626,4
397,4256,5
397,19428,4
397,4313,4
397,4320,4
397,15870,4
397,20376,5
397,804,3
397,2225,2
397,4969,4
397,1838,4
397,3796,5
397,20377,5
397,692,3
397,20375,5
397,2968,4
397,10982,5
397,2994,3
397,1456,4
397,20373,5
397,4854,4
397,16500,5
397,2339,4
397,18652,4
397,79,5
397,4945,5
397,10818,3
397,3545,4
397,4376,5
397,11730,1
397,7598,1
397,3986,4
397,6040,5
397,4951,4
397,7641,5
397,6050,4
397,6288,5
397,6267,5
397,19252,4
397,7423,5
397,1265,5
397,1191,4
397,6680,1
397,6690,2
397,4837,4
397,12085,5
397,6697,5
397,10937,5
397,4954,4
397,3492,5
397,6704,3
397,2837,5
397,4284,4
397,2416,3
397,5048,4
397,6709,3
397,12084,3
397,6710,4
397,6705,5
397,6679,4
397,5363,5
397,2838,5
397,4288,5
397,273,3
397,8551,4
397,3981,3
397,2410,4
397,2885,5
397,6620,4
397,243,5
397,7932,4
397,6691,5
397,9035,5
397,19321,5
397,272,4
397,4859,2
397,9365,1
397,4230,4
397,19363,4
397,4845,5
397,4672,4
397,267,4
397,7627,5
397,4761,4
397,2847,5
397,271,4
397,7505,4
397,4774,5
397,18114,5
397,2221,3
397,6522,4
397,4759,4
397,4764,5
397,4577,5
397,2408,5
397,6091,4
397,17803,5
397,2849,5
397,19260,3
397,1280,5
397,5531,5
397,1278,5
397,1271,5
397,9761,5
397,2420,4
397,8235,5
397,2394,5
397,4841,4
397,2852,4
397,6677,5
397,9271,4
397,2395,4
397,6706,5
397,4668,4
397,9272,2
397,2400,4
397,6654,3
397,5366,4
397,3343,4
397,4890,4
397,6678,4
397,2841,5
397,15351,5
397,3469,5
397,4762,5
397,3486,5
397,6035,5
397,18045,5
397,4688,5
398,17140,5
398,12286,5
398,7897,5
398,15399,5
398,5110,5
398,9914,5
398,5183,4
398,12792,5
398,9916,5
398,8169,5
398,15405,5
398,8504,5
398,9915,5
398,9109,5
398,1153,5
398,17940,5
398,14971,5
398,5247,5
398,9514,4
398,16415,5
398,8427,5
398,16197,5
398,18632,5
398,9653,4
398,9917,5
398,12794,5
398,15407,5
398,16193,5
398,15400,5
398,16577,5
398,10745,5
398,5237,5
398,12797,5
398,14973,4
398,14929,5
398,14974,5
398,3448,3
398,17904,3
398,16171,4
398,12801,5
398,15401,5
398,15416,4
398,14975,4
398,9521,5
398,16170,4
399,20171,4
399,19800,4
399,20672,4
399,19678,5
399,19835,5
399,20889,3
399,19437,4
399,19412,4
399,21130,5
399,20917,4
399,7146,5
399,21803,4
399,19944,4
399,19438,4
399,20119,3
399,20975,4
399,20163,4
399,19623,5
399,20730,4
399,21281,3
399,20792,4
399,7590,3
399,4276,3
399,19709,4
399,2307,5
399,500,5
399,6213,4
399,19622,5
399,9415,4
399,1995,4
399,1991,4
399,1636,4
399,6814,3
399,3962,5
399,6475,4
399,4042,5
399,2330,5
399,1969,5
399,2801,5
399,4264,5
400,293,5
400,9280,3
400,9964,4
400,16728,4
400,5379,5
400,5244,5
400,12435,5
400,8831,5
400,20182,5
400,6670,5
400,6761,5
400,513,5
400,9432,5
400,10983,5
400,2172,1
400,19536,5
400,12741,5
400,16510,5
400,22117,5
400,9434,4
400,13033,5
400,1813,5
400,18087,5
400,4111,5
400,2029,4
400,19283,5
400,3874,3
400,9099,4
400,12615,4
400,8501,5
400,15793,5
400,13069,2
400,6468,5
400,5912,5
400,9517,5
400,1415,2
400,18105,4
401,3775,1
401,14178,2
401,4988,3
401,1731,1
401,2980,1
401,238,1
401,13889,2
401,2062,5
401,13880,1
401,5000,2
401,33,4
401,2368,3
401,4857,1
401,13614,1
401,21961,1
401,8824,5
401,2909,1
401,3033,5
401,1015,2
401,14760,1
401,13504,1
401,4325,1
401,1350,2
401,5443,1
401,22125,1
401,11332,1
401,18076,4
401,11642,5
401,1040,5
401,18023,1
401,1967,2
401,14527,4
401,9061,2
401,14165,4
401,961,5
401,2420,5
401,211,5
401,18022,1
401,30,3
401,7459,3
401,13218,3
401,13187,1
401,13490,3
401,26,2
401,9189,4
401,2770,4
401,2871,5
401,11041,5
401,20156,5
401,3039,5
401,2188,4
401,3583,3
401,9310,5
401,861,1
401,14276,1
401,2245,2
401,2664,1
401,3024,2
401,19812,5
401,2815,1
401,9394,2
401,13226,1
401,13061,1
401,4924,5
401,19852,2
401,3392,2
401,4598,1
401,5060,1
401,22,5
401,15647,4
401,4593,2
401,13066,5
401,18498,2
401,12737,5
401,2294,1
401,4891,4
401,2999,1
401,4900,1
401,8074,4
401,6916,1
401,4684,1
401,23,5
401,4711,1
401,14554,1
401,4597,2
401,278,2
401,3889,1
401,18137,1
401,15921,1
402,20702,4
402,6385,5
402,21969,5
402,5478,5
402,19583,4
402,6332,3
402,22110,4
402,1537,4
402,9478,4
402,21343,4
402,2439,5
402,3249,5
402,22113,4
402,3376,5
402,12185,4
402,19986,4
402,12923,5
402,22141,3
402,22223,4
402,16921,4
402,4111,5
402,8249,5
402,19424,4
402,19721,4
402,16014,5
402,20061,3
402,6600,5
402,4123,5
402,10015,5
402,20836,5
402,10013,4
402,1983,5
402,10014,4
402,98,5
402,19477,3
402,21701,4
402,21675,4
402,20817,4
402,19580,3
402,3726,3
402,20174,4
402,21011,4
402,20885,5
403,10024,5
403,16764,5
403,19761,5
403,19266,5
403,15515,5
403,16822,1
403,13097,5
403,15254,5
403,10148,5
403,1667,1
403,16807,5
403,7448,5
403,6813,5
403,18858,5
403,19028,5
403,9962,5
403,9731,5
403,9729,5
403,15161,5
403,19281,5
403,553,5
403,13172,5
403,7331,5
403,12582,5
403,15275,5
403,318,5
403,6551,1
403,9165,5
403,12589,5
403,6668,4
403,9043,4
403,13750,5
403,9840,5
403,3645,5
403,19508,5
403,6808,5
403,5069,5
403,2138,1
403,3637,5
403,9261,5
403,18535,5
403,9462,5
403,179,5
403,9262,5
403,9789,5
403,9829,5
403,9963,5
403,1891,5
403,9264,5
403,9831,5
403,15150,5
403,1973,5
403,16727,5
403,19463,5
403,18289,5
403,9213,5
403,9626,5
403,9196,5
403,18657,5
403,8312,5
403,13442,5
403,9485,5
403,14457,5
403,9982,5
403,12673,5
403,16477,5
403,16651,5
403,10169,5
403,2037,5
403,18464,5
403,5489,5
403,18606,5
403,16821,5
403,18274,5
403,9998,5
404,9688,5
404,551,5
404,552,5
404,8841,5
404,9937,5
404,9934,5
404,9938,5
404,9936,5
404,9939,5
404,8832,5
404,2096,5
404,6180,5
404,8825,5
404,6494,5
404,3337,5
404,658,5
404,1957,5
404,9874,5
404,10474,5
404,13747,5
404,9935,5
404,8833,5
404,9875,5
404,19888,5
404,19665,5
404,879,5
404,18179,5
404,8770,5
404,9940,5
404,16950,5
404,16721,5
404,13219,5
404,9868,5
404,16692,5
404,9978,5
404,14818,5
404,16690,5
405,8823,5
405,15143,5
405,8756,5
405,8437,5
405,8837,5
405,8906,5
405,9824,5
405,9845,5
405,9844,5
405,9960,5
405,1083,5
405,10017,5
405,15270,5
405,6769,5
405,1572,5
405,8844,5
405,11741,5
405,17778,5
405,2145,5
405,15040,5
405,11963,5
405,16146,5
405,16256,5
405,4563,5
405,7046,5
405,8826,5
405,8827,5
