0 33643 35829 36668 37494 39476 15295 32707 19975 14295 8653 8825 8794 1279 39814 16623 1278 40329 33877 31998 25363 16440 26237 8740 11427 34699 8974 39098 8973 39764 38286 40328 38321 38333 38296 36082 39703 26947 28786 12730 7693 32832 14614 38222 8967 20914 37552 37784 20668 28130 17384 17405 29313 2351 2355 4918 25704 11429 37913 3612 3956 19223 5320 32833 2148 36084 8248 39543 25362 32064 634 32835 32836 11426 32066 39586 33878 37625 38426 41106 5420 5422 505 14057 17523 4915 4916 31440 1909 17455 2249 39434 42373 22602 17246 38833 22093 41861 20280 22096 204 12951
1 38938 31639 18437 48403 20819 18504 20825 38937 25130 23263 17705 25127 17672 30603 18436 38936 20823 17673 24751 2265 18422 23115 25126 41885 20927 20623 38939 19147 25196 49145 8492 4759 14236 42737 12942 25184 13678 24437 30604 17687 18452 7173 18449 47299 17714 20829 17677 41286 14191 47016 35810 40192 4602 18409 35493 4477 19112 17163 4802 29560 22099 15142 930 14197 35492 40155 16484 14156 10542 33092 8505 4970 5069 17631 1535 15517 30987 10897 8996 6593 41740 39247 41405 30921 15687 37718 10511 41289 38481 45884 30918 23114 24107 15161 8628 1462 23219 29562
2 14870 14690 9890 25466 33664 17115 14565 14504 35304 16154 8583 1017 25543 5981 20473 5974 39870 14792 34696 8873 6454 32764 23543 8172 34958 2594 34497 37107 29246 40235 91 37451 3881 22728 23830 37051 26574 6287 3716 3709 81 39726 3487 11706 18845
3 45465 46518 44984 44228 47777 46858 46403 46229 46624 23101 47537 46638 46371 45920 44230 46149 43796 44892 43220 44434 48803 46390 44373 43793 46157 46616 46533 46564 45239 42789 17199 43218 43074 32935 47459 49068 43647 48251 47287 44374 48419 43574 45587 32936 42886 45556 43183 47139 43795 47298 47903 44817 47671 46810 43291 46908 47121 45057 46104 43792 42690 46308 46520 45346 47888 46284 47891 47889 45604 45684 44529 44340 45230 43490 42638 43555 43210 45079 45401 43489 43488 44528 43940 44598 45151 42652 45154 45525 45490 43806 44409 43543
4 31551 37460 40280 23792 14590 21958 5203 1125 14211 40163 10672 11659 33180 2533 35325 10882 23647 28040 46883 23922 31065 32040 12015 3509 29268 42613 19227 33115 19208 13781 23920 33269 33366 8670 14452 33359 21840 34080 14066 1947 27142 12013 40042 8446 20933 33234 21424 24938 21964 44815 12014 22935 30087 43152 37455 37453 28073 15564 34241 1155 21963 563 21356 42697 11255 46047 39887 22674 2438 42082 11121 39823 21382 28402 4674 20867
5 15328 15404 15329 15362 38348 38334 15398 15403 38337 38321 15900 15415 25385 38686 27488 35582 15388 15439 15385 15364 31594 15381 38346 38332 38328 15354 15131 38270 29021 4917 40934 16915 36067 36074 34072 13504 16880 41257 15395 33634 12681 17518 25361 26232 38631 38430 38304 37649 25325 37944
6 29188 14206 26073 38995 25913 1655 14030 4180 12093 18015 36674 3235 16350 20798 32691 28106 19876 19937 7854 952 4297 45116 28107 23949 19914 3934 36125 10770 29020 23913 7912 23360 34337 8729 18092 39050 35102 12171 17878 4051 3083 16113 39331 6432 24075 4302 22775 25569 12161 29532 29540 14166 4901 12849 19257 34758 12815 4957 8123 7950 5332 25467 5410 40676 43177 12798 5328 25525 17812 6264 5341 5299 20469 5271 19740 8511 7945 25848 10190 6222 6273 7853 14169 8533 35411 3973 3642 4065 25539 33224 7841 22622 6866 9585 4146 4820 14028 20650 19317 25574 5371 7134 35844 25609 1868 43420 39397 34341 1829 39069 25058 11899 20445 45704 5749 10141 38020 34832 33671 29283 31844 41482 21303 6476 47138 32163 18399 5857 15656 25558 19330 11847 25039 30929 15671 34179 29473 3152 35798 46411 8679 10808 8720 37028 37331 42858 12369 12869 13105 19296 25922 12366 2073 25048
7 44236 44486 43907 44956 44843 27912 43081 44378 36886 10666 45563 36836 6241 9979 45861 27956 35318 9982 45008 4958 36134 44504 40713 44491 26535 43790 45036 42800 42799 42801 42802 43459 43122 43460 48941 47050 46964 43659 5149 45035 48934 43512 45978 43151 45034 46007 19984 15218 38651 29332 47167 42949 45039 45037 46235
8 38065 48950 23317 30708 48978 38066 16328 32018 24535 39513 24771 38712 11898 42068 19564 13668 38064 14897 36764 5404 13974 35618 3300 20275 4728 13607 20098 14784 28048 34816 17981 8818 16724 14143 45517 33303 15945 39861 9519 30722 2344 30733 39107 30728 41913 30748 26940 48900 38377 41404 37842 6468 20271 13730 24811 4741 24814 14849 49066 6511 30759 28809 37839 48992 41696 30751 48489 48358 48549 48732 26939 13618 30705 48911 13710 30734 41993 2212 31816 26952 11027 38473
9 8568 28637 5035 11981 4952 28577 27947 8591 10191 28657 8562 8577 14174 4996 7845 4363 8544 36107 8534 27923 8531 8536 8528 4848 12759 12831 27924 26161 8553 26597 4931 3949 5446 11990 24046 8682 24232 8707 12176 8698 34396 23361 9554 7925 24233 24247 23510 1880 29011 34185 7926 6421 27898 24421 12693 30875 7826 1418 29511 17067 28999 23931 24032 19263 8578 17100 1334 4365 29512 11993 28916 29563 34866 11979 29517 11954 10113 5475 16095 26472 10096 8489 11961 16151 478 35308 8488 26521 11962 11960 6142 16668 4826 16176 5466 11957 11953 4759 13310 8498 26549 683 16096 6145 5891 8482 414 8494 8486 11955 16192 16161 7544 322 13309 3239 25489 395 7562 415 8501 7780 27917 17817 18228 8508 11967 43157 1029 11966 8512 803 11972 17843 8519 26591 8518 26596 27918 26585 4783 6227 10030 3220 5478 16152 4806 6194 8502 10104 3240 16199 834 11965 16166 846 13333 7757 4847 802 24559 346 4760 3924 8497
10 43750 22434 29059 38409 10410 33962 4667 14063 32437 33803 18756 6411 23826 38412 20128 35404 34681 40483 23150 8477 11748 41168 33804 23857 8971 24860 43494 39221 15198 45040 10900 34682 11794 28079 24544 33260 11876 9027 43204 3882 42201 12949 29191 22837 23701 40895 34679 24067 44753 21476 12248 31074 39202 11718 42708 30540 35391 17718 2467 13336 29058 18388 12899 16395 21062 42199 23737 3766 1468 40781 23765 31163 6427 23664 27123 17839 33975 33852 33827 26559 7798 14152
11 14811 20278 25859 28043 35949 39932 40214 13810 21049 21050 25645 34485 25661 35113 43527 21120 9264 7720 34170 25660 18305 21241 35097 35050 42616 40681 18033 33677 33337 22408 43434 10973 13032 40520 10925 35592 18392 35100 15476 35944 40193 734 16077 4820 35488 34046 20341 3748 34899 18488 15992 16633 16637 43160 21242 16105 40722 32924 42944 20163 43396 33696 22171 21097 35353 321 34311 3996 35652 8116 22299 20333 3100 21052 375 43127 43326 18556 18553 43335 4494 18029 16093 22424 3096 34207 17514 43113 16200 20161 1102 36024 16611 17148 21055 10281 10954 17916 15447 20940 10128 16881 23918 4058 22082 5671 20266 35816 20264 35294 21387 27160 4862 2880 43846 16186 20544 25526 938 35925 25869 28464 26514 44135 7142 10155 25810 10114 241 21118 3980 43428 5419 8175 8120 42749 21128 35827 11645 23561 16871 4024 44489 20327 3994 33148 14196 33408 25662 34505 35893 25597 33956 23676 13053 35103 19692 21395 45530 24224 13201 45718 18967 47036 24558 26547 23493 45512 18095 8413 1560 6153 20478 43521 19935 44797 27390 44949 44798 37322 18194 27067 31142 31249 6249 13782 25863 35830 33575 21304 3864 10979 4489 43885 17835 18328 40668 18014 10929 25842 12731 20287 33697 20314 4071 16079 964 21116 35590 1200 35328
12 47493 41211 23269 33919 33911 30082 46987 5009 23718 20934 48309 48174 29933 47332 32318 44819 25415 25042 23304 6442 47692 47070 1986 4263 46929 19596 35444 40215 35443 6389 43602 44525 42622 6388 10580 6292 45569 12451 32738 16184 40296 3117 34944 8968 46127 45467 22149 28072 24329 33910 15733
13 47188 45098 44673 43500 46015 46540 45304 46617 46464 45690 11769 46480 44413 46289 46727 45895 46026 46173 45779 46052 46670 45735 47309 46908 46984 44202 42773 48328 47393 47609 47579 43975 45601 44381 45692 44502 46916 45357 46912 46074 44641 45534 45070 44672 44751 45192 45290 45635 44012 45483 47029 45432 45612 45422 45693 45232 45068 45991 43831 45767 45756 47092 45542 45337 45790 45412
14 8188 16212 28536 20868 1132 3794 27286 32448 10903 11101 32928 2412 32919 18293 43707 17307 14364 42572 43861 7395 44649 34809 14478 11615 16200 30992 46461 3081 2441 46418 30362 25043 12304 2427 20513 47560 39806 18656 17719 21165 6147 25495 32603 17492 28042 29595 2628 14477 21463 22110 43182 20836 21468 16753 18344 42472 14692 15228 33181 33095 35626 14575 35402 8254 20005 18564 2629 39906 19019 32811 22109 44300 33345 21439 43203 44656 43634 43629 43657 44695 20078 35593 23991 3897 35596 44456 44417 43754 22088 21255 22013 43929
15 17943 40788 21405 13095 32830 7817 6450 20430 25471 25848 6457 20169 3146 11593 11943 35724 37459 6203 34150 25961 11170 3241 20963 6208 1736 25849 25619 1516 14343 17948 48547 33117 42528 14544 35135 215 5525 34154 37461 14701 35368 48167 29566 30975 34930 7942 34324 49176 40402 40256 26259 19258 1737 1801 45631
16 44075 46004 46257 31115 46158 46000 45071 46643 45065 43588 24311 46525 42645 45779 45502 23506 1965 44427 35064 39411 1734 44963 12378 30421 39413 40326 24097 46359 18270 45998 46261 46242 24259 24330 47493 47621 41929 23509 24060 24379 48094 18207 28382 40309 12343 30466 31128 47273 46497 46199 24269 1875 47105 24481 47151 47316 31021 24458 47311
17 41682 24536 13695 24770 24744 10722 13519 13710 38832 24784 24785 9416 13674 30744 24746 13538 36625 10721 1456 6839 46925 24572 24481 24501 41864 11842 31857 30985 34935 30683 9540 24334 23517 8979 46495 5669 5717 11886 39491 10746 2049 13658 24623 9567 8976 30641 30638 31683 30737 24773 24741 13528 13651 24723 24638 10728 11853 2144 24778 5846 30700 25379 41912 24471 5804 24719 24607 30681 24722 11913 28370 13523 2088 30699 24700 10749 30697 30692 10738 2130
18 19349 21529 11336 30863 11288 14068 27289 22243 21415 29290 5960 27605 17988 32758 36136 32757 27287 27785 36044 35939 20614 27363 19526 14624 20878 31301 10021 41775 41828 19422 37099 36535 16308 38359 15867 32324 15120 15859 30490 15868 35734 29900 28448 11526 22102 19217 22478 21643 27288 18336 26293
19 12681 1900 13187 17450 17413 1996 42679 31836 9025 28499 46213 36723 4581 23496 30176 31667 29281 42931 5521 16729 45288 36712 29824 13074 42123 39665 41101 37220 23388 31573 37398 15618 46325 12641 17473 13185 23416 10768 30889 42088 23403 9800 37692 11480 42091 19427 29236 10777 33671 32027 23419 6411 37693 5550 23834 45568 1958 9566 14832 30522 40222 40989 7861 5095 23385 6440 20419 4121 9275 31219 25468 27410 16144 3099 7445 16143 22638 1221 20407 7541 7631 35557 2886 10863 6400 7365 30400 14119 10687 29957 24151 5702 16150 5526 30425 8878 35733 40717 17337 14859 14123 29745 886 30256 1582 4337 246 14114 9736 27224 11248 3046 199 10800 1506 7863 16080 25613 12868 34869 3023 23698 23667 7577 40241 5373 11028 3810 13814 12970 20612 30528 616 4293 11222 27808 1250 1246 12890 3114 29537 3067 14713 4907 34815 36753 34171 18125 4911 8374 35483 34161 2311 27321 34166 8837 2777 34175 8317 1245 27882 31849 42092 17439 36069 25563 4909 12458 2674 17394 6935 6888 14952 32649 33158 11372 2343 2322 3254 2994 33176 10151 2809 42168 15073 8680 20357 36150 2908 15454 3004 14250 17440 14181 18051 30204 15612 11284 42102 2501 2459 9628 6208 42103 3201 43398 17375 12046 42170 3003 20200 17433 19636 6253 34337 9899 8857 2454 19696 14110 2461 17444 6886 7208 30907 5863 5862 8649 8691 28944 29972 30904 12601 40363 14612 7179 14613 2675 42090 37026 19280 7373 31174 8491 1559 27457 4153 34594 12629 20505 33802 8870 19307 29550 26222 36337 2456 9759 10143 203 20923 42143 34602 2462 20925 36615 22017 2457 12664 37093 29944 14092 1761 20492 19327 46482 37764 7936 29298 8736 20469 2917 5806 29297 20926 27277 12656 45615 40871 12307 14118 19631 1463 1623 1624 32646 10298 42093 37067 8903 39109 37225 31768 25673 44065 36730 3203 2345 25922 42120 27170 34878 42116 30407 36729 24564 47035 27714 40329 39591 30175 10297 12835 27210 26812 8647 5253 14355 36596 37040 13411 14840 12643 2890 28728 5757 21144 20462 19599 17416 14278 18748 24248 42142 42144 15561 23490 11738 31546 37197 12195 1631 19706 10360 45105 10299 1626 40270 26651 27264 33801 1782 8845 18635 8651 20744 16900 42783 1725 35701 13061 27178 12745 19618 27236 34873 14828 7322 28588 23075 29071 8260 28322 13806 18625 30266 19710 5658 25508 20993 36751 33995 16912 8266 20044 14779 10821 26047 36805 4145 9082 1247 11342 44379 1661 19596 24177 21006 8434 35239 35235 28388 27285 5505 17338 14022 17390 28272 26877 2469 19629 6426 2464 2463 2466 19655 42651 42967 19804 19665 39755 16859 7954 28273 33794 4414 19672 19936 4883 30558 29977 25544 30339 3084 39819 21228 2839 22045 19931 44687 25921 8272 5572 27136 23719 41039 2470 4279 44723 7760 33693 4966 35249 30107 14352 33350 1251 8160 28622 3034 22985 2958 7944 10817 999 35115 1620 12454 33791 4229 42126 597 33727 26184 11421 4079 42965 4489 18722 10982 35090 20352 16398 2587 3093 33211 2834 25987 5078 11009 20994 33792 39556 25925 37606 7080 31495 30268 29228 28485 16402 42119 33748 40289 38487 20997 6884 39110 21600 20805 7676 39649 4148 39650 39832 850 30017 518 20189 37053 24830 23705 15463 17414 27185 7674 20214 20212 17341 13809 7319 35213 39701 45368 1514 17402 35611 32647 23914 19627 7611 14328 20610 20188 11059 20986 34325 13305 43207 39642 12148 44122 39761 27190 45325 16401 13100 35953 23639 18628 44123 42122 44609 8618 16585 12204 8646 21057 18633 15225 17456 36692 10277 45075 24164 24131 3151 30944 17090 44013 19615 15643 17380 13136 30902 32798 36709 19503 1814 29958 35456 12253 36689 12198 37554 17460 34629 4730 12932 1464 36962 40973 3539 23452 37301 12863 35960 19779 11692 12901 5028 9125 5089 4388 26897 1439 20726 20746 12636 8923 5606 25261 30799 13131 4801 34289 36806 28453 7453 27535 39048 2837 11595 29947 37545 28266 24168 12211 28744 27248 1773 3290 39106 12182 11510 31375 26694 43299 1337 17356 28435 42089 33782 965 17424 14210 25558 27186 1410 602 43829 19616 20466 4662 3133 1438 33797 17457 37288 26904 30286 3065 38441 1886 29536 20156 23593 12795 1026 14813 1248 14195 25655 6349 44117 23567 3116 22808 36602 3045 6252 28918 21118 1175 4289 4228 1215 16243 21058 19434 18670 2506 20996 29094 27295 10465 33165 21455 43253 12760 4130 34007 42748 16 5003 1249 1139 5150 10365 4345 5173 5271 23608 4940 4231 20405 44317 16905 12833 35711 4152 23937 18083 10850 43474 6417 3107 19470 10474 4380 1202 12090 36468 43411 14492 4265 16153 23635 20998 4052 1304 13286 5079 21126 14550 3622 17044 3834 24027 43957 21680 30013 1387 43294 40158 11599 36436 16217 861
20 36065 12770 21823 29564 20685 34913 26240 35227 33259 28124 36202 21508 42540 28424 4374 23651 21253 33261 1116 23490 3979 37054 37014 29703 33341 18674 29712 13342 6739 42479 20277 1467 44954 1457 20505 41131 36821 13113 6379 1611 4221 29782 20895 34315 25564 4387 33775 42542 8624 35255 33257 43635 21266 22041 13077 39662 13474 1463 20894 18947 37542 20478 36071 39134 40440 23609 6285 29340 1118 40046 35849 26860 1371 5035 2921 34678 35276 10334 1031 20345 11581 33222 31913 35616 22521 17858 14825 3715 12789 14663 14302 17091 32583 42814 1199 16978 36278 24035 36315 4182 20295 29377 34533 15908 35900 905 17081 25839 22400 16990 852 17058 34222 10986 3370 42713 17362 22231 28421 3809 32539 34009 17024 40029 16999 35907 40267 22401 30678 34217 15878 37644 19978 46254 41547 37806 30573 37178 985 19983 24247 41578 41150 41314 16797 38922 13684 31737 42916 39260 2889 39127 30018 28078 18803 22193 31201 38876 27186 2058 22978 22092 11920 30651 41387 34406 3920 38530
21 48249 47896 48117 46029 45152 47271 47827 47864 47793 17847 46753 48184 48071 45207 42723 43776 48392 17900 3303 48086 48065 27920 45716 14411 17926 45110 14418 44329 27085 27082 9952 27081 47524 47007 40790 47042 47164 47148 45280 47263 47388 47423 47477 13261 43874 46348 46588 49000 47961 47724 47657 47645 47513 46163 46365 43323 46380 43571 46459 48948 28616 28620 47679 9585 46569 46563 31523 48437 46726 48544 48987 44545 28619 29864 48939 48331 48576 16233 14462 28618 48472 48128 48198 48730 29406 29483 14421 14468
22 45756 47335 47172 47443 45774 43685 46386 46340 46120 46197 44137 46248 45687 46226 43488 43672 43491 45578 46828 45830 44448 46369 46217 47322 47511 44817 48152 47810 48698 48700 48446 44353 48461 47872 47564 47784 47415 47874 47825 45539 47859 48311
23 46477 49103 45890 46674 21043 45102 46571 46435 43192 45396 46350 45425 7419 46286 46240 46271 44909 45078 47032 42626 46378 46614 45118 46875 46888 47130 47147 44492 43544 47221 47398 46720 47011 47023 47080 44961 47002 46684 46059 45739 42673 45423 48661 48206 48286 45801 44940 44345 47607 46576 48696 46195 45377 47062 48793 47630 43387 47886 48314 48304 45800 44436 44219 47921 44621 43864 45876 47006 45189 47978 48028 43965 46446 46064 46673 44856
24 44217 31714 41990 38021 39277 37504 17616 21833 8965 21450 18516 33606 6641 6627 22922 38100 40957 39054 16822 16797 16790 29322 16765 36191 38155 23851 16783 16781 38335 15340 39369 38133 37935 41234 32786 16308 44079 27472 42867 43109 37823 45435 37158 44690 28937 32741 27462 34664 6667 25879 34082 44102 34662 35735 6670 33556 20531 35738 30137 45564 6623 9413 25877 34663 45434 37520 17200 17557 4512 43075 30553 9439 6624 43023 24063 34245 16818 15468 37829 16835 36631 21710 6665 16827
25 29965 31888 32285 25291 41318 16146 5491 35339 9809 29011 17969 24245 30932 11516 7386 40151 29383 6444 1640 16626 16449 34052 35874 11513 28109 11169 9157 12615 29008 8985 29223 27460 20960 11332 11289 32227 11883 28954 8304 28955 42184 48435 9372 24219 24534 18022 3886 10164 32184 10143 13680 6509 41917 31739 35139 16437 40689 29434 39772 2065 16451 8986 28151 10207 24542 17922 41360 5546 39481 13073 20186
26 24380 35436 8056 6146 965 5865 7670 35677 1996 16405 15193 28728 4984 31673 24450 30426 7726 26206 10437 6152 9831 10359 30719 15681 27059 41135 12368 37235 30450 32338 7677 7918 203 12202 12329 20900 19596 1626 1819 102 26683 19557 250 9563 885 5697 26116 21170 1954 8963 41134 15582 8845 20357 23364 22944 15658 31526 634 31093
27 550 10100 20131 22039 40004 8261 13751 3856 6091 13292 6059 6038 4711 613 7474 7063 7484 6061 33580 10095 29482 11039 9143 30557 16231 6079 17627 4724 28606 30853 13300 3982 23037 13905 15139 20947 29757 45608 17934 19178 28543 17828 11461 7449 15280 10446 14431 16462 4756 42421 26455 270 22194 4994 34083 10603 6060 9092 589 7441 14721 343 6865 6058 7731 14541 20949 18655 17789 10078 2706 13794 9069 6068 10215 11568 10203 14475 2711 22251 7736 10449 6087 10082 14564 6078 10081 6097 11469 10635 5128 130
28 9601 2913 476 2777 11769 26694 12794 2957 14250 17299 9037 9897 10687 2832 29849 26210 10339 29850 7531 5175 10296 14115 1312 29851 14113 43394 33352 26203 7377 28343 45473 12775 8756 14114 24112 39473 7392 9475 41998 31130 4801 1287 14287 46306 43393 44432 28961 28848
29 45430 46089 44869 46702 45443 45416 45687 46572 44669 46069 46274 35619 45308 45991 46173 46172 47313 46968 43064 44437 46217 46017 44091 43412 43924 44691 43338 44169 43309 47051 44240 43676 44273 43810 44347 44292 43179 43701 43670 44256 47193 48330 43647 44498 46632 46272 45561 46840 46345 46725 46005 47196 47188 47264 46103 46013 46483 46785 44733 47553 45883 44479 47154 47060 48320 46448 46430 44322 48500 43906 44655 44549 45856 46972 47483 44712 47509 45590 47429 44278 44544 48239 45934 46080 47410 45141 45714 43590 45529 45681 46030 47363 48484 44005 44721 45405 44603 45837 45846 45931 46255 45460 45842 45750 48307 48802 14051 6510 48503 49095 43385 47594 44069 46901 47460 47342 44943 48426 2246 48636 43643 46120 44494 45033 45825 46085 45399 45557 43945 44731 44874 44424 44040 44149 44552 44615 44511 43709 44326 44212 44770 43944 44839 44392 44429 44447 43783 43591 44627 44260 44250 44751 45736 45600 45701 44449 44418 44441 45450 45130 45280 44248 45054 43601 45345 45861 44565 44781 44948 43732 44468 45305 44385 43771 48037 43749 46894 43355 48836 45200 48535 15452 47549 48603 45593 48872 48267 48541 47691 46229 46980
30 12118 3691 23684 7049 3791 12132 20460 23683 3699 30190 28791 3939 31733 39229 31739 48051 6822 23648 3700 12896 13898 23565 23609 18085 19935 22723 22726 5542 40094 3406 28607 27680 17030 7811 40947 17085 40490 4170 23904 4570 14551 23573 39884 49115 36374 38258 23879 18937 37426 54 14485 17104 18943 38162 25264 8114 37427 35104 1066 2493 7354 27682 19894 12088 35850 4077 6558 39804 17031 7139 23646 12901 40171 4418 28451 20456 36504 20060 28114 38406 20504 23761 20052 39048 35852 23776 28456 45671 34872 27405 12302 23396 24825 13103 25924 16349 5672 33959 25926 28856 42989 40992 7640 28554 26426 12192 35253 23055 12108 25923 37168 7602 28846 9045 28988 23768 10845 13097 41157 41312 21069 10992 20073 40234 39258 37025 11799 26355 39336 18311 23505 24397 37577 37574 1068 31037 39822 20065 24313 33543 20082 26348 10952 40870 34934 33551 10942 14552 38264 39047 26182 17155 12157
31 46565 46115 46800 46815 46719 48471 39406 24454 5758 48039 47894 46368 46512 31117 31127 24060 46406 46469 29076 39405 46257 31122 31106 46937 48639 24370 46904 46098 39408 39404 46867 4913 46648 48241 48012 46807 19853 46784 37356 31134 46446 48712 48583 48581 46189 48930 48724 48543 49132 48864
32 46999 2089 31785 24696 11749 30981 31713 31843 45562 20512 5757 20492 19325 48692 19300 2026 6478 34779 47829 1340 4223 4895 34765 11874 7841 6300 34763 749 3237 6361 23628 10586 4385 28589 25521 24512 25905 24018 44068 1201 25557 4171 19934 24048 26073 29189 43366 27926 44512 25624 43881 919 7583 11691 7862 43499 6226 6274 6308 6442 43558 36214 25850 1378 1151 13338 3943 4193 34746 43583 34838 43262 24070 1215 43710 1350 19876 22622 4232 4208 5006 6354 4981 38020 26514 1574 33427 33429 43565 7806 26473 43208 43271 34288 2882 991 28580 18035 31845 29639 29526 45705 27938 7134 8615 34291 64 9236 43164 10840 360 13340 43330 43477 43129 5385 26573 26031 7576 23394 40785 1598 18241 33393 23379 23951 42639 16732 256 12136 12260 7698 20487 20504 1643 23989 8016 36917 19689 7648 15938 7605 1575 29618 9998 7919 1438 883 12267 24121 937 1676 3129 43301 18177 19715 6411 30933 15696 8959 31721 9011 13050 46235 37295 37546 7138 36316 46161 19288 46566 42832 45751 7927 18125 7922 2073 1924 7951 1010 19314 3916 45205 19520 20435 37288 25458 7914 4044
33 46557 44994 42583 8995 43575 19312 46487 44150 44155 42961 8597 43297 44134 45069 15676 43553 9887 45184 43732 43384 5148 44922 43706 9170 44304 45206 44366 44540 44211 29482 36960 45454 43279 8642 6365 4985 4681 44689 8707 46547 43557 44755 44496 42863 46781 28642 47578 6404 46288 46376 42662 43206 47611 47671
34 13102 19363 36801 35679 1169 26090 19390 25708 16615 19369 492 38 36082 8863 8794 8764 14112 36080 1760 13494 4617 17424 4612 12419 19366 20789 30586 19379 25705 42247 34439 27211 15543 37471 10779 10783 7601 36079 4631 4625 25713 36802 4618 5909 36090 19364 19360 18095 25656 4607 25711 35105 4502 25668 682 4210 21126 8177 25878 21132 25716 1320 12500 21130 21106 25717 35085 21117 21115 35097 21786 14943 21124 26882 16900 17355 4600 23141 4914 8756 21137 4591 8669 8770 15535 4619 4611 15515 12029 15493 4606 15526 4603 4510 4610 26654 12024
35 26671 30816 17332 14923 4042 12907 6631 12714 6632 43978 1355 35568 1480 6630 26054 19636 23466 6539 28996 46618 9287 6634 29006 28962 23944 9343 27001 29870 1677 29731 39182 39181 9446 30866
36 36794 16802 18496 42318 34549 16781 38280 45928 39330 34554 38295 15400 15401 27985 37834 37520 16314 27490 38347 16329 23894 15366 39260 38228 38204 32787 38234 21419 45792 32481 40495 16882 34547 38194 16764 37975 37649 36795 33932 38272 34220 37662 38242 29328 38207 16308 38246
37 46789 46424 46718 47444 47658 47659 46349 44076 45497 47438 47498 44671 47539 46783 46984 46888 46282 44323 44806 45151 45964 45779 47781 45447 46674 45702 45723 46435 46363 44773 44348 46149 45638 44383
38 28824 47030 47355 20683 45765 38673 44972 47012 47195 47115 46928 45440 46878 45219 44160 8426 43577 24281 570 14077 501 45741 47374 46810 46709 46067 43863 46121 46454 43488 46690 46935 47144 47551 47757 46851 45188 46212 46516 47003 47192 45922 48057 45710 47421 47882 46811 46734 47383 47821 47509 48005 47100
39 9079 4498 42707 9103 598 9138 29984 9206 8525 43501 40910 13244 9160 28804 36957 4282 30061 28803 1305 29956 29960 32283 19596 23426 22553 1760 30036 14169 2777 32284 8566 33875 13251 13248 8304 2249 38999 8314 34725 43799 8552 27850 8316 8845 38987 26812 9828 9843 17125 4916 634 18069 9435
40 5261 43213 16669 12993 11495 11490 759 713 26662 6213 5363 8495 26544 5207 12713 6121 26633 6184 4768 14593 5402 669 26457 13262 5225 14337 42716 396 10236 13222 11464 10239 10048 13267 10177 5214 13297 5890 42475 4738 14704 10826 612 4749 4732 13211 6162 545 42611 10447 9185 13739 16255 7153 16658 16262 5215 2668 26476 13304 16148 10486 8493 5267 5163 5476 18011 9133 4769 35861 7551 5164 16283 17050 10188 5154 5162 13315 13316 42593 17800 9225 9193 6167 9084 23972 29665 10607 9203 5975 11489 9221 42818 6557 5144 11486 13223 6163 4840 42897 13250 9081 11503 13308 36417 1217 29792 6758 18160 1533 29887 29721 1561 29726 1570 4721 6513 6514 1735 43838 22929 37170 36471 28926 16966 10513 17097 16007 36454 36434 1471 10586 659 18139 30100 43552 29387 17084 29656 9434 4816 1049 35044 29565 36774 35698 10731 41365 42662 46476 5728 45163 11896 25010 19385 5772 11805 25382 24750 47442 48888 29828 41309 8036 29001 9532 37348 11999 27454 34802 32340 1614 974 839 44307 1728 46086 6776 18270 37555 6562 46247 5036 24138 18234 10254 908 27557 28204 11498 920 28208 24394 9292 9993 35554 27005 28222 18246 43392 28221 27558 28212 40848 271 28197 11491 26575 17068 16668 22715 6258 25812 16419 18235 42883 10033 5232 1315 9989 6727 18638 36113 27955 30099 18226 22716 272 28201 27564 1066 8849 9926 1299 44116 12472 6958 43756 6340 6285 18243 8013 1302 9356 7565 838 11508 1035 4353 10201 4807 946 1114 6266 12432 6214 6284 26552 1069 10106 25843 9329 13331 12498 43573 28215 11471 1220 17069 11467
41 23282 29367 42207 11572 16857 22974 637 2135 38780 23118 48727 43216 18117 31746 36064 22954 13537 38120 37157 2822 27335 34644 39465 37903 41935 15904 45663 10989 29379 17161 21978 16488 20296 34397 23485 17128 23874 42159 40533 48410 7508 21935 4650 39306 21246 19977 22223 44608 31396 42559 36943 36358 41365 14530
42 45016 45132 45748 43674 44790 45899 48012 45672 48878 45915 46481 46737 48827 46552 46580 43387 45645 45996 32030 45133 46290 45834 32251 46270 46605 45721 45630 46437 46322 46412 48869 46431 48642 46313 48494 45330 44806 38850 43448 43934 44069 45745 45657 45393 47054 47002 46575 45510 46890 46891 47047 44548 44613 46148 19298 46765 47601 47869 48323 47773 48045 47775 47788 40327 47248 47320 47685 37177
43 17783 33896 16883 21123 23593 40664 23570 35100 1222 21406 11134 11180 11291 19223 27677 5098 17044 20334 23933 19015 5101 1008 34031 5911 12824 9706 34907 19001 19008 25817 33894 34003 19005 15886 27185 27186 12790 35096 18625 19016 26471 28712 3723 28055 16882 33565 874 872 17024 9783 11555 5465 34234 3335 27695 7983 12646 27378 4581 15509 27544 35574 4577 12358 12766 32973 989 4587 12624 19315 34274 29242 29184 27689 5083 15731 23550 40657 29774 23390 40897 22387 19686 12220 34210 40771 4558 15507 18999 18758 16874 15050 42306 28025 2738 28281 27830 40516 1021 1359 8887 4570 35423 39318 11271 5910 11156 139 16480 22140 27700 39352 37637 10772 2936 28857 12892 18413 12246 27706 38568 37116 30177 30189 7800 38635 27709 18043 36565 39394 2731 38399 30180 18047 20681 34427 29698 37113 38571 36995 18078 33670 37559 24265 15837 29277 30174 29266 30182 30169 45047 33514 7281 28883 30183 8332 18049 30031 29269 18418 35718 25306 27732 14644 27729 27731 15891 38334 30171 35577 36361 18048 29224 27730 23916 2488 18052 24941 15877 25673 29225 12499 30181 10798 36399
44 6754 23582 37829 29707 23690 34554 11805 16831 16798 6435 23870 34280 1321 718 6814 28006 7982 13324 26496 866 35839 14157 18936 3718 29674 29794 21046 40104 12616 6570 25261 31167 38417 12695 24837 41376 6411 37637 21369 31838 39072 38400 12648 18979 37357 23419 39321 29254 37582 31666 12266 24833 12690 23520 20448 5596 23825 31685 38403 12381 38415 27010 25558 12265 12345 29596 38537 12679 37403 6591 18268 34942 23849 37932 39277 39396 37909 38021 38123 39252 30648 37960 38131 38621 12143 37124 12581 17959 1671 15305 37935 40376 30196 15645 25324 31694 13161 38206 31722 1895 5743 31084 31849 8723 28431 29285 36369 29304 24714 39232 33185 5768 12296 25016 31781
45 18313 35828 31895 35597 32586 22015 37255 25002 37252 28969 28970 26831 35734 33294 25649 26186 26444 28851 25650 25719 36800 26832 19419 4557 1467 35409 21245 34212 40086 3982 37595 18981 37256 28829 15134 33457 19420 13770 21286 40085 28835 42511 33703 38788 42223 18421 19817 24705 37257 15133 39250 44816 22145 21898 17984 37251 39488 28971 28968 28125 35379 23393 22166 44739 35284 27858 45083 35268 42510 35261 10180 37254 15470 37249 40874 18394 26424 27381 18466 4427 46731 36392 21110 37596
46 16520 44084 12872 1170 1171 3688 4381 12876 5439 1080 1360 28660 17845 9856 16522 17870 7040 17863 12799 24191 17314 5081 12788 17923 23311 47275 47244 8931 48937 17954 17837 807 7311 6204 12413 39372 6301 17862 17872 29082 17865 27379 36019 39091 45754 39089 17952 32312 38374 15440 31162 45024 31028 8133 17850 17396 37534 9555 37315 28683 45324 46422 36194 28872 46136 39208 39119 19696 17844 17381 25306 47086 17933 29449 32617 5579 37541 28873 23423 17957 28399 31426 6357 14281 24017 40397 36562 17877 33267 17892 44443 17884 12135 28304 31427 11655 36162 12893 17849 25573 7770 52 6221 37063 28372 7692 37532 37531 5503 29950 40259 15100 10684 4019 25533 15948 27249 29731 29441 17887 44994 20470 37533 5446 26674 8117 12747 7803 23762 33131 17202 12129 7561 7797 736 806 6879 32677 6203 14155 6185 14133 6916 35469 7835 5408 17819 26737 12758 35209 1034 6917 17924 16509 14168 4959 14160 19583 6220 25571 27181 19595 19594 9780 12503 5342 6954 26754 40780 28314 17825 26816 3651 38973 36592 4369 17820 17856 36595 16512 14053 12436 16513 17790 28218 27965 25452 12920 16516 13334 5389 35027 498 808 17868 17832 15662 12719 26753 27180 35218
47 47313 46345 38486 46285 15153 11320 42527 11321 11212 45764 45862 45983 11228 38382 17772 47586 11262 41429 42532 11344 41934 11260 43758 8969 11120 44949 46450 44544 39181 45965 44459 43488 45979 42138 43785 46317 46511 46062 11222 33293 3124 18738 18737 18736 11352 22831 42137
48 46222 23520 47451 45622 47894 47741 48153 16252 44021 8016 7920 26599 26002 13333 6195 3940 43158 825 4034 42640 41916 13273 48014 43993 47370 44700 26546 44893 45045 30878 43171 42804 29123 43237 44702 44963 43893 44837 46566 45425 45779 4985 45347 14438 46351 45555 47053 46109
49 28323 28357 1085 30328 41076 27220 19448 1383 2007 17325 30295 28332 8021 1084 28303 16713 6909 28945 1308 36852 12960 5549 35234 8733 19462 1847 31425 26243 31135 8636 23140 37712 26078 8073 5570 12588 31439 37522 8635 30234 11796 26081 36610 8598 26080 5255 17938 24000 12112 5845 13859 8840 38887 13128 26079 17488 48649 8851 35230 38094 28863 11815 11702 13580 13707 17876 38092 15939 31757 12632 8023 8864 14121 19450
50 22636 19255 18090 7541 6873 12904 23693 519 4418 19253 1205 25664 4367 35104 7049 19899 3877 28938 6824 36913 27549 16833 29777 4306 1643 19248 1662 19741 32134 23055 7649 29718 4276 18088 851 762 33024 35836 39711 4791 27130 33593 27554 32599 35831 20015 10184 26604 32300 26608 33633 34957 42927 25637 35926 3693 770 3940 4002 28562 25591 14484 12882 28216 16853 35357 7782 34478 720 13856 11012 16854
51 26881 1872 1873 13040 8302 13567 25403 25404 17229 151 26621 12101 965 10339 12446 12329 16235 15805 7189 12202 12703 26043 15802 43564 35108 15212 19596 872 30120 23744 1391 10687 34020 12708 17518 692 14045 1924 24994 790 30063 15818 15795 691 30412 13160 14120 44119 47152 2054 46356 1762
52 12445 28204 662 42946 40786 6204 420 775 17797 13323 827 5129 5121 21506 28214 5127 21993 5119 6075 7483 26527 2290 26521 17798 32857 11478 14721 13308 3861 33863 35130 28216 15281 45413 44605 45878 4642 46799 46022 21687 46517 4436 45173 38266 23064 48589
53 23955 24088 44580 35255 10946 32713 8503 2425 43237 25582 18174 4139 28139 8630 4223 1199 7570 42741 18094 8578 1218 6305 18185 20869 20312 23606 23968 5071 1471 10701 35869 23977 34015 904 6390 18157 6362 6745 23976 18151 1495 27961 36630 1094 27386 17970 43774 4315 23665 23776 23978 18193 3135 18239 28650 40846 36404 19724 1856 7555 11004 8539 1198 6304 679
54 10148 3964 27999 14009 21227 15095 36591 10871 6270 27971 3550 3790 27896 3830 907 26586 932 12081 1204 4046 4954 43833 21727 10122 4690 16170 17495 5959 7069 20024 10935 3647 14576 40727 22718 14824 34079 416 33589 6077 709 3388 34283 35049 20388 2444 33179 25632 14693 40211 20046 3489 15086 3484 5958 10127 34723 32815 4672 34298 40002 34488 34249 18665 3091 20143 13997 32599 6846 19992 2436 20048 7808 34741 20931 39898 34561 39896 21728 17116 534 19221 5612 8264 32855 4679 7096 21842 4790 25490 34078 21845 19788 20560 33097 21735 18007 19647 22688 39897 4702 33927 10876 33149 33100 4680 34722 4717 10107 26548 8089 42736 14148 40461 20236 25540 16040 14011 516 2446 28694 11186 7763 2482 10173 4107 7868 3838 10819 8457 17507 18980 4113 20975 17978 29170 1704 20529 423 3616 4304 19738 20468 3525 10893 4013 17977 5037 11589 491 36251 29648 29575 6070 20559 3926 27625 4659 21258 20481 36920 4809 5956 3522 10094 28646 26302 34716 8127 10870 4253 39958 10890 3760 15105 21411 44270 4339 8124 15101 14711 24171 28230 10285 3765 33385 14496 23346 28640 17755 40170 3978 1714 10894 3971 39963 4041 4344 15277 15087 21399 3485 20141 3473 19907 10859 8130 35111 18514 19509 10879 2458 31489 8119 15106 36966 21322 6852 15102 35625 17510 3646 20437 6248 20142 3618 34768 3649 5621 26145 38459 10848 27135 29602
55 42023 28068 36196 38091 37044 2125 39576 41315 30989 10532 19323 44469 17137 20270 46999 36078 37852 11884 42253 17515 39538 40436 47949 28057 40742 19301 46601 27875 35972 34593 33848 46460 39225 6675 39320 21319 8972 26930 40105 48296 37489 33059 21647 35569 45822 4105 46893 37656 28050 43917 37487 27856 43209 34206 4845 37488 22067 24485 25619 43703 37486 22128 1943 5853 32923 46833 21653 27860 37490 35572 37646 37496
56 44607 43517 13862 44494 45190 29125 45022 44838 42900 43528 43058 40840 36403 22788 45552 29901 44286 43401 44860 44831 12527 44920 44577 29342 45567 43685 45354 45206 45090 43783 44823 44751 44943 22842 45209 30218 22915 31302 44500 45120 43732 23016 43386 44502 44069 45280 45447 23136 43735 45351 45052 45561 44911 46113 44366 43938 45519 43651 23824 44850 9083 46268 46239 45454 45408 45111
57 38159 12328 24983 37145 37851 37967 38298 31085 30897 37773 29316 24672 30204 10328 32432 30209 10351 9030 38104 15320 38145 19304 37774 38596 30203 41529 38218 13403 31354 38105 37778 6478 11890 31081 38046 38124 15306 38872 38871 35933 23642 38102 25370 24669 37567 15332 38022
58 13921 18354 18349 9627 34853 26593 15902 33181 7519 4068 34042 19859 11958 18294 36 32873 195 20307 13953 34284 156 11688 16459 42370 19564 16460 21586 26615 20134 39716 11650 20207 20978 9051 11829 42751 1796 17818 37760 32320 11202 27945 14768 31537 21311 36011 10238 13370 25765 39718 4993 36008 22776 36594 5061 1176 14220 488 36015 7874 14534 31798 35112 13497
59 15030 11343 30984 21291 21292 13832 28524 32531 33568 22014 29953 42517 6029 3430 24272 33569 39581 48050 21261 42610 21765 11405 39760 30512 31809 35806 23924 43510 21318 39582 4258 43043 10691 28385 30432 38636 2775 32268 44888 21922 36549 42487 42884 43442 6027 41568 37160 33567 39594 22772 33361 42537 14268 8083 42911 5906 3754 2392 28510 28024 43015 6035 3366
60 2969 26532 26531 43033 14067 16648 43684 45362 20972 44169 44219 44801 42660 28635 21970 28476 45202 37062 47411 47853 46937 46719 46446 46271 46571 46870 47673 47672 45788 46616 45151 27952 2973 8542 9129 8544 8543 8508 9089 16122 14629 16175 20220 9274 43702 8491 5060 9342 43594 44505 44530 9094 9258 9102 9149 9222
61 46271 43124 47531 47542 42742 45936 47598 47109 46409 45206 47487 47090 42629 46719 42691 46446 48351 43303 44817 45801 21462 44400 45796 46110 46267 47540 46937 42895 44345 46987 43212 45471 43077 48295 48368 47647 47539 47886 47329 46814 45225 44945 42627 45903 46114 45377 44987 44621 44192 43431 43807 44594 45850 45594 42934 45392 45277 43096 43116 45586
62 23152 42314 38146 25370 38305 41299 20753 38161 36375 15315 15374 15368 38632 15372 15353 16321 24672 37565 41531 24679 6483 38259 39464 38304 16779 12388 28889 41300 39292 23437 37929 37973 15398 15313 15377 8903 15300 24609 11820 9574 25023 24644 36677 37954 40662 38427 28364 11917 5841 25356 37960 15293 37564 30203 24958 38340 15376 38344 15382 38253 37518 15361 15378 38623 15413 38110 15369 38232 15407 15415 38332 36571 15373 15364
63 38568 40906 37906 38598 37905 37927 5744 8937 22632 29107 25324 18045 40907 33890 489 30171 37929 27878 1096 39370 5295 13840 37821 37823 38307 16783 13599 38140 34910 38212 48021 38275 38121 37948 13865 30174 1331 17053 22896 35860 17048 6309 8592 17047 29061 29799 41037 22673 22924 29023 29408 3946 22955 8565 1158 7850 4620 22880 36046 5016 1201 16378 12632 36282 34676 44610 36272 23223 30162 34861 34213 36999 7694 22895 1550
64 14300 29200 3959 27475 3827 42354 8740 28528 44571 36875 18099 28755 44341 34270 33365 36166 39659 39720 43997 23926 40080 44812 7154 20124 43613 44237 26248 18306 39182 20615 33368 18757 41242 28150 39181 3500 39857 3503 41108 30520 8756 42250 27330 42210 3507 33160 22376 22000 3501 8357
65 46312 46384 46452 45967 46140 43196 47201 45257 47142 44623 47400 47481 46744 46138 44763 46877 46079 45723 43702 43289 43927 44069 43488 43783 44147 45067 46214 45216 44979 45789 46963 44548 46255 43709 46843 46888 47237 46889 46019 47797 47844 47987 47992 48020 48029 47052 47873 48072 47339 45652 47832 46734 46589 47474 43961 47792 47658 47659 47216 47646 46604 47450 46287 45470 47345 46984 47842 47751 47841 46379 46905
66 43267 5318 14014 4172 14890 21566 8756 14879 46627 42946 42692 7279 14108 19585 46372 1485 5534 8374 25465 28315 1047 4185 28314 661 2294 28691 43344 42825 5403 8740 9754 257 12395 8746 13911 4085 35929 1171 19891 28651 226 14543 8741 3380 34821 2312 10032 8357 26804 351 8306 14771 8314 202 35215 14793 1221
67 45227 15136 31165 45613 30809 45529 45251 29584 41176 45302 45367 23017 31139 30799 45095 31404 45096 14708 45327 45289 45278 45191 40942 23049 45379 45442 29629 45303 45481 12319 45272 31402 45665 30620 31120 45273 12347 46075 45898 22979 44941 31124 45149 45260 45873 31578 45702 24253 45123 41178 41175 31909 45320 45446 44253 46054 46367 45606 46014 45984 45259 43240 44866 44698 45969 45323 46280 9027 46260 46352 46132 46102
68 23350 41352 14597 6864 37735 37736 46211 9808 36614 33347 17352 3027 6451 15942 37738 46169 37737 37748 37739 37742 37741 37733 37744 1541 47212 37734 38882 38672 46381 45722 47836 14034 45950
69 11907 28955 10789 24139 21856 10377 5816 2066 21711 38781 3875 41910 10791 29610 21911 14210 3756 5754 31786 18955 19318 8961 5536 28925 44741 19713 36969 6234 9430 21702 9463 30359 9424 29623 28998 7874 11509 32824 438 20495 32326 24058 45406 39412 497 6309 33599 8584 28940 5033 8957 28927 34859 29009 7889 41854 24138 28966 1646 37269 29007 22406 24392 5373 6843 5918 30221 36347 10135 11497 34865 17941 12002 8704 36506
70 43241 46817 8195 45353 13587 48925 48582 29469 44974 46678 24658 36260 10901 39443 36250 32320 3773 15109 48181 48009 46103 8140 2449 43871 45551 44351 45520 44661 45369 46190 48460 42145 46246 3849 46491 2465 47770 48425 34775
71 21547 1930 42866 22101 44815 29376 3998 18334 20806 42772 20936 22905 32869 19024 13028 23019 15494 20862 4550 22548 40774 17578 11348 44052 21906 41926 13755 34013 41536 29112 21290 42979 19339 26267 34501 21541 35672 22956 30091 11349 31558 42516 21738 13762 19794 42512 7476 22264 22230 21930 12940 36644 42518 32867 20896 32699 21441 21249 4683 21874 14518 35319 8273 22383 33527 8474 33683 15888 36956 17898 35110 21959 35399 40714 7503 30547 28188 21302 42591 37472 20900 15501 22848 23226 37882 46090 30527
72 16374 3277 2821 15830 33705 14742 21924 22304 18478 19811 39300 21305 22173 11628 14532 48451 15249 14853 33963 32668 39680 32625 45051 45916 8748 15881 33011 3453 22182 14909 8389 22161 2340 18590 3367 18600 15235 14624 207 2280 103 2333 2330 2331 35333 5926 11790 18800 8765
73 47662 32334 46509 47151 31708 18283 24714 32359 48187 38061 27044 48640 41144 41882 47803 41978 27049 47348 47927 19239 16332 32355 48581 24543 29551 30458 30665 30680 30662 17970 32203 8723 30666 24712 29467 27037 30644 24574 24431 30474 31832 30967 18273 38884 24456 42078
74 36078 33940 27473 12721 11573 41773 18040 45379 26756 11636 46256 42086 28653 28480 1384 3826 29208 39542 3448 21465 44171 38482 31597 32533 28161 44943 27464 32862 27478 33200 19188 16901 42956 5253 28180 42767 40939 16053 3039 17152 17347 11312 18958 35414 4116 21795 27372 4145 26875 34508 20407 6125 39603 5435 23981 23028 7058 4884 34694 21941 21942 33944 14308 7014 40258 26784
75 47533 46305 47063 48967 46867 47105 48558 48104 47512 49063 46309 48401 47089 46018 48543 46649 48993 47894 43446 43237 43923 48559 43093 48712 47781 47280 46905 46611 45500 47618 44566 45350 43181 46777 47062 46834 47013 45654 47675 44496 47780 42744 43267 46222 47361 46999 47600 42794 48507 46911 45028 42822 43310 46807 46674 45147 44444 43597 42806 42705 46361 48081 47101 46435 45965 45582 46303 46257 48292 48424 47438 45902 48709 48708 47011 47305 46764 46374 45803 44348 43048 47445 44932 45844 44473 43966 48160 48239 48055 45193 47548 43837 48022 48471 48304
76 38783 33482 17203 31608 23111 14085 38713 41385 23326 38866 23318 39497 21038 39524 36330 30106 33483 38759 38384 38761 3751 36588 12210 11397 48757 48214 48165 15895 30842 41793 37937 23112 38865 35647 23287 32273 41098 41821 32463 37269 31538 11325 11287 38751 38753 40369 31604 41790 38770 32262 27874 32451 23250 11381 31569 15581 32035 35158 31911 11343 41230 41779 32297 32379 31611 32239 32243 18492 23197
77 31409 31460 41308 8969 27341 46259 29465 33888 37623 23207 11216 42347 11138 11331 30767 23046 11345 15160 28834 22499 17772 15956 41230 41017 21192 23161 27343 23125 46628 37907 48349 38895 31928 11143 37970 21188 11273 41743 32446 32392 31938 42296 32443 23236 27870 15187 27873 28871 34588
78 38829 40400 31483 45661 13517 4984 9417 41048 31417 17932 24797 15949 24324 30958 38932 9195 15951 24338 9541 11514 25282 9498 30357 41212 41036 9445 9383 6777 9391 13668 41253 38071 29568 1591 9491 31475 44041 37776 38858 13518 41393 38560 9552 5046 15962 35145 46129 10621 9497 41035 28964 30844 29498 40955 23044 37248 31307 24015 10620 11145 29135
79 40718 34906 18000 22666 22792 22667 22832 7584 9062 15579 17930 40169 20375 21947 22514 4345 34513 20219 22883 6792 40845 6040 25838 27640 11818 35618 10502 45966 18558 18371 1969 8454 29869 25049 18355 34514 298 18035 27659 25541 25840 34657 29055 17503 9302 22861 22612 13490 43482 7197 504 20243 35463 960 25441 25282 546 16511 42522 5896 663 43951 9420 27656 19546 15017 2869 27636 25468 40863 30318 42869 23174 23093 27661 16213 7669 5602 42974 19596 5576 34493 24913 36965 39105 34658 17295 45486 23449 43087 29876 22807 27151 11185 34296 39661 39172 14980 1721 27658 28012 9619 10039 19572 35094 26706 22784 15792 5563 16520 43126 40079 43224 628 29796 20367 44095 10787 13235 47236 26844 29838 16694 32554 12398 38862 22745 43155 17263 9267 43083 4059 18664 17306 9737 28007 28008 3044 22446 12455 41141 28447 35537 40672 486 5363 26859 5468 40741 12418 42711 5383 28014 5013 9765 5477 4340 14034 27660 12456 11700 43535 13499 28537 26125 7142 8823 27891 27635 783 22712 22624 34645 22766 27651 15791 42942 27647 18375 5185 27654 27649 36576 22570 14627 37536 12390 30555 26852 15790 13001 39977 9764 26747 3340 5307 10196 22610 2966 32812 35377 35385 22646 795 46801 20378 42590 765 5901 5367 10518 34056 27299 15788 12034 39978 26848 9598 5267 32275 35703 32794 31 32354 20182 12948 32538 14283 30093 10035 33769 31190 26701 39788 46462 9616 17502 15787 27634 27806 9055 11791 26135 9987 5522 46819 7911 19580 7291 7604 5287
80 19014 3976 45479 26683 28343 10436 17640 8870 20803 17299 28722 19012 22768 27282 20281 18998 45688 10359 29938 25816 4260 3125 42885 10441 29925 39181 36787 28697 6131 2918 42520 35732 44324 23000 4920 44208 17324 33467 22945 34599 29934 35717 10039 9418 11269 39182 19596
81 24608 8975 32346 42025 8183 41030 30510 41911 2187 1892 41805 36213 31613 7937 835 13634 163 37900 895 19981 41655 24556 37993 21254 41852 18575 3158 38608 21236 24025 23408 2167 24730 33820 41968 14588 10411 39062 41104 9527 38023 9740 29134 13035 13054 24773 9884 31092 34050 31524
82 12804 7884 1489 23026 28568 35287 33299 33300 5568 35292 36316 34183 35291 37680 7609 24045 1575 29675 37678 6427 36778 4077 5704 29756 13132 40887 29604 1595 36906 1665 7903 23363 19682 16718 12259 23490 28861 5639 1767 31153 6310 12232 22066 13065 23724 12170 16914 4312 23735 5660 28036 19725 23096 36223 36905 8620 16347 19716 20501 30799 24046 12150 4988 24240 35888 40896 26334 7650 20487 35289 1488 35629 40594 28030 22630 899 4136 4166 7817 33292 35275 33291 34005 11012 13331 35631 19906 18946 40892 4015 20680 35274 25562 26308 26306 5089 13278 39810 34002 40598 26315 27932 11303 35161 39847 40597 21520 40602 41194 28465 40891 39773 17516 39626 35279 4297 13882 35288 22799 28705 39613 5055 1292 23599 13325 36393 33290 22900 23605 36023 5949 4082 38989 6345 17206 17730 18938 40205 33607 35283 4198 39614 34211 40980 28117 8580 21231 35886 17959 33296 23982 35433 5106 31783 28477 24825 23846 24845 8717 23857 12325 20074 28967 23858 23987 4283 24860 3881 33184 1866 29264 35835 37283 5768 32489 27078 24856 30966 30655 23788 23484 36727 12380 29266 38558 24853 29269 16368 24852 24849 24851 37295 31326 12373 1885 32786 24440 36827 37505 10782 41379 30502 3410 12317 32229 36725 25039 38012 6174 24359 18314 24482 25033 9030 11899 37946 24445 41855 36731 18528 9027 2127 29822 30715 25352 38234 48012 46999 24494 24714 24977 24350 1837 29263 15656 8985 11824 30654 37130 30652 30657 5834 10744 8668 19326 32150 11823 25048 2099 11826 38460 11749 5865 36717 19300 25037 6484 8994 38548 9012 38404 37357 34683 6392 31172 23818 30950 27074 18533 34186 37606 6379 34571 24832 6431 30364 20482 3075 24376 9565 27073 38537 30367 20483 37692 9554 31121 24251 41158 38402 24233 31115 31173 34684 36767 34940 31224 8683 18200 23406 24212 19721 12166 31155 23398 1836 8698 37685 20432 12261 1868 29273 27071 30614 36706 20491 28985 37354 34681 29226 12295 20484 36712 23525 23766 36718 23388 12356 37703 23410 27013 18534 31169 37700 38400 18532 8960 31235 37607 6859 37705 9566 37706 25284 34923 12372 24320 36832 39073 5629 42180 39071 29236 39219 24322 5599 1949 37353 19715 12323 37693
83 794 28878 34225 38392 40263 33774 30265 34238 26139 38393 30833 2403 1442 40539 296 1443 8854 26140 959 31673 31675 30566 13185 5481 40287 35872 5390 32913 998 2927 38389 1824 8833 1014 1015 1983 17299 15956 37624 34227 14904 34236 34203 15544 15545 28409 15513 38390 14865 17081 297 12540 12447 778 8868 12391 7275 34136 12821 17042 12446 14295 10338 691 14827 27588 17034 21824 1985 5667 4921 301 10401 1984 28343
84 16785 12885 1235 23634 26241 19248 39370 21310 37868 35840 18314 37956 39427 37926 13792 23890 23586 17852 38975 10184 23563 14070 33805 18225 40686 18970 27558 12754 26838 2646 39995 27911 26730 16609 26306 3683 4296 17757 23871 19677 48692 27877 14071 5676 18203 44358 42999 5863 5862 33116 18563 20843 18760 24096 25352 24842 21373 15065 26847 18063 29718 18095 10771 38526 24564 37865 29886 37126 19533 39328 31272 27415 31655 18529 11223 29276 18975 24856 1528 18969 31228 33401 21072 4301 41195 34781 25927 1416 41153 37266 23753 28554 20470 17361 29707 1415 12847 28681 19676 1662 37681 22990 28643
85 7514 3053 5683 6867 5881 20522 5903 2726 22081 40509 5681 8075 8279 8088 11765 14493 12941 39988 20915 7713 15079 32870 21213 10788 13786 21214 15485 5235 11632 3624 3458 22211 20907 39840 42651 1268 18968 20842 43704 42667 34290 42668 42678 42656 42664 9058 39633 27317 1255 43559 1257 1247 5188 7753 21414 21413 1264 34504 1263 8165 21535 1248 16335 2509 42981 1266 7133 21717 5992 33125 5236 3804 5222 20179 39550 42430 33100 20071 488 19225 40428
86 24796 72 32172 48662 2206 32185 38840 30709 41898 38948 24273 18430 24782 38961 48495 36877 11931 306 13664 2230 36519 48379 39525 13586 5753 48720 48749 24688 34301 41869 24633 5807 19334 2245 15586 32178 13661 13650 48723 13589 13662 48940
87 14344 21486 22232 43080 34038 34418 27376 11148 1306 14027 21274 15964 30815 4915 34040 16861 10852 42394 27333 21487 35553 39833 34069 21701 29684 42757 36799 33399 27837 15924 18487 15567 14261 36078 26686 11320 34570 11387 42286 28182 23407 49074 48587 49125 14629 4914 15681 37833 19921 5556 15945 37464 28179 33397 33031 8520 11196 33542 27887 33138 33021 921 11720 27841
88 41057 45144 32482 31525 46698 41797 31907 46168 31442 46608 31903 31463 41809 44688 44556 23187 46266 23132 22810 23127 23080 44983 29801 32302 47134 41941 46871 46882 46884 46699 44484 47199 40399 46872 45443 14060 46948 46986 46897 41830 46498 41826 30358 46382 42051 45307 45267 31192 46835 47181 47764 41858 47470 47579 13893 46009 47126 44364 47395 6492 46167 46736 47352 34550 41545 46923 46730 46008 45584 23035 45616 45757 45236 45620 37341 37671 45411 45349 45310 45313 45248 44226 30849 39483 45814 39490 45548 45550
89 27266 27216 23443 13129 4637 36859 8038 24388 31704 30285 26076 28172 28148 32325 13153 1699 24287 25355 2081 13583 25298 13563 32298 17958 13584 2057 23100 32501 29936 42034 23442 36858 1522 24777 31388
90 22291 4127 540 34401 16285 23217 19323 7933 30764 16847 16828 16816 5662 37766 21997 37566 21053 7092 28938 43516 27133 27810 29600 29599 17172 36961 41020 34145 3630 2672 44017 29337 11189 6815 37831 8284 10266 25684 19353 38151 24899 41115 30434 36517 36516 38240 32190 11805 37040 44016 38269 41132 8192 33725 22984 6498 21699 19330 40850 24677 16812 17171 41364 48032 32317 25727 24791 41991 24612 48324 29826 34540 38050 37966 38108 12966 37953 42574 45589
91 12497 12788 26693 2963 4616 971 20357 7563 36817 6566 24179 1181 42335 7696 37672 12657 8036 23777 39181 1325 35793 15036 12820 26629 25830 12616 3527 26678 5363 12413 2951 14046 7297 16895 14958 40413 845 4599 17891 6539 8029 18182
92 7027 9706 199 20304 8290 8293 8294 13948 32543 42519 21928 7194 19839 15252 20297 8297 2778 34411 2308 8431 8404 8337 2314 8287 14658 7240 2797 279 2815 7218 14970 14657 14640 8328 2799 18628 18635 13478 4813 17213 42890 15012 236 5253 7230 8764 8756 35180 33019 17144 3266 5843 11757 5844 16874 16882 33020 16889 9642 8767 14357 15208 39905 20289 11783 3290 2356 15001 15264 6900 17216 14300 20323 14307 5262 15243 21190 14655 13913 19003 32972 14020 7241 33726 14941 14954 15782 7390 17243 8289 6889 15010 9659 3363 8758 8776 4905 27166 14263 7012 21925 6941 22877 20687 8822 20311 14932 8292 14946 17221 14916 26816 33750 40462 26619 6923 13923 19552 34226 7299 9661 14765 3264 20715 14931 1203 40702 14769 14852 15270 15072 19573 7181 26778 42607 3327 3426 3347 26679 13414 2922 327 2790 14991 21592 451 2813 2817 8361 8405 32619 21588 33979 2931 27170 19867 27434 21927 26786 9943 9617 8395 277 11627 26728 8308 8304 5692 9903 17246 8379 5887 21364 8752 13984 12781 26817 13418 9745 2808 3896 7205 8392 19480 2964 8410 12388 8749 9649 14787 14889 14301 7233 869 13958 344 21583 4852 13990 32881 14973 40420 20181 6934 19556 19848 20273 14776 1031 27190 8343 3317 17265 14795 8424 20098 7324 16930 9934 17237 8751 14615 8314 43153 8300 3432 7301 9657 39632 26695 21929 2810 13470 15000 27224 13447 14251 26780 811 13995 352 14925 9669 21926 19638 3904 3903 3911 3906 3902 13460 13915 18837 16598 8380 16599 20692 8376 19789 8356 20581 14987 3298 18813 6973 19781 35171 15284 14622 8331 40717 15254 14793 15061 15006 13420 14815 14638 13456 27186 14786 15749 15268 14885 18925 14967 18998 15037 26642 16935 15073 9653 5977 8342 3905 7523 8310 8296 3252 18784 19004 14933 14926 8326 20582 12718 2899 20308 39799 39798 20305 20294 20293 40148 32973 14358 616 2787 32974 20698 871 14021 695 7411 7415 7414 34447 696 34446 19541 34444 20952 16631 18604 13461 33247 33324 40463 10306 9681 870 14911 9687 2789 2800 104 9690 9939 14015 19490 22133 14975 19539 8307 8420 9912 32545 19000 27185 3283 12715 32839 2306 11768 35173 13963 149 8325 19571 12389 5254 20596 9685 3547 3353 2823 11934 35185 8295 13479 27182 14837 301 9599 8319 3271 13468 8327 9654 8291 8324 8388 20690 13492 19785 3334
93 26402 26384 7535 26419 21290 42893 1265 17233 16632 21998 12135 16373 374 27820 26398 26385 22803 29440 37314 19685 19207 4673 22977 29690 36508 23015 26421 36180 3398 46092 35129 1254 376 26411 26432 30582 14264 2270 43638 3155 15239 36089 31874 13452 23921 2372 29329 12836 43197 14004 14665 9900 19492 32721 30317 2515 44389 22934 19687 28487 44198 23389 11614 10338 9678 4730 26417 26403 43852 9891 21111 43772 16098 11207 26406 26397 26400 26404 26405 44507 3256 26407 34267 44112 44044 42815 26422 26429 26410 45055 44179 44113 46130 6946 26428 26427 222 26881 22312 26650 42852 19596 42442 10398 17384 19636 34499 12018 4910 43144 25702 4121 14883 19590 17308 44038 9734 36037 21309 42991 25714 34271 8764 34273 26412 13428 29798 43118 21134 34010
94 18366 42854 18374 16624 43008 18367 16625 45518 42971 12739 16610 11324 11323 3290 11346 33466 18359 38358 34237 18351 19892 40173 26111 43034 43003 32548 33746 21408 21410 3254 42838 18358 36658 18362 42962 18350 9786 45231 45480 36650 36651 36649 28498 43359 43141 18383 18357 44238 4915 14644 18347 18352 41750 29570 33384 18345 12542 15023 18378 29217 18372 18382 13990 21407 48848 32492 17769 48329 35870
95 23779 34852 10869 34737 19849 29251 37605 8730 7910 34734 4056 11959 34560 13791 16188 39392 25516 16126 15198 31350 24862 36743 7755 3662 11958 638 3977 33102 25366 37032 7042 3740 30373 31738 32472 33185 7823 37704 5864 30374 37296 12635 30372 38460 39399 30133 29278 23342 25258 13965 29453 11095 41323 32314 36363 48692 39426 31015 16117 25016 27881 27420 29311 15689 22438 34558 25513 35083 28453 11097 11102 3825 40267 4714 36254 30886 7094 14734 6138 28963 11001 3214 37951 7752 25520 25628 16027 33578 6123 25510 25485 10881 38533 30948 16136 4750 22503 5643 387 12234 28002 39330 3463 3213 13952 38921 18495 38247 11094 36377 24903 38113 41858 3419 7741 29456 14003 24965 20463 36257 17186 16797 39309 10898 34076 135 6466 29384 38088 34871 30217 16318 16320 15360 16328 38298 34546 39262 16821 31601 2639 7547 12167 10777 31588 452 3673 2460 16996 4007 7822 23697 29767 5271 34776 23638 36987 4180 17056 10969 30095 23630 19931 1660 2625 1647 36252 24082 10892 19928 12155 9771 1528 37012 37275 12182 24252 8504 34741 27900 7809 36129 25831 22578 24046 4238 35832 4316 3671 2650 4159 39712 12712 10998 25547 41422 35088 2587 2642 2633 35839 7805 2649 35838 7818 19889 27953 5382 34743 28459 23929 34490 2601 6324 2522 1187 34845 34856 38983 28706 964 23582 10874 7851 12840 35922 7357 34836 28614 2592 4290 3718 30360
96 15354 15374 5840 5842 15365 16869 37568 15335 15368 38573 24958 38278 38578 31595 38321 15328 16804 15382 15415 37909 15404 31593 12388 38621 31794 31588 37968 35577 37664 15376 21422 29308 36794 24680 39460 37925 16791 15353 35579 9574 38575 38581 15297 25801 15315 12299 38586 41396 38145 30215 15358 38583 38589 38582 5849 29311 25365 31081 37135 39369 38584 2184 38627 37149 31677 31821 25797 29079 31467 40944 13421 25392 37499 38588 37991 16822 21419 16807 30216 15362 38315 31752 13694 15304 38587 15337 36571 15413 16330 16762 24591 38594 17431 38344 16821 38580 31986 38579 38592 25390
97 43194 3805 21388 39812 21852 11783 40876 28427 34583 15580 28575 22576 1497 36027 40226 219 20193 28092 42766 42410 28423 43909 4104 28064 26100 4939 19444 36025 25844 14255 43834 28052 28422 17146 15478 28425 11166 17164 40247 40325 20984 33459 4135 35628 33340 25821 13022 34600 40206 11424 36756 33637 19736 17153 28429 11425 40497 20667 20349 20313 34601 33244 34173 21059 40115 21008 22167 17150 28825 22698 1001 42198 27859 28463 36807 39287 42205 41267 40425 33796 30377 39281 35585 36063 39757 36357 11279 34312 31422 21010 41103 14678 45221 39282 28062 36032
98 19150 25245 19138 27727 25227 25097 24304 25096 38350 19165 15372 48563 19146 41250 6507 19157 25056 19167 38082 19134 48439 25119 17701 38076 19156 16778 27430 19147 25161 4566 37984 32975 41251 25231 39126 38309 38326 31592 25228 38963 19151 19130 31318 19158 25158 30707 38183 38235 41416 29328 29323 17699 15521 25250 38901 19084 25248 36516 16765 19128 23843 18276 18406 19100 19097 25246 25120 48121 24597 38355 48306 38133 13599 24627 38313 48187 25129 25054 19145 25055 19375 31061 36483 27722 4565 25685 19405 19379 19140 25680 38251 19153 48473 25128 19142 19132 24683 25092 25102 19144 19170 17715 32196 25238 25101 19172 25166 25169 19123 24572 25115 19137 19083 19124 41398 23222 31003 25179 25104 18443 25089 15534 23271 37669 25152 23053 25112 41415 36900 19173 25223 25194 15341 19155 24538 36488 24368 18409 31514 25672 25178 25187 25176 16311 28169 16829 19219 41290 41618 25163 38004 17698 25095 49083 37848 25186 25177 49064 2175 19135 18434 24716 37180 25145 37859 19092 15892 39157 25240 25063 38706 19139 17686 49067 19125 5017 19131 25181 41670 24369 27752 41667 25075 25171 19070 19119 19118 38960 25243 19071 25241 23270 19129 25116 19141 15726 4535 30706 38724 19127 18427
99 39265 25440 30234 23429 15555 36004 30400 4608 37539 23952 30413 22815 788 45866 34925 30393 22940 15527 17734 39084 12123 12147 35802 27583 16924 46211 957 23065 45413 40221 29709 27276 36002 39122 12193 41278 32078 30419 30457 45553 6551 39148 41187 28766 25791 28518 25409 31466 38676 31799 38366 33786 38836 38807 23942 15766 15710 23073 23930 30442 30439 37201 17964 13364 31730 46405 17950 37208 37209 28501 30420 37224 8001 23104 30441 28732 28508 35124 37229 23460 39080 43678 27803 23268 27194 28235 36334 1182 10369 44114 40963 44032 26757 26706 4972 27164 26733 9754 27578 10397 32631 40706 4045 22740 7980 5032 18183 22774 4973 37070 4327 8027 7986 1170 23936 12549 4331 27579 23156
100 9427 9524 43740 9526 16714 47954 47255 10483 9359 10498 15966 9395 44627 30645 15968 16017 47342 24391 30453 9428 9363 9304 48932 48173 47956 48630 48660 48253 48357 30452 9504 30691 9538 48082 10575 47213 46088 30632 47183 49070 45951 24157 9319 38540 46484 36766 46342 23517 38544 9425 30640 9383 9429 42206 38736 30625 43449 38542 28808 36218 36217 28032 38559 24549 9278 46967 30644 47272 38555 46775 15965 15959 9423 9256 38556 38552 43077 9422 49100 46650 49053 24390 38775 30616
101 48114 32150 11904 24792 32167 47833 41214 47559 10681 32199 47960 47521 32168 45524 15719 47933 48235 24752 47943 24724 39226 33464 32206 48291 24582 47528 48529 46271 46937 46719 24637 48371 48164 24798 2197 34603 48778 47847 48724 48583 13683 48864 49046 32156 13720 48792 49177 48780
102 26481 6136 21494 7075 9872 43284 32264 39656 722 26512 4859 9684 16145 6135 619 10470 13225 3914 16091 40077 10636 14970 16271 10481 8480 14714 14491 25484 42165 5221 2887 19662 19313 9119 6134 34399 5211 34947 2391 2749 6524 10843 2742 13224 33077 16225 16216 33879 34719 6797 8483 7520 16173 3987 624 19842 6133 9974 15213 33302
103 31311 31494 47951 1747 33467 38729 1082 23288 28482 23234 28488 38718 31412 23102 23232 38713 48638 1898 48952 28490 1899 1746 38705 1750 31298 47897 39180 17428 9452 9451 1743 32493 23233 1745 42343 11326 30488 30514 30519 30539 1744 1452 48316 48828 42342 11366 33465 41688 48943 11390 48921 48892 2060 2059 48735 48959 48912 48815 41685 41692 41690 48834 2166 30481 30483 30482 49104 38754 41683 48080 41691 2061 48769 47902 11367 11295 11256 48385 48951 48214 48372 48305 39478 38769 48271 2028 48276 41684 41689 48269 48202 1597 48816 48448 48250 48590 48621 48807 38719 48775 1950 2045 41306 38789 31929 48777 37243 41686 21023 37242 27876 24468 39379 11384 48453 41164 37850 11358 37237 32494 15957 42341 41804 28875 41845 39516 41789 31792 32495 39487 24373 30775 30776 38801 38792 31878 38778 41744 11389 38790 32280 31611 2090 42052 41340 42039 23254 41793 41774 11328 40285 32475 41017 33466 38784 29176 31518 11339 29172 31498 28159 31499 39283 40284 32248 18493 29173 39181 28039 40283 31566 42346 23069 42340 32407 32143 40297 31492 27342 35909 31911 29477 32452 27341 48516 2863 11307 17772 28484 42196 30773
104 35441 40054 18569 37610 11236 36798 42551 22339 42963 36256 39375 20132 20841 22711 11152 22313 22642 42536 11192 9039 21534 19680 20840 29903 42561 39867 3803 20658 20833 8093 39826 4975 42786 38875 2665 18566 20019 11195 3626 9797 8278 18568 30544 3390 29844 39521 39825 43695 36492 22933 31932 20902 18570 20846 21507 39560 31937 39559 23227 39824 30506 39784 14807 463 6372 42260
105 4719 40305 7404 9618 31527 18004 24048 3793 40931 13128 46826 12913 3005 1800 11200 23444 43054 15248 33238 30078 17429 11859 7384 11181 45184 39955 14846 31541 20376 31313 2271 25410 15257 2957 19432 16270 43462 10794 39954 31075 3186 2369 9716 17999 31190 31073 23054 12967 31112 32477 7587 913 7684 22415 22124 11033 32652 20801 32644 5072 41260 25282 2857 36883 20114 12986 30034 5631 2860 32651 30382 5073 9897 8099 2382 7024 9750 13350 11244 10622 42781 8352 21383 12567 32650 2997 46027 12566 27642 11205 26624 44961 43067 24163 3431 13453 2970 30521 8137 9944 18677 3792 14646 7685 38129 30101 29804 29558 29335 5257 5486 31618 13147 1819 29899 28689 34912 29550 31108 30790 22909 15363 16910 44828 27226 38278 44299 38320 15365 20037 15373 15315 44680 31595 26074 15369 30819 14722 41567 2272 11214 4160 45496 28365 10791 3287 31668 2936 2383 43732 970 33606 12706 28611 43405 38592 35458 2224 29952 31488 42842 44262 15937 2208 5587 21273 2905 34802 37367 37991 30429 32120 47385 30972 30217 32088 48482 14518 13695 46526 30058 21172 11167 38584 3737 37152 25801 25309 38586 24643 15317 15310 15313 15312 4919 39367 37135 32393 8415 42372 26681 14944 2923 10355 38726 10796 38727 25344 38720 38582 38583 31082 12469 14899 38621 48144 38580 30201 15326 38254 41394 41396 38175 25393 38265 16321 38267 38589 38279 38297 28814 15321 42860 38587 31085 37505 38164 30213 38588 31131 38135 47252 38105 2274 15314 15311 15303 43508
106 19367 4454 36078 29339 33513 3544 19429 29597 18307 15863 19048 17588 36902 30314 40070 25720 18100 34440 36800 35403 20928 21102 34345 18403 41784 27627 15855 33517 40087 37308 15865 19063 40481 18557 21851 33937 4641 26082 21133 44674 34387 15846 22037 28701 34417 4455 16647 3396 21850 23139 30820 31299 42778 27782 22053 30811 26565 40482 4572 38472
107 12974 42382 20135 31443 4730 18559 40310 4255 11218 21167 36206 30824 30807 30862 31066 41881 42381 4123 40522 20987 39217 29096 32513 41476 3993 15125 5021 20411 8018 38756 37995 41521 47302 14731 32441 39181 31897 157 23170 40283 36331 3043 24013 25464 28157 937 1613 39128 7038 34332 3851 10442 23907 23208 23209 2666 10912 37233 20417 29501 41368 37998 36627 18573 34293 1705 6442 32365
108 31394 12971 14732 14729 19796 2683 14863 2677 9407 4782 10839 11990 30785 7617 7451 16074 7134 4083 549 9963 7485 595 13217 6861 17907 13006 16101 11950 7480 14685 16076 13811 5515 33002 4198 46554 47095 4285 30916 7486 36874 28953 7483 35143 6837 17320 8096 46591 497 10207 2695 30911 30794 30910 23927 10169 1078 35369 11825 13243 31778 19596 36556 35140 47565 14560 6188 35141 35367 32049 24736 11904 29552 35395 47235 31001 20038 19704 8201 10011 14556 17925
109 28136 33446 20786 30561 19737 35790 22484 20315 2485 29129 15912 43088 7378 16293 5007 36582 7533 34157 968 36932 29194 26837 18540 20025 40228 33240 36958 3446 5950 14027 45187 5951 2615 31717 36600 20233 32782 2481 11344 26451 13104 21700 39182 39181 26500 7521 33022 2773 37046 8258
110 28384 1269 789 8941 1681 12628 30309 30277 1393 1390 1682 1459 12584 15812 12583 1822 12585 1716 28289 12699 12698 1307 16953 1394 28290 12608 15820 12550 12574 295 25408 25424 25433 3744 1482 12669 33505 9611 25289 12638 30301 8940 30276 30292 30313 15822 32080 30294 705 30308 15819
111 46914 42225 25044 22970 30676 23086 46230 47093 23145 36308 11840 15960 31149 31804 48989 32348 18289 46312 48607 24411 24650 48415 44559 48581 48427 11930 48799 38684 37759 49091 38821 48746 41665 32356 48287 32205 25136 37730 32164 2066 49045 30461 11724 47778 46655 32234 47587 47709 47863 48049 47442 48127 38786 47269 41055 36986 49111 47247 47288 44425
112 28816 35597 3986 33472 4939 36138 17723 1403 28828 33630 28831 1517 27226 37249 28463 41153 23911 33471 40894 12908 40195 21285 17720 33071 7572 15466 21772 11609 17724 33841 21328 39606 33470 36454 21283 35595 16191 23588 21286 35160 34591 8015 11715 29686 6770 28462 10712 12351 37254 23385 18526 20448 1893 30340 38627 37419 15321 23768 38173 18525 38220 37658 15358 40314 37657 8721 31084 34581 34603 31167 1804 24825 37090 37253 8683 25537 42333 37691 37348 13068 26110 1944 12275 37403 13080 5617 23477 30158
113 30412 30260 1848 6781 41231 17418 1798 29229 9534 41373 1849 1656 8915 9644 1879 29606 6997 10717 45361 24234 8998 12530 38477 32396 29554 42043 41509 42045 25047 40987 41510 15118 38478 24405 26733 40986 40869 38476 37726
114 3260 10617 3732 22816 12156 6497 11947 12737 30556 25908 42878 21790 24911 37474 25913 13405 63 39337 11160 24976 11391 48786 48154 3757 15111 48886 38096 12371 16929 46331 8564 16877 2661 40842 34492 23905 39346 6151 43250 30392 35825 28752 29516 35821 28597 39593 40835 33144 21836 42563 39802 28696 40209 21379 5358 3104 5389 20540 21866
115 4800 2055 33576 15730 7470 590 22987 30089 41075 43478 6275 10469 32753 12535 20281 7427 3290 36755 35824 13150 28850 33887 591 39325 5874 15753 31229 37332 7434 26686 35898 49039 1023 8377 43753 20924 30509 22206 11426 11507 32304 22040 15193 28756 19672 34173 39752 44066 27253 21775 29238 25976 34039 16236 20427 35901 17634 43993 17158 9585 21056 955 41029 43438 6731 20415
116 26376 45660 44832 37666 45672 44135 46488 43927 46073 46135 46019 45427 46413 46519 38933 45531 45794 46499 47740 21114 46913 38005 43702 44880 46507 45678 44060 45262 48968 44062 47064 46471 47248 47326 24555 47717 47976 47798 46030 47630 26375 46522 30380 34077 45153 45125 44481 40834 45256 46001 46016 43731 46072 31110 44147 45919 44796 45178 45699 45183 44932 44578 45835 44686 11448 45487 43619 26374 26370 32573 10 44277 43851 44151 11991 44431 26373 8482 44131 30222 30094 42823 8500 44156 28939 43648 42641 42689 44415
117 6774 27007 40445 18257 44061 36772 43529 8685 26979 18200 8952 27004 1664 40444 40443 40446 30950 6778 40442 43422 2439 11998 18232 8541 26292 33627 44094 18105 6436 8609 8608 8572 8604 10582 8644 32569 221 199 18158 14322 2573 14472 14471 18184 14864 8684 40441 27042 8953 26995 8590 15685 15683 41954 18280 26989 26990 43162 15674 27041 44035 26070 30422 18221 18224 617 37340 44715 44055 30414 18256 20622 27023 18150 15684 8732 8956 40448 40449 27003 32211 13595 39181 23508 31113 30688 23506 12005 3011 42150 18134 39526 3165 42850
118 35299 2352 8055 13422 12435 965 15019 12800 3269 32755 27279 9932 9933 12649 5265 5266 18628 35917 27211 8439 14833 336 12478 19596 35300 2353 483 14885 9736 11544 28281 2354 13941 13466 3905 5425 13922 2350 12792 4798 2345 14890 33037 2349 13976 8433
119 8027 36131 221 29653 44386 21164 43617 5022 29136 41054 29837 29057 29652 29866 44537 29647 30085 11989 36277 29505 14219 6741 18141 44535 29068 15112 3650 44343 34332 26871 22122 26199 17732 8515 18165 12558 6754 22618 32630 44207 12582 13892 34793 29523 22814 29893 29121 14202 17894 30563 45020 23961 37266 30567 7116 16735 36881 23027 1472 41085 41100 44777 40245 23950 22481 29863 40960 44291 22986 14218 29515 12103 26867 30090 41044 44298 7391 15082 26065 5040 28807 28815 19203 29061 14128 16399 13281 6382 36931 28401 18246 44642 13886 33668 40213 10441 44313 18159 24028 12918 6812 13894 5004 4116 5202 43700 10431 40988 10433 22932 10239 35938 26499 43584 44350 44213 33502 39083 39975 43698 29060 22805 26063 27809 6377 22685 28652 44133 40930 43664 43911 6240 29412 40734 44344 27664 6725 33507 11489 9063 43251 43804 29806 44093 6800 15989 40248 867 44158 43827 44377 36873 786 44229 8090 28676 29803 18244 22778 43409 29091 12555 20558 43488 9825 44380 9917 44453 18260 14748 5555 42582 4033 25640 9147 27835 2508 10561 18127 18124 18249 36879 22914 43960 43920 44220 29867 3958 30335 32633 22968 13870 35994 36302 6299 12386 12549 43705 2634 29894 43012 2646 44100 44324 33487 22717 29056 9301 39303 4230 20300 28837 18520 8666 17472 11184 45779 46003 8955 30867 11365 28492 23476 39199 37409 24276 39404 18203 18202 45987 8966 18759 11276 34595 34596 29715 25259 6379 41191 28836 39811 11227 11142 11128 39251 30768 11351 18739 40306 46131 31029 28834 24417 26244 39198 5637 36088 1894 25260 24263 20470 45559 31864 39238 3678 27440 24525 45065 47298 41078 24414 24469 46513 35865 46368 46311 46291 45971 45952 40405 15958 35905 31504 46278 40593 31865 37410 40898 28677 11383 46416 37411 46435 24460 23197 46693 46692 28147 33464 29563 35251 29594 3136 27998 24100 36884 12609 39620 24141 16736 37239 30229 28898 40862 16732 29581 41099 4984 39197 30782 6761 29172 24059 35998 22888 29069 45171 7591 45131 18168 36609 28909 15602 18171 36070 24061 27862 26085 45869 23068 25851 24146 24074 19727 10678 17738 28231 21386 24105 31145 31566 34927 29611 11213 28146 41295 40244 31530 31501 40250 45797 35951 9555 45390 8964 15132 29748 24144 11990 10047 22931 30809 40352 10629 37402 16738 1676 29604 45492 37601 18561 8630 8676 13067 39176 10711 19718
120 22336 41327 41749 41811 41944 38751 32515 41774 41785 32478 41779 41789 31448 11306 32269 38799 42330 32237 32046 41814 30771 41751 28502 41781 29478 41750 14082 35871 23071 31565 23122 32253 32263 11378 11359 32019 32257 15176 31916 15169 27864 23196 11193 32267 39181 15170 28492 22499 15166 45820 1920 11310 41189 48899 42066 32256
121 17911 36555 29682 42834 10647 27951 29615 36784 10535 11451 42641 44286 42689 42950 42823 29550 45668 45314 44799 17928 9419 46235 30346 46337 10681 43685 31560 5757 6465 6464
122 21890 33477 14954 14507 34197 33478 33072 36662 34199 7775 45457 18688 28469 34896 34198 22495 33382 31184 18709 18689 6236 41118 45491 32024 6164 21169 34890 34200 34895 34893 18685 18712 49187 41985 21801 18713 34892 34897 8757 18706 18684 43399 34891 35640 11817 35643 16306 6245 34894 35642
123 25023 5443 20019 13389 14274 15180 12126 7288 36124 5343 26766 6999 706 43337 7966 12039 11789 10353 34804 12500 913 1769 22086 32848 4947 23142 2925 15246 32276 40729 45449 30342 32385 40581 41386 13895 8138 21981 982 31564 15196 22006 8786 2928 3611 3772 23555 3025 9909 42488 27436 16463 43407 21402 35048 8824 35600 14972 223 9699 32887 133 22159 22378 42578 40031 9629 7168 14445 32952 9702 18482 22272 15209 9583 2701 19553 696 14307 18635 479 14074 39630 9602 32139 13493 38913 433 18595 14800 5253 19541 18621 34380 19819 48388 16181 9775 19774 9747 162 39498 8309 7997 23310 38965 8740 2338 48574 9577 48858 38943 41640 32706 10875 38885 49088 49062 47963 49102 49007 38860 13387 2787 40341 33908 3774 48176 47923 33009 32480 32408 22155 38730 22863 44029 19521 38883 37793 38902 8357 7491 47937 21493 31188 15168 14481 34144 634 13382 8289 48105 18630 38010 7164 15128 24110 26744 38927 15190 20691 23277 38734 29358 7014 3361
124 22626 5323 14303 26845 4086 34957 40095 22074 38986 8141 10537 37714 10967 38226 15666 23340 41567 3482 20027 26848 20587 40343 26844 35364 27638 30318 37722 39684 15163 38877 6868 42026 1861 37763 37304 47858 40861 19376 37964 38138 882 22719 13841 33660 37049 48725 27129 3488 2494 23265 15110 36946 30999 38144 26858 24629 24658 33279 28459 41351 3798 34386 25659 33659 22011 22694 2455 27127 29122 20541 11015 33103 27639 2645 27052 36041 2633 10950 20338 22786 6244 4162 23679 37808 30926 24678 2872 48998 38009 3422 23225 33128 39395 34937 13756 37443 20855 12871 36139 40731 17078 19820 22221 40945 28812 40682 40684 29810 29044 29027 7084 11085 29811 30939 4671 4754 15737 29766 18343 10829 14673 567 16132 13819 14737 583 14531 25495 39934 18003 18717 6070 14597 21862 14540 7056 10388 20562 22466 511 16280 2407 16104 19807 14583 15735 20588 6857 10926 25490 2809 15882 4666 22491 27631 26853 27628 20797 7152 4690 14148 21732 3273 22692 27632 15211 42695 12992 21608 11077 25629 10101 17259 468 35323 21730 8101 11065 5136 2568 36949 9052 10107 25625 16394
125 5349 36944 29485 9322 4999 9334 10497 10578 10529 10525 28011 45048 44339 22825 13842 44652 44872 44841 28187 44916 24942 45284 23020 45074 13881 45685 39181 4117 44708 44518 40476 29407 43859 22960 22930 4928 22961 35630 29805 13372 28819 3168 29386 9853 30345 44744 44552 44422 4929 13878 44574
126 35053 18542 5820 7618 38008 28917 34439 37399 37395 13301 32216 10180 11985 10706 5526 37396 5740 8951 40782 23515 28979 5404 5607 10162 28914 26425 29004 9091 26368 22568 26377 9663 7707 33188 27988 1039 21488 27978 5431 13298 9087 9084 19033 5536 11986 26369 20138 4503 43201 4144 48398 35327 8477 13827 26826 8526 17792 5730 28994 8472 8567 35332 3903 26263 8495 16417 23434 35105 5494 5649 21530 30892 5611 8473 13163 11511 17310 17519 13160 36644 8566 34351 26385 1494 18391 14062 33585 7666 14352 12950 33195 24990 8485 34691 618 36976 28973 28936 6402 6403 40800 5538 19195 8656 9110 4653 23144 5741
127 10464 8529 6101 29427 25488 16442 6606 33213 24395 4851 38538 15595 35976 6156 36780 29138 7712 39690 11584 14676 37247 22912 34369 22913 10143 9517 14306 9331 6459 8479 39641 33054 5352 46934 21712 16217 40161 14429 33048 24487 15604 15940 24516 15615 16403 16145 2033 10549 19456 39694 14702 33053 33051 37480 38462 3217 39910 15935 15590 30689 16400 16401 39696 4658 41059 14672 32789 35950 11944 15637 16397 42456 15592 16455 33049 42460 3161 34371 10387 5973 5919 15601 10811 16441 16404 32535 10389 42710 5401 33050 7438 33215 11945 6018 2034 38048 13566 38057 11946 9566 9886 13232 12325 273 12955 6607 40530 14351 4731 44510 9110 35746 5200 5155 14243 10810 6614 33285 101 43269 6601 13011 13012 7711 14820 10968 9832 9836 14662 43738 14294 9842 25974 13745 36578 13858 9209 587 9108 10056 12559 16657 21312 14104 16018 9280 8463 13014 24007 14666 6854 28609 13361 2512 34361 11598 21288 44387 99 43561 4657 42457 42489 18545 9173 5991 4656 10445 20041 5168 6312 45035 13286 14699 36670 20140 2723 39652 4654 6831 5115 6605 10380 5041 16443 5105 4664 21778 3035 4677 8456 9461 6676 6609 4744 13209 44216 4734 6612 7466 7467 19455 33209 4867 7120 6610 40765 16444 5493 28608 16178 16392 10616 33218 3106 33214 33554 34286 9397 9347 9821 31063 32674 32797 36736 9812 2689 6613 9182 21496 14670 15613 14674 15593 3163 28436 29171 30847 9030 19724
128 6086 21343 20302 21336 42243 32768 34526 39914 21240 22229 32827 6159 40071 21340 19758 15772 10644 21239 21344 6119 6176 13752 34527 21345 21337 33266 39913 22078 33822 39915 39912 21342 42242 39947 39926 19760 42241 19768 6164 312 21339 6130 13255 21780 117 10640 19955 19761 32698 19756 10641 22098 9965 16278 35084 10649 22729 5316 33954 22741 40792 33826 6242 10913 6227 5301 31210 23195 45363 29064 6247 34798 893 40793 34797 41007 42379 27805 20850 16147 34796 33952 26464 442 9201 26281 18018 10648 19757 14242 20903 40210 39916 9972 6128 39866 21341 33953 39546
129 47900 48243 43741 46830 46410 47419 46002 47613 38432 46562 48035 43463 46463 46864 46774 45930 47261 44568 45283 46587 47319 47026 45972 47405 48346 47881 45426 45344 45506 47473 46269 45886 47614 47437 47591 48116 47576 28509 48209 47240 47969 47520 47149 38915 46077 44991 47626 46960 46421 45571 47615 45744 44859 46538 47111 46399 46633 48533 46899 47747 46922 48705 48962 48955 44110 47617 46548 45831 48782 47906 49045 49120 47394 49180 49179 47242 49161 47009 1 48545 49119 47748 49160 48994 48233 48228 47107 46252 46528 48612 47547 46689 44328 47988 48880 46494 46640 45196 49112 46549 43506 48570 47300 43850 44921 48747 46162 48412 48829 46644 48526 44705 45318 48690 46283 48539 48594 48467 31533 45656 45335 45624 48195 45218 45908 48443 45629
130 22319 7463 16056 9971 22405 10041 6046 701 33191 40562 6070 20375 14365 21559 3962 9158 4652 42480 18680 22385 14431 16276 22601 35303 6080 27597 27942 19890 40125 3768 3767 33190 18705 21807 39999 5125 6021 18704 22733 25749 33577 9144 20213 22500 13772 20686 12294 18988 19991 22396 40757 22619 29769 33192 22414 27062 38157 35641 40665 40008 18695 17018 5126 7596 18990 4284 18745 22558 19596 34193 25801 15340 16758 29280
131 44707 43349 43324 48058 44817 44711 47630 47762 48361 49097 47658 48924 47659 44266 44481 4349 48596 48485 48559 44596 48672 48623 47952 48894 48767 49181 43231 46676 46710 44256 47678 43423 47377 47597 42808 46134 42825 46679 43801 43643 42630 46058 45561 47246 45731 44801 42920 45176 44829 45042 45608 44849 28672 45142 45915 46060 24140 45942 44530 45164 48968
132 44975 43504 46714 43947 46989 43805 46843 43245 44946 44808 45167 42626 45006 43725 44014 43365 44245 44203 44787 43329 44206 44003 44192 45703 46249 45312 45250 45311 45365 43358 45277 42825 44153 44858 44817 43967 43927 44670 45293 43084 44472 42676 43047 44987 43626 44441 44940 43140 46299 44607 43007 47051 45912 44909 44801 45586 47139 45779 45810 45076 45399 42865 45608 43464 43276 45276 45638 45444 42635 43357 44073 44918 43597 43751
133 6594 25198 25200 25199 25149 9214 25150 25106 25147 25146 25107 6697 6617 6639 25204 6638 3783 6769 6702 6694 6622 6693 25221 25203 25148 3782 6616 6595 6699 25220 25219 6596 6701 6619 6620 25206 25201 25216 25212 25205 25202 25213 25208 25215 33005 25214 32233 25151
134 43372 36376 29580 13649 17814 23492 17788 30390 29015 36768 36373 14176 30388 13920 20398 23238 22038 33424 29008 34473 41856 43312 6392 251 9276 16248 25468 625 457 29317 30389 39200 28160 28177 28167 28144 28168 28176 31383 26032 34307 11874 37904 29538 13458 9838 21203 23298 33381 37032 8731 3031 41853 44170 5539 40376 24161 45805 13041 38606 41959 20642 20586 33373 305 6114 42732 34736 27629 26501 22645 4797 13047 10482 32570 34310 27883 40736 5307 6826 10472 10027 6194 9259 14321 6142 484 9843 26521 22589 42761 6507 32825 10076 143 14542 40749 34529 7088 5217 13315 22275 721 40725 22511 26118 26841 10477 660 39670 22635 10189 40759 743 22472 9240 506 24360 9275 364 25458 39892 38904 33550 3995 29011 26269 44685 13531 148 16060 5709 17992 28997 14167 32813 6183 23189 17815 42188 22652 881 14723 644 34638 36365 33666 40114 15775 27955 6237 5244 35927 8222 6108 24261 33378 267 22856 26735 17840 27931 9835 33379 6212 7611 28515 34309 40797 6196 15887 10153 6233 29896 4252 40917 17075 36148 29113 44085 41025 10274 5671 16695 40457 4987 22706 10089 16665 42985 13842 14436 9339 10847 23566 29131 6234 5278 23074 28906 28675 23022 26043 23025 16696 5110 8050 34477 10164 27648 33380 26213 16653 28544 23014 14003 28605 10995 8213 27994 6166 26527 29100 3540 15777 43820 13335 21785 16666 29338 13276 27930 16660 29052 31574 10067 32876 15780 15776 33667 1109 43138 9325 16676 28558 8214 27655 43370 41863 136 4720 33955 40776 15781 16673 31001 17906 40455 6265 16184 23362 13853 450 23131 24016 8230 3103 28870 24228 12345 20029 1422 23237 31550 39959 9449 28630 23251 10690 7572 4125 30386 14336 7917 1027 44000 28923 25930 16902 8990 21361 25902 36356 39266 28644 37633 7644 40458 22901 24155 33712 30865 9314 9289 34639 14713 5413 29569 6393 558 13945 183 9236 41034 6115 39790 36764 43111 19696 15944 8155 15774 10867 40456 33087 3105 10284 4153 36152 36767 7108 24227 41197 33591 21204 8226 33957 8125 4023 10844 29593 13299 22817 6112 145 16092 5569 16876 14555 4707 7739 21863 19234 7496 14942 21971 33371 10823 28626 325 19307 5402 548 16878 16121 261 9260 507 34952 16091 33508 7952 9078 20397 25475 7475 6143 6111 12956 12959 10223 33372 7114 4710 7086 32732 22321 15977 2739 592 9936 2875 180 32793 16257 2879 18666 5879 13307 414 9841 39924 16218 9949 5623 10444 6105 5567 16656 17493 39875 7501 9849 13805 25644 6003 9132 5904 33139 16169 37 10091 32571 17995 3605 25512 6145 7740 18609 33590 39807 34560 5167 40479 6093 26282 16141 2508 7085 39574 7430 415 14983 4447 42571 8289 3957 21783 33255 13308 42514 403 2718 25807 16192 25482 153 404 32973 361 39925 21704 40663 13464 14233 42482 6098 14362 2400 19798 25962 22151 337 13951 22332 442 114 40072 6113 25496 382 4676 13300 4682 392 14582 34498 385
135 36346 29040 28220 7656 29818 29029 27301 36317 28219 36093 28199 36100 36345 36319 16008 36352 29388 4330 36324 36351 36933 36868 27304 29035 34946 36344 36869 29034 29390 36318 16012 36098 7657 36101 28207 3018 36325 7298 36327 16013 27565 4271 19667 29030 16010 4272 28217 36104 29389 36320 28237 36197 28205 16009 16246 36341 29033 16011 1313 36099 4270 28206 27580 27305
136 41811 48571 48822 27342 38358 31656 41788 41796 23047 11225 41777 27345 41751 17776 11268 28502 32237 28492 33126 11194 32450 11251 17772 41818 17773 422 36040 41798 11257 41810 48313 30962 32492 48457 3165 48155 48513 30507 48665 32038 31498 32527 23331 48060 48132 30501 41272 45944 48165 11398 38802 43641 44180 44460 44187 24693 44457 30450 33855 30940 30968 48214
137 7257 27345 41384 23330 28153 48717 9282 42041 41382 7258 46951 7259 42148 11253 28494 41741 42147 28488 27844 28840 24693 32278 28495 24436 49020 39494 11395 39181 11398 11400 38946 42163 48899 42271 27341 42149 41383 39523 23314 18114 38778 23316 9399 11379 42269 31609
138 24868 3415 2586 30212 34773 7602 24587 25352 38301 23657 7900 37967 39841 5786 38254 25802 16793 12122 980 3499 35480 34845 25616 38099 38228 36559 2591 4488 20023 27995 2581 19248 28105 23600 17077 10777 4276 6238 17103 29183 3092 36426 27137 35250 181 25491 16133 7767 18580 29686 22537 16206 3961 39973 28088 34486 5271
139 45845 15171 30324 31607 31908 40699 24307 31534 40700 31539 45885 11287 39182 31566 24943 15956 22997 15185 31906 28071 15178 30920 31518 42345 31497 31517 27863 41017 31919 23169 28489 31419 30103 27862 15181 41016 45771 42344 45941 9569 31893 31885 31498 31510 15176 27868 31562 31875 31615 13909 41217 22519 39181 31608 31410
140 29077 38453 31972 40379 26201 11919 23106 38812 47790 42003 24645 6919 2112 32509 13675 13708 38681 49016 39144 15682 24731 24783 24807 25252 24789 13647 18285 13683 24763 13703 24813 30462 24790 25087 18119 24788 24753 24744 13697 13577 19764 38504 6475 39703 24602 5758 25067 24646 31829 32505 24820 24699 24702 24765 32008 32009 31834 24571 18291 11939 24735 24759 6489 31999 13692 41875 18272 6496 25428 6487
141 41661 32374 32057 32332 33785 13148 31991 32087 29375 32341 13637 27483 36930 23002 8867 4327 23983 28336 27252 1128 32007 23936 17484 13509 30464 25798 23433 27234 33772 40909 1188 36175 8617 26086 42032 35460 8031 11711 28337 35481 24029 16642 43875 40783 9585 36929 1053 1055 1186 28287 5027 26861 11704 2865 31654 25412 30246 8913 7335 31673 24120 1137 33779 8851 40958 26872 22791 28155 23435 36617 28156 37238 27466 13155 30548 1697 22919 7704 30006 26868 11728 8663 17458 26891 30244 31755 18995 16925 27476 14083 7701 32357 32362 32085 23438 13178 28379 8734 29086 5571 7687 8039 8071 35036 19633 30229 8070 8687 32031 23244 30274 30395
142 10632 44676 36913 4001 13094 37275 9522 24096 37677 30796 13100 24117 12190 34924 25927 20487 29777 1608 10701 28836 24088 7635 30792 1538 36782 25527 23357 29883 8676 8630 1528 28988 24275 3222 27967 993 37686 44870 20032 38537 37108 3152 39351 43013 16725 24842 23050 36362 24847 34571 20443 19669 24844 13086 41265 45360 19677 8143 24306 6435 1327 36711 5639 30407 28643 31140 40687 23722 7577 13812 36764 36767 19681 12308 11339 41159 34574 3841 4784 43593 1233 39640 13338 19946 9106 10253 2885 39981 21714 10024 6100 33428 393 14599 14725 34327 2705 1201 6306 4346 10540 1331 39667 43488 43848 1340 35438 19646 25908 21597 4942 7576 35808 1198 43819 10462 6252 40678 43509 36405 8139 1151 918 24848 3528 43720 18002 3383 33236 2682 39592 1076 34324 25562 7586 19710 7888 3922 6313 18233 5187 10300 4225 18258 4083 732 16685 7955 10849 13834 14971 6818 20018 3101 20429 9238 2688 20274 33160 7106 7772 18237 18076 21201 19872 20407 10851 28584 35317 754 25577 29791 13328 10117 6062 4964 34825 6851 28910 18173 19307 14446 18136 21479 39014 34868 6429 45015 37266 10860 24080 3878 26478 9120 1537 19878 29677 10301 3538 40675 11720 14038 8625 2892 24109 11722 18149 12188 5043 28690 1644 1569 4984 7721 12137 24116 1641 4313 24095 6419 17076 35250 36277 29727 34915 7525 10240 40767 7564 21881 490 187 6446 18075 44442 13281 1488 20480 7582 16393 9134 9093 3944 36911 20464 6300 4353 25913 34357 40769 7629 5195 4373 3046 9812 10805 23976 25477 3928
143 11661 7124 10834 27886 19947 39566 43073 35644 338 2564 8297 4186 10409 3814 7034 43053 26333 23569 40179 16613 7756 3020 8112 3425 29046 18663 27056 14553 20946 16587 12726 12053 19591 16474 16248 10152 40005 3701 22585 6816 25556 35833 14497 14498 35432 11590 16055 2579 20794 10996 9155 8170 39557 18578 25531 26448 40450 11671 33194 26512 11644 20414 42465 21275 2588 317 33286 3472 20153 2528 12079 2647 39672 36559 23544 19470 8150 11050 11643 3954 20408 26362 16153 7131 39829 16037 40685 16413 18017 15081 3818 7735 33618
144 8179 22120 44193 39972 18594 16483 35594 33662 14675 30845 26502 22177 38791 31458 9840 32745 14845 6317 33926 33842 7465 9897 3040 14319 139 14618 23974 33386 16022 4072 17762 9181 19645 9180 4144 3001 10491 14752 40531 35584 1070 28900 40954
145 3358 1338 12604 351 12597 14982 28250 26812 1337 11241 12590 5499 12803 8801 16971 28570 5265 12910 7364 5391 8605 2312 20324 8800 9736 21566 4908 9783 12519 16897 17338 19596 34243 1486 5554 26680 482 10402 8846 17297 1335 26149 1047 1004 193 1392 12835 28921 21574 12577 8845 4912 17337 4408 8589 32820 17086 18070 17063 15258
146 44882 46561 47752 46204 44462 44115 44465 43801 46333 47782 45915 46148 48853 48374 47601 47153 47523 46757 48599 47842 44818 45130 45539 45887 43732 44613 44722 43492 44446 44155 43927 44911 44168 45454 45184 44125 44943 46215 44800 44806 45262 45844
147 40234 4583 30630 37549 24858 23813 15639 23110 18262 30370 29104 27522 24207 12214 17139 2659 40024 40023 34542 40025 21068 37404 23704 27700 12413 19392 34590 27526 33264 30789 27520 31546 37309 530 28512 37930 37980 39154 27538 37981 19406 37155 4451 38244 38188 41364 29220 32467 38158 37419 37977 38106 38213 37936 21078 31052 19386 37923 37136 4563 38422 25952 37132 32161 41358 40278 40176 36364 19410 25027 38155 4555 21538 42599 37917 4647 27684 18419 11025 21314 4648 21797 20395 4556 39589 7595 39564 17892 29712 23727 115 32913 3227 37127 29190 20478 6290 16872 13779 1222 20301 4478 23605 20400 31049 38339 17127 21104 2523 33629 20285 32909 30588 33682 3583 17987 34531 40026 4645 25861 10929 4472 18335 21129 4469 40045 39600 28216 16863 27432 40027 2527 28224 33617 18455 21051 16841 38692 18468 37520 27737 25700 37440 38201 34774 18458 37834 25724 17763 16839 37445 16829 27768 5941 27762 18443 27748 37832 16835 38002 27754 26179 302 18475 27767 27740 38688 38690 38220 16847 16849 27763 27745 27736 49123 16816 38319 38329 38282 38198 37424 37052 16809 38299 27730 34551 19352 27753 25680 31595 27765 16832 38312 25691 34220 27751 23724 27731 41530 38245 38190 38260 18476 38324 16805 7397 37984 27743 27741 27726 27728 27752 16780 34554 38295 34555 37437 27723
148 13212 13213 19576 5414 5696 48322 13123 1206 38696 45321 9568 9275 34880 6235 9447 14456 43597 43590 13124 1146 34530 28262 30634 45810 10793 1242 46435 731 9365 6366 45572 27426 9469 98 10075 4726 522 18250 30 25642 13204 557 13205 3193 8243 16031 4801 39590 33947 5011 12143 37289 24325 36685 45675 13207 29978 29979 29980 7505 13208 10189 13206 10974 13214 28594 6090 12865 39786 43381 33605 42665 42652 40191 44356 10168 42667 13197 29942 13199 5699 20571 3006 26289 43516 13125 5102
149 36177 4869 41160 43813 13883 32561 29073 42358 35447 40816 7401 8871 22857 2912 14929 15048 20738 22853 6933 25606 43114 35199 22512 2985 20092 19565 7772 32640 21200 36977 32611 40386 29070 3002 9781 5594 21445 12599 12544 34281 25465 19850 8618 5067 17871 40738 2756 864 36971 35608 35603 41128 217 2283 12769 20114 10624 34915 8016 14105 40119 4822 36513 12570 7413 16043 35602 12561 41009 17338 2925 2961 9184 23983 40130 14727 21923 22303 40129 13771 234 35232 2888 14949 9909 40904 28295 290 37163 205 40121 40946 2665 29892 2 2261 7411 22972 7670 23971 35227 22494 35170 32816 40918 36899 8845 32817 23015 5542 43679 1108 1212 12749 26751 22374 28539 26050 22790 40830 5057 29089 2743 434 42604 21585 18101 37858 13180 19700 29358 40962 41070 7955 36935 20879 812 7323 14898 22782 433 5658 40919 5888 9651 5257 8051 34384 26776 774 5095 9585 42874 20230 9662 35210 26761 42497 27092 28613 14305 32615 7271 11580 29042 26804 32818 21099 1053 26807 1135 20735 7351 3288 22233 13957 43225 19843 19844 12735 2991 9711 3028 7425 29351 9815 4963 28559 18077 14019 34389 21492 4849 12571 39021 5428 19435 9906 13937 36548 18583 20728 9630 36975 37388 2272 2947 22821 12030 8602 5437 43156 22625 21812 5066 36547
150 47135 32159 1545 30977 31097 41408 41848 3141 40578 32369 29760 14119 30876 1764 3124 5065 23378 43681 1606 42040 5066 32032 24190 6350 31470 28239 27587 38474 31473 30409 31469 31468 31474 23221 45387 1865 13085 30930 44714 30931 8950 30417
151 28383 29704 12122 29711 34431 4984 6149 36912 27383 28320 17010 29739 16977 28554 12911 29679 23720 17007 39011 39007 28555 24038 24037 29710 34919 12873 17057 6400 27374 40708 18038 10962 1621 12843 866 19676 4353 826 18734 3725 919 1231 6903 7391 24042 17049 36911 36466 36603 12847 16045 7882 4413 35188 30800 32691 12634 12221 29883 13111 35427 16994 25274 30608 1401 23754 29384 36254 12627 1662 19246 7886
152 33301 9105 33167 42228 45106 36904 43286 42687 4884 5994 20599 9191 33290 4855 37527 4941 44290 29178 15279 4553 43631 4263 29181 44960 44639 46920 43041 32533 46792 47482 24463 46508 38090 37349 24236 47956 73 8985 46599 36745 46687 45011 46631 16178 30949
153 8811 12642 13487 16466 33312 33776 12643 13917 28874 36175 12656 40730 2934 41293 32109 927 38367 55 17253 7300 14922 198 13579 28388 18315 8759 35117 41088 5353 46958 199 3010 15057 11782 19582 2900 9700 36930 33006 25282 27619 16541 20317 12564 27982 12066 28750 19506 8289 42224 1805 28920 34034 45872 44881 27867 1951 31958 28741 1004 17454 34261 15040 2265 19564 35226 14607 30424 28864 20196 25297 8689 33899 17358 28771 5738 14634 25310 1838 32795 39315 17397 12211 283 34628 32054 33613 1900 25345 7681 7662 14141 35611 1152 26892 17370 40717 6882 29989 33983 17407 29324 27190 3295 30266 34383 8837 28371 7665 11725 19593 26883 27182 12591 12573 38458 19610 5548 27186 29327 35249 7334 9593 36847 15759 13578 39108 35454 8639 27170 26160 6908 12238 13550 10693 12283 26864 17422 451 7363 31586 26667 39114 25432 41540 31990 23532 43159 12617 12691 8756 25375 25294 20750 38808 6888 10359 965 27241 11622 1628 15703 19623 668 31098 1726 44411 8299 1952 12040 36263 28173 28343 32072 8292 12557 18633 12213 18634 29325 14989 28364 31114 46147 5430 32908 25317 26935 26936 27238 31823 27189 27161 14829 30298 2938 27236 30256 26778 45242 23336 14818 28344 18628 27224 19839 26167 467 8894 5819 19596 31944 12499 23335 38433 39143 35233 8297 221 7172 8305 6940 38492 14656 12681 26683 48966 17213 19830 12068 33308 7389 9587 19785 19606 27185 15206 7021 44569 31966 20282 14777 12480 45697 8755 12479 4968 27210 32065 37274 12065 37263 36151 12069 32062 15286 11727 20752 7321 25299 31942
154 898 5014 35895 34825 21519 16554 12766 21516 20347 12761 10940 35115 20332 6790 18642 43146 42508 26760 33604 22448 26661 40567 35012 26717 17807 4792 35461 10933 34733 35424 34939 5240 9877 26697 35009 10500 35019 26662 26723 27911 19765 21512 21514 4928 26718 27174 27162 22075 21511 35188 35459 845 26668 25627 35132 21260 35017 26739 36066 35903 35902 35904 7799 27869 34677 18930 4162 14485 22897 23901 18699 35901 35896 23653 10988 21515 35894 39040 4312 4305 40932 4307 35906 14010 18942 35988 34579 39693 28715 34502 35978 1114 6539 43029 26821 5318 28245 26533 35898 2608 30176 38586 33279 25351 22620 22154 35825 26721 26335 2647 14743 35897 34178 22761 25838 37404 22709 26647 33526 26703 41362 38570 28869 39391 36225 773 37115 29280 33091 7966 14184 41358 29265 37129 33429 37553 15078 21067 37105 30156 10831 37118 30035 38267 42318 18496 37959 37930 38265 38119 37935 38103 38145 6477 31248 5805 16815 24644 4686 30465 36368 38577 39458 28523 21078 40277 14228 15853 13303 17633 5882 5477 4729 5429 27298 7067 7400 16001 435 27599 12387 15044 13117 5476 32582 5267 26687 426 5269 15045 25857 5249 7068 25629 27 40167 40168 40166 14580 16294 510 444 33951 40165 10944 523 459 21513 3867 7747 3060 5248 20410 14227
155 2740 26658 7504 21642 39859 8438 4933 8743 14875 3277 2955 19821 2911 17630 3249 8356 21210 3391 2786 42464 33152 13442 2957 18788 43 13910 11758 2370 20790 13912 15206 20688 2825 13463 2781 2306 8320 13919 12907 12714 26106 26181 8769 13412 20111 2941 17338 26229 34442 13946 9776 14946 33818 16870 8296 14626 4746 4590 9625 33813 7511 34136 353 154 2250 5851 15237 33304 2812 14763 3265 21684 13489 9753 13417 16892 2746 2762 9656 2309 8348 8393 2776 8756 33657 16383 16373 8353 8297 17239 33317 2340 7385 8291 5873 8365 105 8444 21822 5253 20702 15751 150 2307 2337 2798 8817 2788 8804 15575 14957 8412 9930 8740 21818 14872 33869 9680 15569 2366 13480 14744 209 21440 9591 21893 40421 19777 21495 21364 3911 14888 15057 14428 8436 198 8317 19539 5871 2362 14749 7215 6920 33018 11620 7200 26682 8359 14828 2907 34672 9940 2502 21309 106 33153 9941 8402 14801 18905 14773 4748 8381 3287 2819 2802 8360 8331 8312 14777 7492 7493 208 7281 8405 11622 8363 2801 7507 14295 14794 2852 21819 9898 14831 33811 11922 2829 35183 14966 17136 34017 3251 8347 8759 22333 14790 12945 39858 34137 14287 3024
156 44758 4627 46814 43214 45900 42902 34231 42879 46796 2729 44008 44312 44814 43204 44108 44760 42859 48653 46996 45047 45464 43485 43532 46237 44239 46774 47387 45415 47574 48764 43060 44053 44086 47283 44474 42980 44847 42702 46999 42670 44594 29954 29285 44616 43782 44498 44331 44767 44647 43945 44706 44204 44817 44793 43488 44654 27889 8549
157 41772 49070 49101 47686 30748 45162 25066 37619 29839 13731 37839 24760 13620 13622 48137 48111 37524 47820 48585 24282 13605 48444 43278 41703 48169 31001 24772 10589 48422 11289 30669 30670 47713 48074 48624 32336 47488 38924 10751 13540 48254 48285 38925 2185 48208 45419 11158 24549 30635 10536 41863 46854 48532 13619 47356 47697 23309 44782 47268 41702 37620 47606 47259 45264 42813 45541 23296 48173 47753 38926
158 33651 47830 9834 32119 15696 32976 29539 32209 32468 48569 9631 43304 31742 36796 13993 25683 8158 160 5324 43238 6023 43267 25966 48293 37824 42636 19745 17543 22508 24577 36234 13602 14376 7014 47351 30915 10066 3734 25671 20770 20446 46696 43808 5582 43576 20399 47039 20356 31186 2840 16248 20424 29601 14884 18731 23280 45253 20567 13475 18949 16957 41480 44011 22017 46794 14601 46502 9688
159 286 22549 36050 13959 20962 14118 40784 14970 39901 4398 127 315 2375 4064 8658 9709 12421 20956 19013 31462 28767 29229 8344 29204 23528 11320 2378 15803 42128 24064 10687 28034 316 22685 20328 28329 42972 10327 21189 26147 33970 5897 39558 18983 20795 19556 11783 15799 28264 39673 14774 26138 11032 44233 27444 14969 11231 14968 20676 22734 27442 648 19825 512
160 44091 32761 10794 42768 19680 28658 3088 20891 10077 5562 37066 12007 35817 28468 10039 14698 25483 6231 36005 5360 21584 12990 18015 43289 36014 5943 10828 11191 36974 27842 43257 26571 42445 19666 26163 36012 29003 43520 36010 15097 27382 36815 14681 21771 2367 13360 2616 8135 19691 4061 16140 6378 25502 15074 2877 24908 1622 43981 43551 46356 10406 12078 14605 34806 13565 2913 24824 25257 10889 28497 16926 30045 43384 46465 11204 45383 36016 42947 44154 44261 28826 43739 14992 25574 43728 43658 28479 12556 7224 2926 39182 23119 36017 21782 45840 3907 39181 36088 30104
161 30220 47585 42811 40822 35857 35516 47758 47056 35507 40760 48261 35751 45582 49013 35754 48620 49011 44444 48706 44441 47806 49003 49054 49047 49004 46762 48619 47557 46109 43575 47228 28445 29179 29180 48183 42768 3202 47187 31914 44848 32287 35752 47562 32532 47687 48578 46746 42667 42992 45935 48781 47442
162 39702 9636 16934 39356 20094 14860 2984 8634 4592 30069 22274 28717 26197 42369 12839 29075 30128 9754 7142 5076 11786 5102 20734 20739 20737 16878 20741 43986 26886 47592 1927 19799 19449 16563 7989 43173 35453 2292 7975 15035 10408 16909 5495 5417 20427 318 27154 27155 43999 14113 43062 11775 35477 6938 43987 16887 19446 5369 12511 28319 14039 13285 2981 16892 8180 4986 12441 43473 27156 19871 7986 27176 35228 20225 19882 5370 16908 10130
163 2373 11208 29916 28737 2967 36499 2374 9639 32604 28730 12809 18918 8425 35220 37457 27436 27285 7454 5961 5883 33331 742 27445 14852 20727 922 928 344 339 34028 82 217 12926 12745 7342 17225 34019 5962 33329 17294 3289 83 45791 10322 30338 10321 6885 27467 20362 20743 17302 7456 9785 26709 33322 2333
164 48184 47870 48115 47972 47977 47871 48472 48117 47904 48557 48520 48680 47645 47513 48964 48178 48565 47566 48501 48522 48048 22948 40365 29778 30381 29486 22835 40361 47732 15151 46100 29300 14127 47230 47478 47590 47389 45766 47224 47322 43112 47346 37246
165 520 9487 25618 3125 4719 34318 11262 36830 28675 15803 5096 23977 11364 27941 29500 4740 6414 8434 9340 25260 8624 7142 8597 1516 16065 14182 29499 46255 11320 8566 33090 9448 23968 839 28663 17860 21 36058 34807 20418 29129 35148 13122 46544 47780 5343 13846 23969 17861 29550 1959 20438 2138 42028 30972 2105 21844 10611 44855 44081 21071 43007 45302 5707 47041 20796 2179 48033 13277 2000 44144 46999 33164 36964 47189 47124 17780 47610 46593 47618 45723 44494 43649
166 45374 30859 48914 49054 48960 44145 44399 43908 44544 45222 43694 47449 47666 47270 47752 43927 48865 44051 46363 45130 47816 45838 46366 47338 47526 47179 47890 44155 45927 47780 47472 46658 46602 46831 47139 45723 47232 47371 47136 47207 46763 46991 47410 48047 47749 48213 48282 47998 48212 43702 48013 47458 44409 46272 48273 48244 48149 47785 48505 48109 47944 46030 47406 46371 45425 47484 46590 46303 45408 47519 47947 43981 43895 45844 46110 44762 46403 44588 45693 46133 45588 45829 48186 45590 46829 45292 46215 46350 46661 43555 44076 43971 46864 46098 46173 46404 45700 47499 46908 44354 48190 46568 46543 46179 46594 45070 45672 45028 45759
167 27623 15831 9759 27616 15832 11340 27617 18318 654 20258 27618 9586 14819 11629 4590 21819 33495 20729 40049 15834 18317 33481 13473 14043 27665 36048 15833 18316 2335 3273 9638 3250 9761 13436 40777 21889 13423 16931 27799 27795 27798 27796 2334 11601 9648 27794 2900 19780 12061 14970 39967 11606 2829 39888 21481 19782 14775 14818 13498 14834 9769 9581 8320 12060
168 46956 6945 45780 11374 45524 30777 44952 43583 23794 46390 13216 46339 38464 13004 24569 37096 27421 41388 37592 45047 37590 46629 46791 46606 30774 43368 48153 31887 44550 5568 10294 7831 9995 4459 866 12728 4164 45235 14167 11280 11262 44956 22317 22318 11332 13909 30488 45091 44980 44602 28408 7698 5660 45331 30865
169 36133 1406 4183 29693 19256 5042 19917 4974 3499 41046 738 7830 4488 23622 20477 23575 23590 10885 23932 23696 4007 7867 5031 1489 4414 34776 23689 23698 36295 23990 3535 12119 5016 24032 34752 29670 19901 23588 12090 33688 25555 14175 5337 10975 10909 686 36042 3101 40844 25515 3878 19235 3545 26688 7772 962 16051 7566 7771 1596 33680 36280 19888 1198 5054 10139 15598 9319 1127 5410 5113 19904 2606 4147 15094 18253 28899 10991 27845 12797 3702 8006 4830 1837 19918 29430 9017 24861 7921 5629 34787 38537 22844 31232 25596 23375 31173 19733 23186 24154 33777 34396 36818 8720 20130 48414 29452 47427 25004 11877 24319 12344 37708 12325 28792 30848 5768 34784 31959 38553 23455 39073 9563 15934 20039 12375 37331 48312 9009 20481 8630 14201 13100 23351 14129 23738 20064 2468 29741 12260 36708 29525 33263 28455 34777 19602 39010 7884 1639 17017 7832 30796 3546 12161 17946 29616 37606 23787 31172 4376 31159 1327 6454 24212 24264 23518 415 5690 19724 24192 17169 30609 18030 12302
170 48486 48562 48066 46984 47628 42688 48768 46384 45913 46371 46303 46257 17137 46477 46297 48760 47122 48123 23898 47991 48488 49155 38325 48418 44863 32274 48508 49082 48891 49168 46544 42375 49153 46546 27328 45168 47847 46648 39864 45151 48106 46388 27319 46750 47138 27339 43219 45965 46680 45385 48088 46666 20290 30541 27315 46742 48229 46485 46374 46798 47675 46718 44800 45723 44890 47139 44612 48667 46697
171 12000 23572 10104 357 9983 8577 34941 12828 2066 1996 42214 47291 46981 19298 19300 9027 41853 5550 9019 496 4761 1819 19332 24639 4184 5515 10190 6342 18096 12001 29592 27978 8562 5373 39007 4039 43170 34847 5371 28605 7588 1191 27987 1241 4848 28595 804 10964 34300 8521 27958 7558 5478 10251 5892 12879 5277 10489 16456 4760 26461 13815 21753 10606 3797 25815 12387 25484 2476 441 539 14585 8553 5297 7792 10234 23591 4067 3410 5890 18218 5060 19431 3967 17919 3452 1243 28101 16090 17828 27917 10195 4038 5555 10107 4854 5479 2432 5671 4699 3437 34049 10237 10235 5146 10039 19807 10037 9869
172 48381 49136 9911 30770 3682 48360 19466 31566 29550 32384 48327 47845 2079 28866 30505 41575 41090 14448 20681 40658 33998 20009 20012 15570 33458 13451 11602 20011 14724 33363 20682 14451 29175 20313 8969 40347 14635 49131 42376 40345 14567 39181 39378 1513 39553 39182 13285 32457 11617 5421 26091 4060 41554 2890 15233 26031 7408 25530 35903 5422 11187 3165 14359 3859 11122 42368 16128
173 6000 13186 30027 29998 1000 10517 843 26762 6082 26763 5996 27191 6160 29607 5999 32659 5997 26515 5995 26495 16265 16264 6199 5597 20380 20459 34923 13156 9456 26764 1389 4961 26783 6085 4124 5233 5326 14370 30869 14282 14369 14368 6095 1039 6161 14212 27993 15915 15916 6555 27271 1239 37161 17348 12852 29557 21176 28326 3643 9827 5737 27155 1293 27232 28335 29709 15939 23957 1690 17937 11715 19729 6383 21178 10705 29949 12917 23950 9523 12114 36598 12094 29684 19722 8019 41147 6359 3137 30362 12251 30241 29673 31143 1431 36880 24249 17961 13826 9981 28693 12648 28591 1383 17955 5366 1007 19583 678 27213 27154 22864 9490 10727 6242 8581 37683 20444 1705 19670 40953 12215 31447 10677 10678 1540 14464 9694 4053 12382 23936 2590 23979 3946 19910 23941 8020 8021 6965 6247 6933 34834 7360 4199 14131 9637 14162 12438 1045 35981 2959 2957 2958 9658 17842 985 16263 6566 9980 35374 9986 9605 12208 30814 28380 44958 44360 39196 1238 13342 37295 29909 6565 1584 1517 28643 45285 1398 7690 27220 7692 3513 1416 8060 8030 12342 18276 39213 31989 24547 34497 19675 38618 7671 16365 29316 5788 17867 37191 1966 25352 24277 25295 25558 9560 39333 24457 8904 20497 30445 1211 1487 3068 31682 29226 1774 9491 25268 4615 32127 13184 23441 45786 34933 8929 12308 13175 8034 7054 8917 23477 25292 12287 24330 13176 6577 6589 5828 8935 29750 12336 29524 1479 6037 12160 24010 29751 10684 21180 8039 5789 24211 8023 15146 17944 29950 20384 20379 8037 23438 24123 17897 12227 29617 1698
174 31723 33808 26523 35870 30903 31889 32033 39182 18062 46105 18058 32293 38710 30542 48340 17769 40360 32034 38096 15979 48284 31557 30543 30545 29641 42873 42036 41742 32492 16921 41311 30501 36088 22831 23214 42383 45319 5423 11201 37104 11286 32950 27311 15983 44302 39181 15984 28822 14064 18565 16649 44255 16650 27314 18060 37035 27318 13890 10673 45654 31069 18059 39185 28492 41318 29905 20847 34051 19017 14579 3457 43263 15980 41216 8969 32041 18061 45755 27866 15184 32679 20845 32988 33467 11220 1883 28720
175 40925 3972 12877 23614 4296 36068 39001 33121 21060 33409 15155 27144 39037 33119 37102 28948 42179 32777 40924 5363 37586 37548 18341 40276 29025 37078 33120 40320 28887 39466 37946 18445 28885 39740 36077 36561 29026 29024 14206 40724 22118 28849 6820 37131 37130 36639 15457 8102 19767 39746 36067 36073 40926 18340 6823 15646 39710 39747 40265 36754 12189 27338 42418 2940 9674 11014 747 39937 6182 3401 138 42439 8105 26638 14147 33602 20613 16039 34162 13980 14736 15464 454 34953 20114 32929 16069 16199 14847 3079 785 9665 7957 5477 9782 5476 18781 2724 25523 12969 18971 10053 32576 13434 18617 2709 32751 40558 17752 4698 33685 14318 34011 167 22284 22434 32749 3371 14222 17990 15559 9854 19558 14232 42550 25517 15221 303 3373 9976 21500 17135 16052 35984 25497 35018 3386 10109 32815 15885 4962 15883 10286 390 12431 740 28053 12814 40723 12796 9962 28460 34169 1120 33199 9989 42249 34163 6541 27364 17759 2935 20316 33999 33700 6543 25450 8504 21499 14151 8490 11116 2388 14228 42615 15050 16505 33604 714 15053 32747 2263 3385 508 18006 10027 20694 25834 14912 26589 4791 501 28006 2944
176 19676 23420 1416 17365 1403 29724 29723 20504 12232 6433 7904 1856 39048 29578 30800 7798 7901 27549 24216 8664 39047 30799 23357 13083 33959 10632 12190 18192 12655 12647 7876 21416 39313 21932 44075 1608 42725 21865 24167 33436 22139 39862 14130 22036 32984 21991 42526 21979 40623 4651 8630 10809 42500 24256 13132 21983 42730 32965 42734 30792 10841 22215 22131 21982 21972 44629 42614 10814 10830 40551 42509 32667 22677 40553 40630 40647 39949 34975 22561 35758 22565 40620 4195 32962 32853 40628 32666 40625 22562 22555 42849 22563 35769 5053 4149 7672 8593 25569 28366 36279 24108 36428 29886 28372 25914 21555 29885 1659 34970 41051 24093 28005 35763 34977 35762 40583 40629 21957 42755 42738 42735 42750 42521 42620 4300 40552 6 40651 10820 40506 42990 40501 34974 34976 40635 40624 40584 19525 28688 20487 29540 29630 6397 7687 42608 35756 33511 40626 22447 22097 40550 40627 34972 14707 18479 42754 14442 16123 40615 21757 42533 42530 34971 1702 6355 21360 33099 20550 22142 32963 9035 33665 12665 31163 1665 12228 12619 10712 1662 7972 12245 37348 9771 19238 36772 29679 4306 37059 40833 37542 29382 12109 8640 12250 1461 17361 1612 25527 1684 8581 12897 24188 19265 5639 8067 24249 26997 23366 8692 13181 8667 1419 37346 14129 37265 32966 40505 40636 40549 32670 36919 24114 19669 40650 12174 24095 19710 8136 35137 24010 14144 24109 4390 13156 8682 36771 24213 1638 23414 23490 12278 12284 12543 12300 24162 23912 36706 18199 31144 42494 34337 39087 11729 29995 24088 21987 40547 40472 21248 40088 21988 40548 40719 32967 22397 32669 32960 40544 40545 32664 40543 40546 34574 32672 21955 23349 34964 34965 32671 21952 21990 19801 12139 21965 20856 42529 27518 577 20523 32981 33437 32982 21909 3752 10804 21956 4361 21953 42531 21954 21992 42596 33438 40648 40638 22492 13737 22049 34963 40471 22050 40508 34969 29743 40470 22413 40637 40646 22367 34962 22554 32660 18182 40639 40507 21951 39944 34967 40619 34960 40618 40641 40649 25593 34968 40542 40616 15976 32968 40613 13747 13339 39984 26365 40582 22456 40610 1460 7689 43098 7664 40642 22701 40204 40621 36419 34302 36552 40791 40585 4892 22793 35781 22337 35783 39724 22885 5006 17878 8565 1068 36669 34984 40504 34334 34988 6323 43493 28610 1378 43932 27297 33444 5059 23946 6298 10038 12947 33512 33441 33440 43847 40752 27944 35759 34873 24111 12160 24225 1189 7850 29579 4198 33442 24091 7613 12001 37677 13100 37676 27524 41194 15932 40856 19272 36781 39026 34750 27517 12227 17936 25923 1376 9522 36470 8625 34758 6559 6419 29787 7628 29713 25911 36782 29719 6761 29791 5022 24056 42925 29792 6751 19716 36281 4367 22838 16705 7909 36677 5972 8560 29650 6855 43027 944 7506 42740 5984 43130 43822 44001 9 15283 42909 5079 43243 19 36444 4556 4212 36276 36285 35078 29387 4292 36457 7854 36462 4491 36456 36441 36464 7811 35103 4353 6300 7072 21127 42645 35785 40965 5971 5982 42996 42774 42857 44199 34982 42875 43611 6012 43457 4274 23600 39725 28609 34987 1317 36414 6010 685 28603 35780 34983 42459 43823 5990 43824 1395 6011 7570 43028 43275 42839 5970 26007 17 5983 42919 6428 19271 43069 43105 42945 42923 42798 44200 42764 23361 17372 1563 29605 7877 6359 21194 1641 19906 1333 12178 19463 2892 29668 29726 42724 43097 43169 6050 7509 29747 8060 12620 24103 25926 6765 6737 17097 6409 18138 36676 6329 1425 6305 17072 6734 1477 7896 1397 5043 29736 29612 1456 24121 18172 13093 37055 8603 14280 29794 42970 12200 12157 25653 36417 24067 30851 36849 1644 6743 23998 7614 7865 29681 28670 6744 24165 7679 17891 6376 2881 30781 36476 34822 1470 37189 27531 12927 18180 37057 42229 34996 35954 39042 34994 35001 35000 15135 28795 23107 34999 39040 41096 37190 34782 22969 12151 1492 12158 8571 36510 35767 1433 3972 24146 8068 13095 7602 25548 7649 20030 6763 36837 36253 20466 1473 34761 36915 8675 24199 22988 27538 30801 7097 29950 8037 24169 6883 34785 11736 11716 14217 24077 37273 12231 24221 30796 12627 24126 19691 35138 31164 24211 7650 29751 7899 27543 40940 35774 35773 35764 22644 35766 35770 35771 35768 17088 36286 17093 12854 12859 25664 1440 3935 35775 25909 33443 34980 20067 24046 16732 19938 10684 29618 6361 42833 25288 4014 1331 4508 25825 35782 35779 40721 40652 40798 31396 22678 35778 34979 36147 22637 33777 29532 28907 19298 31729 38013 31715 15667 24079 5711 23412 12322 30795 24494 31720 24113 28517 20445 5846 15678 11831 35004 34998 35003 34985 37864 34991 32473 36472 12168 6770 23395 25945 18762 28650 22800 36512 9013 34997 34992 23094 35786 35788 34995 28470 6745 18136 4414 23030 35005 34993 6748 24625 37187 23359 10626 42912 15907 20892 25575 3180 29767 36314 1356 18162 22470 22338 31478 24159 12115 28967 36833 31671 17050 10775 3152 37706 12695 20441 25316 38610 20446 31755 31433 27699 37702 5865 31177 4004 25004 40575 40640 40643 8561 34961 40607 40609 40606 8908 40500 12303 40502 40475 40604 40605 40608 40603 22172 40611 40468 32969 40469 40473 40574 13742 22366 18423 22457 40644 17000 4018 1578 31714 21995 40467 32313 42752 40753 19331 37751 37752 37750 33216 12126 37772 1318 37749 42506 34981 3414 24315 37617 24963 47744 37745 37192 37997 21037 37743 25005 18767 37618 39073 12146 43066 42575 18145 42796 43699 28404 22958 24945 24910 35037 14131 33858 1431 18149 43136 36125 999 42845 6388 37996 1487 1550 35480 44178 7620 29790 23703 29675 9006 12856 20477 27507 23990 36302 54 12922 4373 12744 44333 28107 36278 17882 20053 17096 1469 36294 36128 42864 36475 4223 12087 1404 36289 12935 3225 19251 17095 23392 7569 1374 19926 32693 12900 12904 27926 20465 22201 27380 16966 17028 16974 17003 36560 43174 1489 19256 16998 16980 28118 1406 6373 4152 4296 36449 36277 1471 36463 36132 36292 4385 18086 1438 12359 12807 11445 11443 42877 11442 1235 16976 19267 12164 29891 5524 20480 39654 41169 36429 36295 34919 1548 4175 4375 43761 43019 27510 34867 23988 25721 37353 6310 29680 12096 28383 4305 23345 37685 25722 37267 23435 17016 12233 13143 41297 8906 25263 25268 28944 1655 31174 29704 29020 17010 17008 39190 39686 37058 1569 18166 18165 24071 36296 37284 1758 23475 5605 19270 1579 6347 36311 20464 5071 24018 1435 8022 6338 17006 6835 1380 27511 36293 1155 6738 36312 18088 4183 5543 8550 12090 1292 43696 6309 42966 12166 5042 16968 36283 6562 12883 1388 8585 18157 12871 1290 12111 19934 1490 1063 23999 12892 19919 12154 24089 36679 1517 24099 18154 36442 27582 7391 12266 24042 28377 6238 36911 4307 36427 44478 17884 28679 12688 4580 17070 17041 29676 16993 17012 6903 16987 17019 6571 17062 12127 17037 16986 16970 7844 1491 27817 44592 4374 7631 12873 8002 29678 42573 12092 36453 35322 16964 5571 19715 38507 8917 18530 37694 12110 8920 36339 12327 23375 12362 39224 41374 29702 4303 12847 19282 40038 16992 29706 18148 29397 6736 19262 22983 22904 6750 7846 12784 12623 12785 29709 1713 5633 25273 8905 17074 36698 29959 6591 36511 5617 5645 36697 12308 31150 8015 36690 9561 5676 23462 8668 1615 24206 12341 8025 12355 38487 39336 5734 7285 11708 12291 36309 29699 6328 1319 29691 36305 17056 17061 17039 17025 17011 1732 17076 19725 3179 13080 23459 41262 12281 8938 37403 25558 12321 26726 19698 35002 12791 19699
177 29635 14437 10283 34767 4983 20050 31037 23797 36791 21969 38155 10781 5100 27408 5601 27402 40572 10271 35847 32780 8134 23925 29350 21065 16755 12225 23767 33265 29802 39707 7581 9000 34881 6423 24309 3421 39455 32162 29825 19397 28525 24884 17180 25040 18107 28514 20036 41109 26265 36369 40993 48692 40275 37924 37982 3639 40277 3413 19847 20060 27412 29833 38280 671 572 24248 41363 5795 31251 21073 15890 4074 37118 41424 39328 37130 21078 3883 38282 23681 12710 770 25832 468 14425 25482 2440 35309 41364 3418 26307 25689 38329 16896 38225 18435 23322 7091 39831 962 25684 26519 25693 18451 41513 21051 38231 38219 3887 727 32774 20331 11221 38260 27374 38116 22171 12702 25837 35849 35863 3499 17068 23932 36133 54 7624 20456 35928 19842 4388 4005 37960 28520 33089 7929 37501 38020 25836 24895 1052 2649 26321 20031 27849
178 8537 28004 5114 33714 32688 949 14182 43436 8523 35613 27945 16806 7558 8509 10136 5339 6230 11969 48695 16810 42251 47734 16795 38244 23895 38255 38260 23653 38123 38320 39225 37933 47178 38299 16808 16837 48603 44269 16048 47162 11317 37021 16786 34550 37665 47049 47463 47455 24968 11409 13889 11168 22530 39484 11319 33461 33457 33460 33453 30205 11330 7595 46789 46441 46250 11321 45967 28149 18302 45968 18312 46064 21063 16820 37552
179 20305 25845 6041 10650 14305 7240 7334 10313 33427 3254 28276 34522 35945 16189 10398 14960 3912 310 20415 2328 3892 17986 147 10835 12867 9790 30840 8338 33157 33501 39888 39671 8759 34254 20318 5779 27331 646 15274 7245 10293 20306 10292 33499 2271 33745 10303 10302 10309 14610 979 46004 33500 9707 20320 29994 15130 14928 3816 32642 34244 33494 40146 14927 42127 46921 12097 2787 28371 13439 15786 17387 12607 14276 10314 3917 3900 8910 9609 10356 14277 8339 7669 10307 10404 26291 42136 5909 26654 17518 14837 14814 12532 34523 16614 12071 12835 3909 656 26142 44581 10338 4190 27666 28270 3320 1649 15247
180 19608 7993 1585 37006 7191 1361 2993 1450 28311 1184 23137 5024 23007 24176 35461 7995 15911 45000 318 15773 26706 41056 2560 2480 2572 2483 27151 20383 26757 12592 28335 651 44903 42703 43781 26294 43749 26758 45329 27268 36035 5618 15043 8423 5691 5964 37207 12659 12658 1566 23384 40569 27247 21924 13128 6378 24412 5605 32250 12646 20664 3265 13188 10705 13156 29988 27164 23529 43678 9771 5963 38475 3189 27200 39872 26895 27222 1774 203 3305 8386 1206
181 16089 48589 44335 42891 47490 43060 46681 48278 48222 47695 46207 48014 47875 3802 10827 47953 43292 7266 47759 42727 4881 8182 15159 41060 43531 4224 48098 13233 48556 47570 46834 48783 45705 48118 49015 45492 46298 45749 48972 48723 46125 45528 47358 48755 34850 48055 36954 44283 47278 8971 43609 45041 43186 47602 41375 47233 45136 30487 48324
182 42005 16727 13666 32197 16730 41979 41866 31786 32173 31850 13611 24784 25127 16714 30735 48524 41868 32166 38351 38059 13663 16719 13725 32010 13584 41899 30917 18286 2231 41980 24754 30475 32198 18287 2244 13717 24809 32155 18119 32158 13682 13686 38542 13660 9273 32192 30759 5051 32222 2222 24785 5699 9168 41496 18208 5052 23482 6420 13696 29587 5591 24538 1027 24218 23481 24439 11839 39181 11797 5698 5414 5454 1827 16712 1270 2124 15673 41874 41503 41978 24565 2142 38941 24574 25247 2145 5796 7935 9296 41498 31787 9323 8724 8726 41501 8723 32157
183 48618 45157 44033 43960 43810 44136 43927 43961 45132 44303 44729 44045 44979 44155 44617 45530 44132 44048 45580 43193 44838 43892 46323 44626 45954 45700 45721 46728 32410 43732 30570 23235 43374 48447 30492 47319 48196 48679 48945 48084 47548 46795 49010 29871 48335 29411 47913 43976 43912 46400 43692 46722 47807 44444 30333 29370 28533 18329 28009 47985 45652 43590 46750 46717 47909 43773 46432 47353 44266 46299 48802 45825 47297 48652 45769 44441 46843 47208 46357 47454 43674 41573 46798 47251 47185 45793 38360 47926 46905 46263 47138 44276 46733 43439 45376 44627 45161 44323 45184 43378 44637 44806 43702 45142 44404 44069 46988 11277 47106 44382 46433 47795 47008 47558 45069 46216 45760 29372 28802 36509 45582 22412 45905 45844 29843 44943 45544 30486 46366 45399 45638 30485 43803 44638 18500 46534 43916 44465 48046 45723 46079 19260 47683 47010 36514 45581 46138 46521 45416 45821 42059 45991 46426 46069 44975
184 8819 20641 5350 16898 3439 8845 35445 8081 2477 20534 23602 28343 1509 23011 33328 26083 27884 3440 22443 33113 18725 4425 33523 21946 19636 20780 34805 22577 11660 2652 26614 2556 2555 3602 10999 2554 3438 18726 8756 2557 33327 26613 33197 19220 21685 20971 29401 616 8237 1571 34048 8362 2486 10566
185 13988 22684 14494 3969 36996 3617 40974 4174 40536 22736 20601 36840 40525 36092 11115 34412 23923 32563 33122 4051 8097 38386 8241 21967 5812 44732 41316 28267 6104 42022 31555 31554 22531 14406 38892 38011 40159 7917 40160 41291 44285 30810 16207 22532 36122 43887 42021 32717 26849 22179 40439 174 40537 33127 2496 40437 13932 40565 40554 26840 21575 2833 2767 9049 2771 22169 18669 21216 40438 40758 40488 20651 20852 19522 33070 3517 19236 32686 33162 408 11634 32687 39935 40412 32684 39770 22721 20173 20251 735 20187
186 5166 21446 10304 4267 10604 7966 10421 42940 43400 2667 537 23960 1342 6103 9861 19309 7594 9330 18024 11747 5589 7677 25455 20441 42077 24293 1857 4039 21256 19311 19831 15571 34062 15073 33078 40529 10921 33928 26497 12751 33288 9164 20125 22194 9187 39952 3056 3665 26449 42714 10372 10039 14791 10391 25909 4730 19320
187 482 38435 37855 17185 27474 39886 47079 27401 42067 28178 38709 21924 41419 38825 22881 39463 39181 27417 27406 37857 16756 28120 36061 8291 21719 17498 40804 28140 28119 43367 18302 12010 33118 26616 37016 11344 17122 8296 38081 40466 34584 44710 41017
188 6421 12336 12258 12696 23441 8928 31755 42333 25270 23369 23370 3206 21075 41154 41297 42334 30131 31652 13143 30027 42232 42233 36824 12581 30159 12648 38526 42336 42335 25285 38530 42302 30130 42299 8906 12417 34681 17066 12661 12906 36819 12256 7703 522 7000 1416 12616 1460 31138 17361 17365 1181 12636 39044 12163 1615 39030 26578 5940 25454 10958 1558 18933 26297 7863 23911 39017 10951 12250 16994 29711 26327 11822 17011 38254 19602 36660 36337 8673 12284 12777 8682 12619 12688 23435 13177 8912 13166 39031 29253 39032 7972 25262 41152 13164 8067 35046 12653 12245 12109 12276 39052 8581 13181 29995 1651 1540 12228 46355 12282 29267 35964 16295 38141 15314 37515 38628 12180 30194 6491 16791 38077 38340 25382 29284 5715 25431 25391 727 25802 30190 30133 30183 30188 30169 30187 38529 30167 30191 38613 30192 30185 30186 31167 30174
189 36892 38881 31965 41380 39117 27792 19321 39365 15713 28433 22347 39362 39151 2132 37364 40299 36893 40330 27791 41526 31397 38557 31386 31969 31395 37781 31398 15712 37415 31952 38884 29080 37598 39136 39132 40324 31013 48179 41544 29920 6475 47867 2250 41548 48094 29495 23427 13404 48402 40348 38680 42121 39705 48610 48302 15331 47703 15300 47267 47497 19596 34544 39152 36569 30323 31820 48157 47571 47643 48112
190 2770 21315 3378 12 18057 2410 362 21483 40028 21378 33271 367 21563 341 5938 10966 13783 26520 2546 12080 34405 16431 533 5957 34646 21562 18782 33619 2551 2474 211 5230 19479 9937 2559 15484 8267 22146 5932 8240 32972 19598 2768 17518 16063 5955 33885 12077 15741 33137
191 29219 25775 9096 24930 33415 26123 9100 16230 24925 16238 38154 31278 31277 25788 11851 9098 16219 33417 29323 25795 26460 25787 24924 39164 16229 16222 24927 24934 39167 35543 35547 35542 16865 24928 18380 37505 35549 18360 18390 31269 32995 31270 24912 18369 24916 24919 18381 26951 24936 24937 18361 24926 16223 24917 37969 36540 35535 38115 24921 25804 24923 16221 16220 25786 38046 27420 39162 33418 18364 30272 36545 36544 42011 35536 14419 39166 25736 24932 18389 24933 35540 24935 39165 39161 32993
192 33473 11064 44414 2621 3571 18547 33475 11035 21091 11053 2654 39968 18724 33728 2656 2627 3567 39762 2585 33731 16422 21092 21976 15745 11047 2658 2534 2632 2408 33143 11048 16423 15879 2535 11108 2549 3601 33730 13776 39961 39962 15746 3597 11110 2610 3786 16057 16410 16411 2489 16412 2575 39782 11042 34139 3579 20453 16748 22236 3585 2542 18066 2545 15747 2544 2420 11056 32958 22105 11068 33110 21086 3558 13777 17750 3569 11112 8078 42157 35867 35866 35868 32800 3553 21082 3552 33729 2530 21346 3575 3586 3564 18064 2547 20589 3563 17114 3574 39920 3588 11052 3594 2471 11685 21601 11113 11111 3789 11062 3603 10020 16424 3576 16433 17112 2630 21080 8074 40098 16409 44766 2413 21090 22315 33736 21087 2492 23598 42221 3858 44483 3863 44201 44020 43766 44246 44247 2484 26285 11686 11037 32801 3560 8076 3595 22365 2517 2518 5927 2520 3562 22235 3580 40096 14059 8077 33735 3587 11080 34149 11060 40153 11029 20591 34134 11040 21088 21089 11044 33732 30538 42397 2521 11088 22184 39929 2569 33733 11083 3593 40164 11030 3788 15894 22323 5931 2561 22444 5928 21403 3589 39845 3758 11063 40013 3565 22292 2426 22380 33521 2566 16427 11109 13743 20543 15748 42364 40097 42365 13741 40107 2550 39880 3591 40416 11684 33142 3572 39777 3581 40418 3582 21083 22125 2536 3578 3559 34373 22316 5930 11075 11078 11076 21977 18950 39881 39930 21348 11084 3590 11073 2574 3584 18065 33474 21349 11057 2419 42431 40022 3785 42155 33574 11687 2657 3598 40417 22126 2543 40521 21326 39882 43958 3573 20538 22342 33734 3599 21347 2414 3592 3600 2653 2540 22326 21325 11045 3556 11087
193 29120 40384 6732 13247 29374 10572 10003 43952 26040 29101 5347 43184 18123 10665 35021 41077 44802 40783 13610 33647 13867 43541 10661 40970 29404 5523 43560 43573 29405 5315 43718 43687 16594 22617 6785 36054 30517 44857 44927 27928 37815 38395 9531 28972 25366 34135 28942 35638 41050 30552 41038 23483 31304 31109 6516 37485 41049 30404 6691 45361 6683 9889 6764 30864 30861 23143 6618 9888 31189 31077 31196 6801 23147 30409 32479 35362 48129
194 24754 24805 41631 41632 38283 13573 30738 41627 41630 13604 38284 19150 48749 47756 24813 41980 30476 48733 48201 38410 30763 41905 31873 18459 13603 32349 37791 48445 41899 24803 30732 27043 30711 2098 46945 38914 32192 41678 18444 38038 47850 48188 30758 48499 24819 16796 41918 24811 2243 13697 16857 30718 24732 31786 48304 24807 32152 49184 49065 32176 24784 41679 13723 30713 2235 16839 15718 16825 42356 36909 38061 38841 38958 37570 27428 13725 31516 7940 41637 38723
195 29588 635 43831 29569 25469 40032 14346 10043 13059 4057 27960 43454 1377 12826 514 5069 20427 12766 34748 4162 819 13030 15918 309 636 265 20479 11430 36064 8270 4927 28958 16116 25835 25826 44161 555 7527 14843 10973 11942 39681 49041 32629 7529 28115 15955 38798 46703 10807
196 348 22301 33178 22253 17799 18851 7073 25626 9977 16249 2906 6215 25617 2713 7758 17796 7187 39567 14025 32387 1783 42474 30937 13928 9041 32589 17811 11652 8700 22730 22010 3459 14044 44845 14569 8476 10452 43812 10272 27361 43063 4099 518 35312 16277 4891 27057 16741 27937 752 26571 3815 14566 8430 14396 43644 22379 3109 33375 16486 5671 32804 6211 40978 10888 35645 7561 17822 42554 14487 10916 21581 25848 16127 3974 5333 3088 35313 18020 14008 3057 7726 18661 34754 20269 39092 14002 41890 1778 41270 19998 15226 35627 5218 9154 21478 3532 17118 33601 29458 701 24517 7518 2447 32333 28989 4086 20392 40979 34208 39249 19743 43061 28232 31373 37604 30883 23157 2056 41997 18795 10816
197 5445 6169 7515 16232 6035 13007 4039 14460 5527 5239 6027 10789 17909 10663 17902 9845 17805 14466 9984 10477 43800 17908 1474 13013 10654 10478 28654 10019 5502 5301 17870 11224 11229 42637 21561 5446 14409 19680 14881 44454 9548 19670 15164 5496 42977 43322 44225 7335 7769 5865 41241 5577 17903 43205 485 23983 2834 27669 25498 44083 10660 17914 28617 3231 13202 1396 22654 5408 21560 6039 5578 13221 14410
198 21206 35200 32015 13545 5657 31953 5885 38496 38848 32504 39435 32112 31699 39508 32311 38849 13645 38846 2220 32013 20748 40952 20101 38679 31940 15716 31941 13643 13705 13691 38180 2093 32016 2146 28726 15771 34394 34619 42012 20111 39301 8780 20102 20755 14778 22334 25357 8918 38675 8735 20758 30447 6512 24451 17376 5722 17404 15768 39156 17397 32309 15197 7702 28724 24337 1634 28868 5732 20116 31882 38442 29359 17176 28747 1970 26934 41092 30044 41091 28882 29976 24433 20754 36501 28085 8937 26926 24967 8779 28886 2209 31939 32503
199 30403 9515 23513 28975 45569 9507 28992 43078 23557 45174 1529 9508 41283 23523 1276 6346 46200 6712 30397 13608 24237 46093 1966 32179 36051 15200 24043 9223 10671 9409 32174 9502 9375 9485 29589 11518 13613 31481 46523 48863 9521 36761 10628 46946 48609 13729 945 32166 32165 38505 24503 48926 8983 46773 46636
200 16882 14166 33088 35474 20357 18321 40144 4241 19927 2308 43900 14250 1494 2320 15858 7142 7859 3865 40050 40052 40051 1027 1004 7215 7055 17063 10152 26620 3253 12400 4066 32596 9233 21746 7874 32581 8845 35487 7266 21802 3119 28675 17092 26686 9723 34507 19596 786 43901 18672 36315 22951 14119 12408 13495 13496 9668 10161 18089 32606 26416 28583 28624 11271 9641 1547 7319 1860 28634 1626 36293 12008 9366 11290 22911 1932 14962 4249 1298 20407 26439 21332 31136 1754 19188 37386 19189 69 38845 19057 14592 47023 5415 34388 37269 29852 4820 26083 9563 23492
201 18527 30882 12581 20506 24340 7634 848 1868 23375 8709 12869 9565 20448 8569 20505 31115 10384 3148 31171 1855 8696 10912 20491 5598 36778 31175 24299 37685 18207 34396 20486 9793 31831 31169 18203 36708 1804 31170 34874 12223 8679 1925 11827 28645 20499 10770 42335 18125 31779 12322 24538 23478 39400 8716 15681 8718 16210 11843 25031 40532 24963 18208 36624 23470 1919 6193 1944 37164 36730 32987 15199 24862 37556 31838 30428 24397 8041 31105 6411 24291 9014 18098 28967 20507 46355 29267 39266 41424 29432 23385 39073 12116 37113 23397 23982 18026 29817 490 4984 1538 43499 19861 18239 1114 42295 4214 7807 34324 1032 1880 26532 27130 7784 18039 4782 1095 14186 17029 1425 7560 17060 3244 44030 34817 44003 1026 7851 18930 34325 20425 36418 26538 11960 4684 36314 5260 33083 3044 10251 5474 13033 5473 7542 10174 7142 19837 7762 28675 3125 26511 26587 5274 10515 4759 19838 10058 5261 16172 5263 5356 3049 16185 14943 19860 13281 5890 42828 10284 1438 18185 7628 7777 29559 27940 10720 36109 19724 30401 20462 39428 28567 34483 8190 10712 24232 12228 8667 17946 25552 8303 8561 35235 1537 34769 27910 1646 29855 38103 34863 6362 25557 8587 8550 12833 6370 6310 25582 7129 24116 18177 29574 19264 7846 6428 1563 41549 7609 35405 24533 10480 37706 24400 26073 30648 34540 39370 41485 11932 37894 6502 31795 41894 15310 30478 41776 15312 38174 38223 6484 37851 11805 49188 20452 23180 32189 18110 24959 37805 41550 15707 42473 24605 29321 25309 32186 36726 32207 31705 6382 30685 2026 35899 31016 24578 37869 9030
202 5628 2359 39385 29009 5652 30356 1842 29608 1942 14943 26126 32401 12687 25311 5604 28238 29270 31024 5725 26446 30355 47104 30352 29889 15998 15685 42627 1679 15999 32400 47648 46742 30351 46818 32398 46151 20360 46097 15995
203 23983 1203 5713 2434 8890 7375 26801 5301 23399 29544 1825 39974 10637 17963 28860 38762 24330 8558 16923 2777 12499 25359 5497 12508 14398 11265 29728 40411 37220 41479 4319 17927 29780 8289 7996 32689 1206 33921 21787 39314 5264 29103 8756 7983 2983 2934 29601 23537 9828 37277 4266 5785 19730 33914 28001 28367 17859 17918 35496 45005 766 12668 25011 28291 2111 10685 46999 20424 29907 30007 8779 12611 12660 30001 42007 1871 17477 30394 29981 39941 28352 33241 35254 33448 4169 13391 23024 37270 13623 16747 14900 7289 24583 5266 27198 2699 32118 14793 11819 38449 17491 27173 3279 44423 25350 33768 28881 2942 19596 29424 39085 17468 28728 28437 28611 13158 8740 41097 16895 19505 6884 28772 1047 2787 38450 8768 12307 28959 29912 20282
204 21299 21301 40189 36009 40183 35534 7640 14485 35136 15556 42933 11024 9953 21296 9985 11586 42763 35946 25763 36428 28846 29350 23630 4312 1661 26300 35131 12159 21984 30497 29669 29785 4302 22437 23605 39728 25578 1333 2431 24096 10009 36289 10006 42451 10014 21473 6025 8459 8 21295 21915 21298 42110 21294 8259 8244 32865 32959 8421 21916 22129 21351 21300 32868 33130 21145 39996 34648 21917 21920 21918 21914 21921 42107 42105 42106 32930 21919 42111 10008 21961 5993 45122 3380 40030 32933 42109 12616 29679 30124 124 46044 14447 35541 10050 10425 31268 40014 22095 39734 39732 35302 31271 24862 39735 31194 39733 32229 14392 35551 45891 12899 45208 6032 30792 12332 4001 37053 28941 1403 14439 1595 45438 35545 23368 7798 40190 5925 39729 36013 1789
205 25752 8153 25741 33001 25735 25733 32990 21664 25758 27931 976 35539 20413 7462 17795 10382 9802 164 37475 20077 12277 34760 19237 28430 14758 36667 17997 31785 25790 8265 9807 16254 14336 13307 14163 16088 16237 7431 8091 32742 40487 35396 7098 38154 8351 13002 16071 579 14284 14562 11847 9820 22106 8283 6038 12964 15276 7729 9135
206 16476 16882 32973 17522 18002 2915 8794 18985 8838 4936 39178 26806 21761 21764 19550 26805 17524 39179 16475 35487 21518 2919 462 32858 21330 22080 5387 27906 17998 18015 5913 7211 19927 21510 34239 39099 3653 28343 26708 13421 18601 14021 17253
207 44794 45800 44345 45801 16618 45875 8567 45649 46185 45965 44776 8570 29211 8611 45971 45929 44931 45586 45177 45121 45509 44126 45377 35161 45279 46031 46081 45148 44281 42895 45194 45569 44853 45607 44332 45461 46271 45513 24486 47082 47118 47174 47865 47447 43092 45779 45979 47361 46888 48295 47132 48609 47265 48218 46977 47531 46613 44071 44947 45134 46258 48813 46236 46490 46201 46288 46987 46599 46642 46805 46773 46584 46735
208 25951 37924 11810 19412 18417 18766 39370 13792 37968 28525 37500 19322 37590 17187 7266 31794 19398 39450 24541 37592 19404 37909 8199 24587 38405 38618 31519 11289 11320 11361 25957 37123 5773 31085 38228 25328 37949 38106 38132 25958 3639 41969 37978 38097 31082 37982 5781 24562 37513 34538 16780 37777 25956 12373 29279 9025 27414 30197 30190 16766 25949 15678 30185 30147 33670 15326 16775 37505 38518 29259 4543 18048 30174 23982 30172 37640 31659 31664 24322 5599 31236 8034 40234 31755 29292 18047 18046 28692 23223 9031 40588 15389 37826 42304 29260 29263 29107 23410 38620 30171 30169 32425 28884 25329 557 37100 12354 33783 10786 31655 4636 31757 5751 37593 29293 24625 39454 10730 18051 36243 38013 30168 40275 41424 5749 38448 11901 25330 12380 31261 12692 25286 23188 38615 5718 5743 25015 11845 19537 15890 16794 30181 12383
209 203 26787 35192 27207 18395 34647 28703 11956 35968 651 1353 34320 18377 20170 18702 18675 36178 1171 1169 19866 28252 9066 35189 7726 26710 1154 28278 35190 29797 27993 1363 13946 12919 12912 35191 18700 6552 2273 2382 11995 25840 18697 1062 1531 6031 8032 28710 12868 35238 33600 2383 23 9828 13830 13049 582 12047 28279 18368 27172 25838 7183 453 358 27219 28352 1357 8845 7993 19939 10182 7966 7213 19596 7996 28299 1358 35033 7214
210 48579 47604 48631 45717 48278 47939 44749 47039 44222 48756 48519 46806 48404 43549 47380 48582 47112 42902 47341 46965 48171 44982 47530 48675 48611 31207 45477 47254 30169 29261 36243 30174 43550 47754 18049 47140 19537 30171 44748 5658 46713 47117 47005 47190 46866 43242 47433 30901 48669 47490 31975
211 47624 47760 47597 46527 45092 47368 49050 46673 47442 47565 49011 43404 47002 45341 42930 48479 44945 45225 46114 48503 46018 48558 48891 47805 42806 49021 44862 45500 43479 43181 43416 45863 42790 42913 42955 44073 45936 44401 43176 42810 42626 45193 46929 43590 44768 46341 46625 46134 46238 43927 43424 43595 46675 44043 46071 46409 43536 42635 43464 44231 43774 44297 43101 44141 44515 44143 43142 42825 44288 43602 43305 44946 43306 43276 48008 44003 42841 42808 45334 44269 42662 43256 43582 43011 43131 44909 42649 42624 43465 43255 43206 42817 42663 43618 42920
212 46379 46783 47139 46366 47345 47179 44978 48162 46030 48130 45454 46602 45844 47438 47010 43517 44330 47985 45807 44155 45759 44484 45652 45986 44348 45539 45721 45184 43927 47022 44347 47138 46285 45463 48267 48282 45975 46722 47548 48131 48917 48299 48618 47297 48135 45730 47407 46442 43773 48022 47973 47168 48566 47898 48200 45628 44409 45997 46424
213 7790 3526 12834 16343 2398 25590 30923 4317 4002 14550 4076 3685 33080 1121 1537 34811 34757 7547 1289 3218 3951 26493 6154 3686 12711 8507 848 39811 866 16052 34826 4205 1101 12778 34326 25446 7797 4183 26525 19242 11906 27421 31249 41952 24898 3737 3687 8504 37756 27425 3740 37981 37871 37889 41973 39809 24381 16766 6501 33540 48692 31255 5968 24893 32426 20038 27746 29475 38603 24892 32435 31233 31244 32428 31263 24701 24891 10029 24887 24875 25955 33918 24883 14147 7055 7071 22488 18752 25854 19336 5937 24897 7130 26478 632 22453 26688 823 18010 6848 32681 7074 13980 40183 21222 7543
214 20044 28380 7679 1584 40992 28723 5743 38178 27170 12103 33080 16900 36917 27210 1621 19596 8676 40897 6578 1641 29909 1615 11722 1651 29685 24206 1563 36853 12208 35038 13086 29604 18160 34843 17361 12412 32769 42577 14741 9770 21219 11297 19512 18972 8052 17132 21751 12414 14513 194 42477 4129 19925 28700 18087 28901 36679 28112 14894 28706 4014 25591 365 17372
215 45199 19275 29506 37598 10694 29573 29551 39181 45419 10707 45223 45705 8722 46309 38545 25596 45380 7798 44697 32212 44516 16494 44455 19669 44699 44889 39653 29000 14199 44563 6422 45213 24507 44407 24318 36766 19929 13909 11875 24297 24254 31003 30665 28645 15959 18278 7933 25052 15961 24553 24302 30957 24370 24347 31012 7919 41472 38490 24509 30952 18133 31000 20469 45613 25014 24367 11797 38549 5864 49001 29530 7843 4144 18284 24368 14182
216 9471 24094 40598 875 28454 43421 5527 40889 39181 23061 33295 9309 11344 11280 35575 1093 30361 1400 20683 44508 40884 5555 22063 5526 35265 11649 12586 22064 28662 12514 13059 12513 12974 7599 26105 40890 36179 7317 4323 11124 12587 39860 40888 34285 994 22255 36843 46447 1960 22882 25808 7444 12522 14804 42605 9219 42770 394 35631 40891 30427 35275 40886 11312 1016 40887 45300 19852 29547 35259 40493 40592 35586 12510 40594 22065 31197 1214 28943 35279 34001 36907 29533 42915 13803
217 44196 47058 45777 46146 47849 45099 48224 47274 48300 46612 46227 48226 45966 47220 47075 45185 45778 45466 48277 43441 44411 45064 44555 48830 45909 45081 43756 47024 45595 44086 48332 47200 46234 48093 45143 45962 46992 47310 48851 48459 46106 48895 48881 45066 45338 45677 47362 48240 44709 45560 43654 43968 46860 44820 47755 44910 48440 43660 43941 46862 46664 47522 43974 43855 47608 45886 46202 45306 44667 44371 47480 44917 46861 46071 43942 44440 44704 44942 45696 44275 45237 44010 46770 46010 44376 45186 43689 44678 46906 45089 45274 47583 45840 45104 44276 45156 45021 44883 43757 43705
218 45875 47229 47253 47379 47211 41006 7028 7283 41022 48308 21557 45702 5840 46336 48682 44597 13078 17918 13259 9585 36811 10354 47354 15696 46544 18679 1914 44075 31385 13110 26825 27916
219 41721 41723 41724 41725 41726 31517 41587 41720 41719 41453 41456 41460 41458 41461 41457 41463 41455 41459 41450 41447 41446 41451 41465 41588 41590 41591 41594 41592 41464 41596 41466 41449 41608 41584 41586 41445 41443 41610 41613 41454 41614 11344 41710 41712 41602 41715 41714 41716 41717 41711 41444 41600 41442 41605 41441 36088 41599 41597 41601 41437 41438 41439 41440 41589 41713 41603 41609 41607 39181 41604 41606 41433 42345 41188 31566 23124 31498 31501 41435 11371 15170 31485 41611 11360 41434 40310 39283 39182 11320 11324
220 1378 918 23943 12813 16981 4367 36287 34328 28907 6838 10940 3695 34829 26326 26309 25533 36449 12773 12811 27560 4355 36114 27559 3490 26555 1025 4167 4388 16965 23682 12140 30097 23723 40992 39015 18934 39333 28403 1491 20460 23706 29532 12169 19918 12207 1419 29201 9043 30014 4384 14050 1664 4009 23686 3841 6382 23697 1406 12934 16362 4222 39002 40216 36062 4390 14548 7832 34864 27970 23735 16361 3692 23811 23809 1855 1837 19731 11999 2623 39101 41152 35852 1856 7630 12298 21061 8707 31174 36790 12804 20474 6411 28582 18923 16045 13127 1126 23721 14552 20501 34932 34182 12249 41349 14644 10783 23773 24296 4765 7121 248 7796 33262 33690 853 39043 23355 4772 32680 13093 26530 20043 39044 8068 34924 12634 39026 41194 24103 24170 23726 7902 34762 34771 7899
221 30956 13592 24727 40796 1448 41940 37999 2176 31806 25681 41872 32347 27427 31973 32108 47436 37345 38944 26946 2104 37483 2205 2116 5857 18290 48236 39433 20859 1952 41874 2106 41860 41891 48179 47640 2097 48139 31871 11754 14076 25687 25695 24235 13605 37814 38352 2200 24595 42073 40340 2191 15691 49005 48423 24758 41968 2186 11866 46309 41868 48353 2134 38898 32232 30998 18446 47930 24749 5815 48085 13641 41921 25428 26266 23386 10739 30977 5609 27418 19215 4985 31019 7932 15681 2038 1987 7921 32295 49175 24538 938 27131 9351 46542 24048 38765 19321 47210 25678 24458 23511 39503 47048 31706 8581 24518 29637 5865 23521 1875 31022 25674 36721 46500 31017 27347 10733 40292 4401 34885 28503 46336 9510 28483 4428 46458 8050 2076 5608 31662 2123 39209 30924 2156 46004 39057 29601 24370 30959 7039 5610 42203 39388 5728 24697 1653 38499 30437 24470 30994 19690 16760 485 29518 37413 8017 16761 24694 30974 31710 18274 1973 37043 41833 28506 47368 46338 40410 46999 47575 28984 9535 47267 18438 47090 11860 30896 47746 46555 47347 47364 47624 47451 987 31736 25596 18112 5823 1423 2180 47151 29962 31976 41418 24310 11836 3057 10679 11810 2095 32188 11879 31846 39056 27424 47105 28519 41572 1481 32235 27425
222 32502 48144 16789 38092 38175 25802 38148 38931 38222 38105 37778 25391 15333 25393 32506 42314 20870 25342 44789 6491 25382 44372 38185 24679 38127 38209 12388 38111 5784 37922 25343 47501 15303 31081 36372 25801 39358 13792 45779 37591 47096 39329 37939 24997 15337 38214 15323 38103 15336 38135 37951 37950 4540 46387 45979
223 20990 16607 7396 8251 3551 5988 15143 1039 12244 769 33645 14570 33253 29320 1536 43230 36750 38466 4220 39828 43099 38465 20162 3946 13788 22083 22046 33626 3979 11165 33881 16075 435 39820 20166 20335 15455 21986 38988 34000 20165 28719
224 17337 2094 31429 8789 41474 20097 28775 41508 34626 26913 1853 11811 37227 31960 37200 31673 30072 37287 37220 37232 1967 35856 28728 19596 38450 4635 40312 20121 38493 20764 15113 31096 17377 31946 41003 5720 32655 30321 41346 5800 8869 30031 31974 24635 30605 25394 31958 34023 37912 35400 27787 13399 38822 12330 38888 28780 31010 26247 36140 26932 38910 12313 12416 38900 5735 13391 23262 14138 41345 37218 25321 8764 12374 35855 2041 25421 30016 28316 24424 36567 41032 41005 12499 28175 7674 41488 2068 39479 8897 11812 5845 23230 31744 24268 41932 30934 9047 11427 15203 38003 15117 17461 2092 33360 3623 6871 41402 24453 8973 11834
225 14366 18718 35261 14461 14459 10833 40110 16160 33934 7468 20183 11174 42476 4663 585 14340 6096 33744 16334 14339 10418 21269 27296 14225 18537 39695 15214 26089 16390 40131 19651 33204 16296 33243 2504 16901 15594 15597 3384 13757 14317 22698 44506 21931 6110 5131 13784
226 245 35332 33034 42463 9667 27448 8825 22882 19887 21678 22465 37615 35327 40103 17247 20330 2787 40515 40101 27447 42722 33480 16482 5851 5654 17500 4410 34090 2365 40875 13426 26226 28095 17142 40519 43926 33500 40669 31076 34010 2341 16477 22777 28021 4322 17235 4246 27456
227 10571 9332 36386 10172 9348 36388 9335 10139 10573 8011 9331 18124 9328 9338 9337 10564 8009 9326 9321 9327 9324 10570 9355 14189 10125 10171 10593 9378 9377 27507 838 35807 9380 11014 2603 10563 9364 14194 9363 18129 10581 9352 9353 7802 28580 9367 9358 9315 9350 10551 9357 10574 34372 9318 23948 33223 26740 26785 10914 3094 7762 35459 26607 4861 25818 14871 4832 5152 10503 4840 10579 6114 42855 27433 42908 31 18019 5145 39811 924 27895 9308 10558 12420 10556 9299 36043 9304 1011 6544 10547 9310 18205 36270 15614 9542 9298 11005 7564 10496 10543 9288 3343 18964 9314 6327 7560 28600 30899 45888 15612 36764 15611 36772 13061 18187 37347 13067 6409 33052 34924 36109 8676 18182 35707 36783 18185 15609 6393 37346 30624 16726 8717 15623 30652 11253 5824 15622 24415 45753 8722 37700 9566 46253 23520 8677 38537 15616 37352 23526 36767 9467 839 1471 15929 24018 46327 28805 10146 35910 6337 9401 1381 9385 10619 10596 28678 36295 29133 36603 34368 9386 9405 6354 24427 17879 45094 1099 29756 33674 30952 44846 24093 44714 5031 8559 44824 6326 44950 44635 40972 9394 10599 1285 15599 9429 24032 6369 6328 6382 9392 24347 16765 15636 24394 48400 48639 24650 48423 23279 38058 38053 48862 15584 48215 15634 48846 29305 48674 41658 48197 48771 24748 25370 30675 48033 5818 1995 48015 37895 47929 6498 28442 18289 47996 48441 48142 34905 43770 48161 30718 49118 48650 48495 48791 49132 48550 28441 48916 24686 49167 30758 32352 49126 48904 47602 48813 11022 46887 40710 40709 10855 79 44870 16744 2177 15588 48905 13662 48241 48462 48663 15627 36710 24767 48838 2234 48812 48543 49073 42658 13327 48715 48104 30671 24569 9476 24977 15626 11899 38559 31868 24368 46876 24530 24712 31843 41358 30644 5629 30646 30655 29105 31771 48997 30611 46649 23478 11881 46279 18204 24491 1866 8718 30631 5770 24508 17970 24696 18275 47497 47464 15629 18112 15624 47267 30648 47648 47707 31714 47255 47512 47290 36726 24423 30696 29289 25033 30967 38561 31790 30656 47745 47469 47868 36517 24605 47722 47639 47531 47434 47730 38146 48039 47854 15631
228 44743 45313 43830 45321 47295 47239 47876 43187 43570 47000 44539 45417 44955 46548 42702 45100 43095 44458 45575 45583 43301 42821 43480 39133 42860 45059 45086 47878 46668 44520 46603 47410 47496 46304 43893 43622 45650 44175 47440 47072 43655 43148 45088 46836 45775
229 34278 20511 5035 18513 919 21182 4830 32692 39225 23576 22649 36123 17869 15558 4931 29657 11976 4217 4218 36445 36306 5036 17918 36442 8557 5064 36302 8562 17088 29387 36441 36467 36439 11024 5042 25913 4829 36572 16328 8235 16810 15422 15419 31600 16806 37447 37825 38043 4017 38912 7800 1127 6283 36414 16836 28058 38314 37519 18511 34855 37463 30535 30685 30696 18535 13392 30706 38196 15354 38198 38299 37894 24681 24680 38949 37513 38231 6371 40289 37579 41335 34934 14549 12240 41208 12378 31174 28166 23469 31171 1705 29013 42301 25262 24286 12259 18524 26242 29429 5678 40234 41313 24348 18526 14281 3144 6411 40235 40238 34940 1949 33805 22113 22112 24996 5711 15165 12896 29786 39007 3516 24061 44981 34610 12001 24067 29790 33455 3784 36314 7881 44765 40251 8654 29688 2858 28550 29680 1665 17955 6427 34884 18158 14373 36779 24033 10627 39053 19669 6157 6158 22119 1664 5043 28065 7826
230 40557 39768 20194 40914 20206 39377 39383 21029 48274 46084 11353 17284 11420 42384 39723 42380 39539 11412 41624 39468 40556 25443 20180 17774 39187 43828 39767 29231 39220 24664 3840 39378 20609 37484 40240 21549 39379 47350 11359 10762 11343 32237 22094 23287 11301 42385 21454 41841 39317 43350 38715 35285 39722
231 43481 29048 44477 30523 41043 44999 4244 44675 17575 43606 26423 17549 17562 15864 43484 45437 45397 17554 40762 25880 37317 22813 44445 17538 17541 43979 22353 25878 40154 35655 21105 29117 17553 4247 34264 29877 29378 25601 17561 40761 43483 25877 30350 17573 44408 12975 47428 2765 47452 38519 27687 47688 43642 22976 48090 15140 29858 48390 20883 25438 42729 44497 47632 48000 31071 47776 19410 41748 44177 21094 43898 45522 17568 44772 30105 43811 30838 21533 45599 33611 41069 43072 21415 44395 46573 19368 44135 41067 41068 43953 41045
232 10934 22623 39933 20272 34165 35903 40897 20008 34209 40207 33069 21752 35266 35293 36779 39837 33988 17081 35271 33452 23666 22584 35280 39744 40262 21650 35408 4858 22286 34592 39849 43998 33063 35260 33993 33992 22287 34519 33062 34503 9162 28131 28432 9213 23524 10521 6328 15289 8569 40489 46040 17722 5051 21754 33067 35598 21682 21185 39580 20288 39280 33996 35615 35269 33850 22016 33989 20661 31292 15467 34164 34213 11619 33841 33655 22351 22364 34578 33336 33335 30649 34585 20006 34581 34586 33719 22698 33849 1222 20017 15234 4956 1201 27969 32922 35617 35594 20233
233 24134 32856 44893 45072 30368 24103 28941 29216 41192 19670 43764 12241 24092 25533 30564 1078 34917 4365 14182 34913 4284 18992 25539 21175 3110 5497 2594 17082 7146 17095 24035 27926 12831 34015 25557 17096 1696 13152 5828 36733 29817 31175 37327 1953 25300 8920 4215 24394 31951 47953 42009 39437 4886 18532 23456 12372 14155 7913 1975 10265 19237 5241 23476 43045 20510 19721 8906 29221 20451 4854 18268
234 43597 42672 21268 26978 5219 29546 1286 29613 4125 3125 9494 36695 13276 18152 13346 5556 42663 1041 47328 42685 11511 18657 18188 23041 10696 48151 47539 13879 36713 36714 23039 46150 5759 46814 46076 42921 43310 46309 43426 43465 23040 16692 11848 15628 3108 12836 47806 45892 47382 47361 43933 47525 47465 9722 46725 47305 48363 15654 47822 32182 44370 36803 11835 42029 47138 9148 47364 47442 41305 45470 29567 48509 48543 48450 47360 47329 47982 42905 46145 47648 48558 46867 47925 46334 48614 47602 42662 43011 48724 44538 46490 42817 43206 45302 45958 45489 46376 48236 44267 48003 46999 46639 45326 4341 29632 19281 32662 1089 18084 10284 5701 5013 28671 44854 3080 48523 31156 45776 43244 36469 5714 31137 23360 18126 26483 6739 11640 14404 42795 9224 10694 7568 9486 26084 3090 20440 30554 42686 43437 29549 43624 6177 31157 19918 902 31126 35850 45963 36619 45500 47022 36777 45027 31182 45800 46870 46541 36774 1501 46987 47033 46615 588 46288 8703 22658 45589 46675 46247 31721 10416 46086 46477 32510 7644 43750 46364 48685 8985 22682 31154 46508 24148 45534 45070 44751 44502 46532
235 45992 27291 41870 39504 43302 14528 47739 48452 41571 47044 10088 42921 46647 6672 42636 41223 44531 46364 44532 6752 45509 1648 39160 38746 38777 28027 41822 42688 2438 46786 41839 14331 41831 13398 41802
236 28425 21769 28428 15216 16033 28422 40225 27327 39855 30823 139 21229 11591 42549 20208 20016 517 20920 28427 43091 20919 11578 21044 4135 21040 11608 21237 21042 412 20918 23063 20291 20262 11592 17729 11603 15479 8435 11764 39765 21551 42538 22867 39563 42567 8447 34575 8451 28423 14434 43120 14047 42429 20672 22890 20007 11410 33074 22891 22866 5485 31374 24430 29868 40035 11940 20863 20989 11423 42186 16072 22572 21005 5169 18749 22071 33535 22574 22894 21861 34168 22069 39646 10346 15580 26096 19793 32799 40564 25507 28429 34088 33598 23062 22865 22893 21459 6019 4213 15288 21390 20167 44558 39601 5375 14241 14299 14221 14254 14228 20666 39844 27340 11422 34597 42100 39744 4403 35892 27326 34089 14918 34172 34165 44306 34174 238 40246 14844 22072 39745 21460 11411 2874 42095 34445 11618 17130 13816 39749 3037 20608 27890 11604 11607 14780 16023 2830 34106 36752 34087 39647 22994 14808 36807 33166 34160 14224 39751 31191 46 5916 4 14258 20969 27336 33646 39547
237 35544 11197 729 35256 9578 11630 13410 21154 8114 16052 13427 11416 19233 21792 7398 19229 20983 3621 33563 20322 21939 18660 3627 34057 33597 3615 14783 18733 20977 37466 19305 3442 22141 11159 2663 2248 2384 33912 615 21564 7425 13929 6030 14375 20284 42612 11215 34180 3625 32749 24195 28661 40926 36656 11413 41153 6028 10007 8277 28398 34326
238 35467 2108 2050 2136 2117 30605 31775 38092 1956 2103 38177 38454 46866 30075 2239 2172 25339 5636 25360 39511 30411 29929 24781 37231 32017 23437 2164 2137 2192 20768 6928 5641 8712 38370 26950 13715 38093 2218 2199 46669 20762 2113 39138 6500 10767 29621 46760 17447 15692 46705 31950 24425
239 3536 34756 34871 3538 27067 16360 28632 24040 12099 14547 24024 4235 12829 14217 34752 20477 3226 23542 25630 4361 964 1577 3925 12226 41566 4348 35851 7864 16337 1277 25597 23994 38013 1595 5795 41323 31726 8148 19743 36818 25559 31338 525 7814 35839 13111 20074 997 20525 12733 855 18032 929 34487 1083 4142 2580 4030 35845 20020 4894 12882 4002 14163 41161 25543 20514 25479 7030 14686 14231 3036 21223 11011 443 7790 5237 3496 13311
240 47675 42630 43931 44003 43310 45500 46409 47014 47780 46134 47066 46691 43542 44817 46064 46286 46465 43050 46189 47453 45890 47531 45092 42809 48433 46869 44887 45119 48456 43789 47069 48726 46929 45936 42808 42622 47333 42628 47296 48292 47525 45043 43456 43697 43348 47539 45225 43465 45953 48239 43154
241 2252 11140 42745 45444 5978 39797 32927 43229 8378 5980 786 26005 5986 39687 582 20374 48153 14586 44996 45441 25465 26262 42659 22538 42880 16006 42653 21079 42650 42646 42654 42648 45839 42657 8245 44162 39402 27356 44825 46487 43513 26060 16490 42769 13738 12387 20079 7733 8422 42 7760 45662 9865 16118 33208 33210 22030 20168 20377 7450 3470 25641 40690 16416 10263 3042 32821 25614
242 41347 26653 15793 827 12422 18231 7813 27187 27972 14155 20602 14637 4073 26516 35013 1056 4596 15785 14250 14405 25812 40772 29196 4216 24357 23435 5862 44063 1540 6578 12260 24204 5664 26251 38320 12252 35194 32913 4920 17317 12437 6560 29678 37872 37926 37633 38210 30212 31084 19603 37902 6557 1768 37937 30289 30290 8937 11862 24533 48692 26136 1985 14017 28883 7010 30214 40266 28478 36637 29187 1049 12729 679 10560 6819 12911 5030 36410 17053 17075 40566 36423 16969 7584
243 32834 28778 31718 11240 13569 9691 11182 45526 32333 6493 33391 15264 16927 21821 11230 11155 11209 11255 7321 7668 9759 29813 11206 48787 28174 23109 1864 38381 3352 6474 19002 25387 15152 847 11550 7282 29207 36936 7174 40380 30839 38717 26741 14455 11293 41014 9910 14855 1064 41010 41013 41012 41172 40691 26246 8948 3154 30306 27227 7725 44734 35969 2929 1372 29873 29808 26725 2371 41116 19010 9897 2933 16948 40669 40670 2784 42197 1609 14605 27455 40381 19223 548 12656 15207 27394 31292 2950 17298 17392 7365 36038 27204 27458 386 2817 1282 44119 37278 6225 41015 30271 42652 30787 21401 19774 11210 17952 2421 7980 15242 12552 27435 26672 3280 33606 2348 30308 31884 36938 12563 11561 31414 8350 7316 1666 40311 31909 31772 36838 21212 26150 21592 26709 27461 12318 37552 8833 11891 12058 28737 27620 5229 20643 39432 33322 15769 22208 33982 40666 26876 28250 12541 28083 24184 37183 32064 31584 26714 14210 8385 26151 31515 17455 2611 29811 28334 24969 18628 23537 8008 5833 29480 35196 12271 39184 13457 3164 20099 8914 17179 7191 43451 37507 44771 12428 2346 32642 7978 25473 28295 22873 22874 20210 9636 12837 26129 13869 11246 9914 6550 28259 22789 1141 301 22822 4834 26119 34276 28665 9746
244 8720 37583 12287 36370 34909 35375 6592 5098 31701 35374 23477 38416 21482 38422 41576 39264 5765 24950 23491 12242 29305 36411 39257 39070 4105 48692 6389 6455 37687 34213 23742 17955 14480 20468 36738 37359 20510 36719 6582 1114 5597 41206 45879 37688 38638 12869 38536 13080 45610 30367 38639 37689 34905 41566 851 10776 38019 38637 40897 35406 23565 4242 14485 14484 22990 29937 4413 37054 42256 7867 29346 4216 8023 23563 10390 5942 22639 6262 28380 1181 27083 14479 22485 6788 40787 12787 34674 3520 4868 16301 27597 9277 4990 3094 3692 9995 4924 8054 28023 6422 40837 42160 9993 1556 40976 48707 35270 29950 48979 12137 24203 23910 7344 12145 6189
245 3469 42361 31915 39660 3428 39171 39851 31912 21665 40223 11656 42185 14291 24294 39302 39170 29 37452 3243 15085 2717 32383 29555 19921 18944 917 29209 42924 46910 41942 38774 12062 39023 32260 39118 38436 36490 39741 15458 32245 32045 32124 9040 42134 40187 42140 32044 12972 27624 39742 39644 18337 40288 32037 42204 31461 3127 18750 42164 42393 26109 42169 33169 39793 7037 11126 21265 29422 31548 37286 31571 31930 42139 7167 31532 30562 40964 22591 42792 44619 30515 16062 13896 23033 31413 31415 28573 31416 31418 31449 13876 12944 42234 30319 19956 5875 19958 31457 13503 33573 28810 42543 4043 42187 11653 34943 21779 20245 20564 28189 40132 16200 31505 42406 42257 34037 39181 16130 14728 30092 43044 33608 21781 21668 39578 42236 3681 31910 16438 42231 31905 22121 31902 42415 40985 31880 23177 5069 488 28535 42402 14938 23495 33904 34433 42507 20139
246 25308 5826 25300 25269 40318 5790 25306 29293 3883 29283 29451 42313 25267 18766 37868 25020 31391 29259 39393 39420 5839 31679 12180 25793 11911 37382 39397 39390 5746 38622 25034 39396 39430 42305 39456 39392 24997 13171 37228 40329 25791 26316 38657 36369 42310 38619 41299 37867 38620 25796 39426 16767 5778 41515 23886 37970 25794 25797 16769 16768 37033 3736 31707 3739 38123 15347 37657 16777 16308 25296 41530 38230 37662 38174 3737 37511 24522 38623 24643 37878 3639 38274 37052 23894 23887 27412 37881 35805 5842 23903 29312 3740 16775 38097 3738 33649 37880 39261 37981 37871 37873 37877 37946 25801 37874 39461 37879 31757 31665 22760 23881 12381 23573 37501 23560 3719 10983 3537 328 12732 14048 33358 40269 12743 14483 12882 10972 23900 18929 14030 23610 23614 39027 15742 18940 23619 3715 10976 22285 6084 3720 14029 3727 10961 38984 32677 33171 40679 40680 17195 33867 13939 21521 21522 34060 36411 18960 3694 35928 22148 7722 26649 626 35182 12705 26740 12709 26689 18987 26750 22005 13143 8906 12707 12747 7982 40587 26633 37581 4158 25330 16998 25273 30364 34683 40300 23462 4661 10943 12906 12349 28549 41297 16370 12777 40238 25262 24996 12257 36660 11746 12335 12262 5688 7054 36337 39050 38563 8033 40302 21074 5571 25000 20069 27076 21075 41235 12384 18312 23435 17936 23438 39049 18948 37166 12230 11021 20804 12138 12203 37167 1505 27402 1540 12241 12647 7972 12653 12163 23663 34767 23367 3726 17084 17066 7285 17036 8067 12092 17041 5406 36238 35248 37621
247 9878 36635 16286 5057 28901 28221 16644 28287 1302 12732 4233 8023 35123 23942 20458 40839 6965 9305 11704 28310 28225 35209 5068 26862 18230 900 6729 12761 22033 22034 26798 3343 26793 6945 26746 12746 26774 26732 28208 8013 10510 986 17829 5552 37581 1074 36673 9710 36788 1131 13852 171 1114 6674 29909 23516 4984 29754 6248 6221 25263 8011 15936 7382 37586 37578 6520 8015 45492 37262 6556 29707 36652 43762 44564 36810 8054 6883 28376 18152 10368 1359 28892
248 8373 8371 34712 42973 34709 32560 16903 34695 43175 3033 40894 1539 9839 44450 39626 11263 12742 28032 35817 33454 33168 3479 44471 28037 21936 34517 35823 15898 30344 11175 44791 27857 7636 16461 34185 40708 5321 35163 19245 37456 7715 36224 12183 39095 22107 1349 41330 44210 39561 16929 37065 38564 39771 32530 30873 32536 20407 12891 42220 13568 39474 39475 42219 5798 27976 42227 31582 2435 28823 17192 5670 905 39436 38397 39980 6049 35973 31293 6002 22242 34282 4896 37067 35263 39780 13350 8146 28417 40492 24245 274 40174 37469 40491 39245 20427 14582 15653 6454 20462 1515 14563 1458 39625
249 28132 40260 27838 43894 11437 15941 11147 39316 21320 22871 44487 30817 29409 35848 13465 36636 28938 13429 33742 32947 43765 43287 35700 42534 15926 44148 33235 43195 43345 5104 43858 43860 15914 43844 43383 22196 25898 15928 39801 43768 20365 22794 39596 44050 25897 8004 13009 15931 9616 11132 41 32760 43505 19766 39 728 2249 9947 25903 2381 299 16866 28102
250 29759 45717 45124 44263 44467 45706 45497 44856 45515 45384 43597 26101 35588 17124 3918 40510 7742 44644 43590 32608 15903 28033 33658 44889 45295 40923 46489 47129 46772 44355 45934 43983 21770 46673 21327 45536 46888 45181 47167 39585 44976 45489 43425 31886 44935 31703 46376 45763 5783 43931 46441
251 48897 49172 46393 47321 46582 48150 46920 45470 46316 48931 46389 46379 47554 46233 48466 46609 48866 48673 48971 46854 46030 32277 46454 46939 46596 41837 32537 46950 45538 46940 45151 44409 46932 32367 46716 47424 42793 47795 47719 46275 13349 23067 45985 31148 48686 23146 45977 46154 46318 46511 46672 46524 46478 46321 46273 45951 47425 31486 45736 46671 45625 45381 47910 45611 47826 30837 41556 48210 45983 22262 47786 29098 45210 47629 47834 41625 47652 45495
252 41746 46938 38758 31482 36879 43698 45574 45795 47457 46529 44480 47324 44630 48113 47441 46902 45691 45882 47638 47572 9490 47681 47901 47486 44795 47581 46307 45317 30376 45484 45255 45738 45453 45407 47931 44289 44517 20276 41794 48395 45117 45859 45773 45910 48789 46292 48376 46346 44951 26992 46156 32252 46184 32242 46175 46164 46192 32378 46139 45945 43037 46099 46188
253 3498 27904 44509 36679 462 28796 1288 16098 14272 3364 36604 40476 36479 4817 37071 22801 28623 4307 5564 23983 1170 24005 22746 7577 37162 19596 28933 4128 33884 697 19929 26072 24654 29716 1546 29519 4869 25847 15162 45576 30954 14099 30042 42047 41163 40331 2120 24634 38891 36195 24081 36481 36734 38349 34917 4421 4349 36895 44129 35315 13362 3120 12094 8434 44464 41031 5575 5469 8619 34812 40913 19677 19680 29504 33254 9477 1537 24048
254 3022 29192 22759 28547 12351 35227 19935 1499 1669 15093 29197 8189 29513 36973 9212 33177 7144 16603 34755 29201 42739 17089 20472 4066 5551 40150 17058 4000 4013 19993 23999 44396 39597 3534 29231 29239 6431 28702 3089 8458 30141 710 33079 18562 22748 30154 23796 24332 35382 14552 23954 12218 12905 28686 24247 29242 12142 3753 36223 39715 23911 29442 37273 13020 23909 8579 34752 16366 45787 22302 42928 10428 40409 32590 10883 24104 40212 40808 3118 33866 20517 7734 39618 42609 791 26602 14803 10508 34926 42771 31243 10743 29247 14554 10111 7416 22012 37780 19295 22899 27416 1811 3495 29816 33974 29312 21271 35324 33681 34907 19240 12817 35845 4082 34029 43452 35102 35330 29368 15276 16064 35941 11006 40801 21835 37107 10084 20216 16751 34566 5304 10123 43476 31332 9002 10124 1095 1289 11008 32712 35326 34728 9211 36978
255 49060 48053 48981 49140 48922 48719 46953 48543 48743 49008 49023 49024 46984 47444 47908 46453 46691 47467 46764 47675 47735 47929 47280 47125 46420 46219 47780 44817 45608 47539 45358 46435 45215 46503 46719 46674 47023 47104 45947 45803 48907 45627 48577 47057 48556 47361 47442 47512 47618 46797 48596 48101 47354 48223 48433 47066 48032 47328 48598 47540 46181 48055 48468 47390 48106 48838 47536 48054 47750 47847 46943 47448 47677 47568 47887 47715 47806 47928 47945 47779 48107 47805 47648
256 47968 7105 6460 19965 37305 37898 30731 36121 16525 30730 16253 1408 10613 16746 30986 25387 24165 18170 43375 9395 19695 16734 9393 9413 6419 9439 16519 24014 37355 5002 27390 30725 1535 27380 4363 10585 18015 1277 6371 6319 39756 40824 9368 7583 10631 9945 6853 16452 41084 9588 1456 4889 36232 9438 18323 36226 36227 1457 972 29881 29879 29385 16518 30609 23938 6426 9412 8191 15157 9542 10394 20501 6387 36230 24610 29880 12150 10633 3424 7943 13746 6048 30232 34180 32875 21384 21999 7582 11975 34905 6278 13334 16674 5116 4059 34299 43235 13056 755 17857 32743 43009 18013 12402 308 28308 9400 35202 26537 4863 14050 12709 18042 7566 13311 19866 11605 12758 703 34364 9272 32703 32661 35014 9410 9312 3871 42889 13285 6345 18554 43227 28244 25571 1161 17885 7345 20420 12876 13286 16654 9364 36300 18552 43721 763 6484 12360 11908 19514 6283 4864 14029 12476 4932 7852 39634 43586 10568 36231 34770 30418 39347 8154 38662 16534 11916 30610 30618 41245 37710 25040 37114 37707 15483 23273 15688 8069 16528 24714 35372 1839 5485 25025 31390 8178 38548 6480 16532 29463 18551 6490 37899 31737 37052 39137 31961 23344 20021 9443 40826 31392 19982 21209 21208 15707 9030 9293 9792 37343 41541 11795 41966 24589 22153 30654 19708 39669 736 38565 33609 36219 566 10721 6302 17994 36786 19284 19724 24298 39754 36127 15608 33163 3609 38539 38566 36220 35910 32511 24230 34573 9626 23402 5676 30912 9533 12443 28226 1819 39173 27278 9331 10716 1409 36228 9565 12822 30617 22966 36229 28369 24127 30258 29419 2008 37476 37412 28044 23387 23388 24231 3513 15482 17151 42557
257 38867 42050 38740 23291 14084 11394 65 11351 27843 27349 42777 28498 11346 42052 41820 32397 24467 11373 41779 11335 42407 48587 11403 27344 11358 48938 11380 13588 48382 48821 27353 48691 48214 48364 11370 38797 41328 48571 48474 11399 48396 11396 48313
258 16749 15596 33061 33994 21933 22198 35891 44557 33058 40075 33057 8378 10953 34577 22695 35887 22197 13227 43475 22697 4700 33068 20861 21394 5467 36028 22696 33449 6057 10217 21713 36030 33064 33332 35633 13017 21980 11869 36394 25906 9095 5170 35826 6858 6325 19969 9131 35890 16250 22190 28003 18254 40596 22191 5118 25872 41357 32265 36744 39093 25871 28952 33202 42553 25908 7708 13266 17785 33545 25913 6020
259 46070 45933 45953 45960 5867 44279 43517 46206 41949 46006 46622 31200 44573 49181 43492 44505 44912 45802 45711 45930 45938 48923 45416 47934 46438 48432 48853 45851 48561 48810 48586 48878 48559 47630 48593 46155 46281 48546 47958 46978 47081 47326 43927 47258 47333 47184 47762 47936 46652
260 28491 38483 27342 35720 17423 23232 29438 32458 15956 32451 8978 24436 26224 27341 30776 41342 23111 11249 2862 39182 40242 41341 39181 26993 11518 26996 8966 45937 31997 11512 23312 48638 48064 48227 48372 41962 38861 11344 28474 48952 48920 48634 48633 47950 30766 41821 32492 38751 41781 23293 17773 41736 38799 25676 11331 23331 30021 41819
261 17314 26002 17808 3033 4134 32028 26761 9189 32598 35990 13249 4338 35119 32611 10150 44397 14262 40383 34329 22307 33344 32552 40140 40124 10370 12496 43891 43748 43745 26038 21578 40654 3177 17283 21595 43910 39079 12430 26018 5348 26046 17836 43518 40388 1153 5345 10080 12453 32544 12409 26035 16014 19670 36340 19694 31195 1733 5454 6282 4201 13128 18521 26745 17918 4949 36111 20498 1290 30410 17960 31180 40398 29550 30893 27575 3058 31315 13196 35995 26067 34720 26057 42556 20310 40387 12791 34916 34857 24030 11717 28017 7033 27978 10074 5460 34945 7648 33217 23037 730 39082 44490 35997
262 35875 12913 12113 32557 1015 32714 2326 32955 35882 16961 8830 26887 12048 12621 11564 16947 11524 11558 35334 2968 27800 2937 35247 17323 26273 9669 32956 32562 11534 19875 21893 16524 20100 17285 6971 3359 27173 40527 20775 35877 12084 12898 27622 17379 32635 40818 20704 35217 28844 26749 34032 33764 44582 18953 18957 8773 35730 29848 26873 34916 17210 9787 15063 33969 32642 17368 32623 21333 18885 26779 19601 27451 20710 12970 12125 14260 13968 39950 15840 760 11777 19932 122 18607 27260 27615 44586 11562 20215 8796 5622 14297 3274 6956 17357 34256 7312 35879 34510 15828 477 12054 4325 45315 12824 5505 33751 17346 21401 6407 12043 9612 20959 11548 32895 18599 33900 19551 26274 27612 34710 21365 34509 36632 35248 26275 32863 18646 44809 16949 32884 13958 5583 20707 42167 27146 14993 35607 19623 9420 34512 11522 26124 7337 32628 20241 16543 20776 19268 33763 33488 32954 16547 16544 20354 39034 11933 1225 9606 7367 7252 33898 18298 35047 14275 14747 6967 33709 17331 36760 27243 40866 4799 6906 27604 39869 39086 16021 11537 16545 29764 20774 33173 9729 26276 33754 11529 33706 12095 33708 27614 17274 18589 18612 43779 10315 218 1512 35106 29355 17359 34382 29493 15012 28268 17376 6912 7020 33971 33307 21791 20713 8856 20709 29847 40152 34391 34016 12598 26191 12909 12520 7321 931 9615 34398 5527 17366 33562 9032 18962 27437 12042 15013 32892 11613 7231 12049 11536 2849 29352 14602 15020 26209 4191 268 44953 5376 12073 26207 33964 18102 35803 27447 5526 14407 26195 36538 20722 11531 35728 3349 33753 20645 17291 7007 29708 14273 33981 28347 11547 15835 21331 8806 17975 18610 20700 16952 18614 18613 18616 35731 8053 11539 11623 18603 724 32840 19011 331 15838 8803 39629 9613 34024 41019 18295 3354 33941 12031 33151 36577 14110 17980 11525 44258 14607 32957 7260 876 800 798 797 877 1193 12067 20723 14620 474 473 28317 14608 12490 32896 8066 35241 11551 13133 16944 6913 766 35464 14118 32891 32897 26803 9732 33972 28341 16940 28309 32888 418 8810 26790 8778 12756 16959 19915 20240 687 16542 44583 5508 6955 16960 6939 4411 11545 32556 14621 7166 20771 947 11566 15827 14619 16958 16956 503 11541 27609 6963 34027 5393 8843 26889 15262 1341 12892 7669 36851 14279 19474 20644 725 19478 26170 32951 11535 11567 17979 34374 11556 34159 7221 7220 7219 7325 26888 42443 40880 7316 27610 14648 14646 14645 14633 14632 14650 14651 14631 7249 17079 36934 32549 17406 7248 32637 14649 26225 22160 4971 13134 16936 16955 4406 36007 19454 9730 34378 44361 27205 40881 26869 7306 13141 13975 9692 44754 1283 12764 27607 27606 40883 20773 18363 3248 35349 35346 5482 29494 9924 36759 40879 35344 14399 18643 12050 27183 11533 44585 19839 27446 7366 18376 33315 19855 12057 14031 12051 11528 29908 14917 6902 22823 44205 11532 35352 35883 11521 35179 35876 40882 32591 26190 26189 26664 16540 5584 16946 12554 15253 19792 35343 20387 44562 12748 12041 17982 17287 35878 11527 7362 18104 33313 19893 40820 1414 11542
263 1891 28296 28292 42061 758 33274 756 30049 816 31657 9596 1890 26220 30009 1888 1889 33273 15811 9597 15804 15808 37312 9607 38427 13366 2154 30052 15810 15817 13558 9604 29212 30053 46394 757 28297 29991 9706 30010 28396 13560 14939 26731 39140 26223 17985 26628 15038 13351 129 20958 40382 42062 10345 8925 7691 8941 8924 30084 26748 8942 42130 31753 42058 28389 15809 11895 8943 30257 42129 15784 30041 15807 13437 42131 36826 13501 38656
264 38046 15296 17624 26018 27720 19073 19089 36568 28530 19094 19116 28783 4505 41967 32784 8724 42305 15291 41964 37510 19137 30668 19391 19403 4504 19386 41884 27715 29461 37915 37914 29297 18416 30591 11924 25005 17684 15727 38123 38109 34537 37498 42310 17683 19405 19124 37953 25069 25070 41955 19999 31628 19109 9467 19379 37909 19092 13512 25071 37786 34544 39295 19395 21371 31629 10754 19346 27708 17653 19127 19125 37502 24473 38554 19381 41966 4501 20876 19378 10738 19373 41963 38032 21639 17617 17675 30694 37946 19096 33650 31862 4430 29165 39233 15290 11897 30594 21077 24493 38522 27685 39210 37414 28087 18415 31101 28083 29166 15529 36567 9476 28077 25004 17647 28081 36259 29163 19090 5801 38033 35654 8723 29164 8981 19396 25134 31051 36925 10759 28075 20888 37654 29275 28781 19091 17645 25300 37596 37516 37645 25061 19399 31625 37647 8989 19072 10753 17642 17619 27881 30467 10619 8725 31623 31441 4560 4564 37651 17652 37652 35913 25060 40332 37648 15625 19384 31624 23524 29155 25592 19115 37908 19079 20875 47167 37497 19081 38524 19402 20062 4460 32469 27711 38446 31622 27421 20817 29462 19038 21149 10597 28678 9436 1184 21289 33821 14850 43235 34146 34520 4094 36295 20881 27491 9385 1260 22482 9413 6969 42493 16450 32861 43990 4462 26044 19046 43614 10590 25986 40996 918 21287 4495 29507 3941 20889 28682 9369 2974 44194 1261 9384 9379 19201 28616 25663 5860 9370 27828 26415 25870 27832 20818 30716 37650 37860 17688 17558 32500 10588 17676 38117 34545 19097 21637 29318 13025 25603 13521 20942 17528 21427 26173 17632 25077 13872 9452 9382 4240 21124 43835 22357 32722 19111 33160 11981 37494 1206 9426 17326 14215 39908 12978 25983 7888 18304 12025 42853 41130 34061 4644 1258 35705 33586 18326 23906 9442 39795 4513 18079 3131 1264 17651 21624 38036 35914 38168 16536 20877 3853 31018 38150 38176 3852 17670 25076 38227 18429 1479 12108 21895 9441 9412 35126 9451 29188 22720 10599 4604 14512 21112 4452 1262 12979 4552 25486 20150 9466 35127 15849 19508 4479 9116 25989 35125 1255 4573 20830 17573 25721 7867 16356 39842 19047 25996 1249 20674 6657 33112 18484 9396 4572 25997 9398 15474 10674 4496 36597 25969 22483 26442 9473 32550 17579 42797 19093 37354 29148 9546 30577 17610 27073 13106 9543 11365 4582 19735 4544 31037 41243 37181 23391 25669 9530 3675 29150 19062 15546 29631 19375 37389 29151 37392 19374 33648 6658 29149 37356 20068 37606 17585 41203 9545 36397 9516 4446 17586 29146 10697 35666 4497 37716 17591 35669 4578 15167 29144 27070 27389 17606 31027 41066 15495 19344 3842 19204 29147 17600 27819 31167 25666 4586 37024 19197 24224 15491 41000 17613 12224 4630 24241 30580 13074 29448 37391 26441 7608 24361 20887 30587 38514 19198 34535 38513 37636 35671 27783 24396 20045 6643 38512 29472 19380 5788 36339 40304 29118 9549 26438 8980 19076 4515 17611 15963 8979 38497 41321 3750 27673 9547 15876 29156 17597 6661 30592 15518 19216 19510 36885 37634 17623 35910 27411 3408 29145 41137 30433 15553 4426 46126 6659 3848 31861 9300 9565 37397 30576 21368 29152 46055 21832 15542 46314 39401 21063 13532 34346 37631 35682 30418 38510 30502 39290 8034 26444 41320 37628 17618 17603 30574 15720 29157 10710 25883 36091 25670 9509 19345 17587 17594 9795 39289 35678 21262 19066 41282 32371 37639 15444 29016 40293 37632 15619 35426 23432 34349 23242 31735 17595 38516 39796 17615 10737 30195 11388 30147 37635 30435 34789 15848 34347 19080 27821 8976 20816 8140 23522 18396 27692 25028 31045 37493 31048 31032 25073 29158 19994 37260 29153 15536 25131 19074 19368 35165 19205 16534 19070 15721 10728 25133 24448 37642 17646 37390 28074 31225 27702 31620 25703 17581 3847 41001 8996 29291 29260 27705 41326 31732 9518 8977 19086 27693 19056 34350 33931 34443 18393 28082 37706 17602 17604 38460 37495 10740 14183 30657 12379 8889 27548 18470 17983 39636 3839 4569 9468 19206 9506 15873 29140 10726 29141 18081 24226 19964 4574 26440 29447 7641 39322 15610 27815 19674 27816 25884 28231 29162 29628 30874 9450 4465 19277 19372 17689 34395 12205 10718 9495 15510 12665 12895 33414 19688 29142 29143 9529 21100 7598 27818 44064 36850 36800 4470 4500 34763 26429 22403 4472 35482 40768 9107 24195 23517 17601 29159 27698 8991 4448 13317 9536 30800 10682 19041 21163 12138 37323 29500 9478 9474 37406 33958 19113 21380 35962 20929 20151 34900 13082 4468 24474 17705 25079 1263 25164 16315 15630 25084 7600 40997 39237 37785 41953 13543 19159 10699 17701 31637 38122 19997 30690 13606 31863 18436 25082 41956 18432 13513 35744 17662 16781 31631 39236 37816 18433 41641 27812 26388 27826 23919 37799 21614 20824 25156 6473 3855 19172 38063 17712 19170 37845 13612 16797 19167 38341 38348 39276 16539 13667 19146 13522 18447 15396 17576 27652 19143 21621 25155 17711 17715 17555 27722 27672 10468 4593 4595 17716 25197 18464 27691 31641 30752 16800 13291 27725 4599 31650 17707 30736 27773 5337 21617 19104 27496 31635 21629 17533 32979 18335 16860 5380 40811 30746 26183 2203 31630 37849 21611 31647 18463 30709 21623 17654 21615 35147 35912 21635 17703 31632 32787 31634 17680 16310 41897 19355 20826 17677 6481 13678 24818 13541 19133 24804 30604 25444 31648 19171 16836 41980 37788 9798 19149 38354 32323 26185 37800 21616 25081 27774 13673 46609 19144 13676 9317 9316 21618 32312 9308 21613 43466 35699 42894 10557 20389 35981 17650 2949 4473 9302 21627 22606 21122 35068 4471 9328 27501 16376 20813 4773 14740 9324 25160 21626 10563 2685 43185 9320 3106 9327 26393 8186 21619 17530 43567 43519 27497 4469 40911 20872 19952 26021 21634 27492 18324 32727 20811 34246 35743 12983 33582 21633 42404 36642 35087 21612 21773 21669 18325 4486 3666 7819 26833 2884 26367 17542 21620 33923 16331 19110 42403 32720 4449 39909 10375 13539 24747 19147 10545 13686 10040 35069 21872 29169 10044 35659 30745 19202 27738 13632 21140 32609 25167 31644 13671 3680 24797 31642 38062 17690 17663 19126 16806 19134 25235 19105 25998 13622 30601 27751 18461 30742 29168 13352 18456 19960 13711 1253 22502 19031 19183 2278 37796 9333 6649 9286 9345 15841 43165 1111 43353 17661 19132 42268 31638 25866 6768 4485 34370 43268 17706 13535 43318 17911 9332 2996 33579 22605 1112 26392 40111 40827 8880 10110 19421 3669 19103 4440 21107 42983 26005 4463 35656 25608 26003 4456 19957 6066 15496 22669 20951 4095 3663 29154 25605 34265 34353 35653 35657 4478 4476 19961 22744 26008 35737 18025 9268 35067 10608 43051 25598 21095 33788 19185 25995 35088 11969 33212 26588 4480 33412 26380 35651 35062 6789 16436 4461 22689 22633 35074 40770 9077 6603 9966 9104 9205 9122 26508 26379 7070 25975 35450 681 9978 42544 24 22254 17912 33871 9859 35453 42785 35736 33411 25985 25984 25987 42552 35650 6200 43226 26386 4475 14160 39599 17531 26175 17532 6227 31646 19383 9777 35380 9705 42258 25971 4143 35660 26396 19962 21631 13540 21628 4438 14171 4434 27493 30596 19808 21622 4594 33610 40828 10070 26004 14173 35742 4467 27494 27674 27139 20808 18576 4598 3667 35295 27833 42417 21109 27495 4090 20136 22760 21430 4097 43217 19951 9281 27957 35484 26636 35296 18469 25602 43249 35529 20880 19106 43137
265 46974 48077 47856 47430 48292 47373 48252 48351 47804 44768 47378 48661 47694 48924 48742 48947 48536 45146 48301 48949 44827 48766 48831 47065 48317 44773 49006 48718 48632 48257 45155 48523 45942 43424 44463 47601 46374 44276 46988 47398 45988 45628 46366 47157 47914 46444 45860 44957 47941 46691 47386 44337 44505 44800 45459 46843 42882 47848 42920 48022 46069 43981
266 34187 39059 36719 29292 37587 37264 11734 39392 39390 29014 37033 12136 4355 7638 16353 38966 22664 39101 23994 39011 37547 39047 12274 36254 27397 29718 26331 23341 39048 31329 2529 33132 36920 3721 39224 37574 10463 21070 37107 40302 13111 23760 37865 34189 39431 39428 11899 38620 24133 29282 23714 29251 20470 22676 37055 34771 24095 36253 12856 38174 38612 39396 37867 31575 33184 34773 7602 16329 3417 18300 29293 37880 13008 10602 39005 3738 37874 16893 37873 4391 33004 37878 39203 3935 24211 11658 34194 37515 24906 37881 4016 16799 15347 3535 39001 2605 4278 2601 27132 4077 7811 4315 23551 4296 39028 38993 39008 11679 38992 39863 3740 24902 1643 23547
267 44895 44998 42681 46493 43290 45816 44567 46580 43966 44062 45954 43547 47258 45844 43927 46385 46215 46714 47698 46272 45852 47526 46442 44069 47407 48200 46315 46299 45062 47773 47558 43349 45915 48608 43264 47706 43626 45760 45774 45558 44979 46142 43736 46319 45700 45723
268 6548 7360 25865 1048 29333 17032 1275 12842 1106 37909 34014 2253 7987 17088 28712 7274 28446 13845 25712 4096 22705 1134 33173 1130 17027 37151 28377 34268 12832 12498 5076 29102 28305 2995 2252 2996 4477 4315 17084 17856 17014 17039 29708 12110 17067 17069 17081 17019 17022 26389 30190 1354 12873 27220 19457 16990 17047 17101 38141 12900 17004 16998 17018 29694 29692 16966 1080 16972 18045 13184 18744 38223 29697 36992 36993 29250 30188 30185 30192 12697 30168 31391 29256 30196 38613 17015 41333 17378 15324 38103 38110 39252 29309 38123 24644 39464 15336 15323 15304 30186 16769 30162 32786 5805 36657 38115 27426 15317 16774 6477 27413 37946 21369 12689 40234 31653 16984 40238 40266 23415 40235 40232 25596 30158 30164 30163 12262 25270 30131 30130 25292 12312 13068 38531 30161 41262 23463 20083 12336 25305 30159 8733 41182 34623 23445 38634 30132 30428 35800 35799 31658 12277 13169 18047 31257 27425 39261 40318 25269 25329 25318 25300 29265 38615 12369 31764 25323 28513 39421 39229 29270 23255 16758 30207 25352 37125 29293 8937 28516 38572 17049 18048 37937 11723 30134 27697 8917 8034 28582 8930 31664 24996 30133 30181 24959 15517 13157 36995 30189 30200 37128 30066 37926 29303 28889 37659 24497 13934 17026 37973 38272 37934 15292 37152 37932 37921 39358 37942 37966 37033 37499 37925 39336 37968 31797 30208 25010 36368 28432 38621 42004 42009 42001 29297 24590 24609 25794 37919 37911 42312 18741 29295 16766 39366 16779 38209 38174 38265 16777 16308 36378 37951 30065 15327 42313 40992 7593 43791 15320 15345 37507 28723 19463 12620 3841 8929 17525 29773 12606 34774 29199 7667 7679 39038 17007 1556 29258 29768 44112 24118 38226 29703 35250 38617 38327 15366 15328 16797 38339 16788 16783 37521 15384 37508 15406 15362 15329 31593 15413 16806 16323 16320 38253 8060 38208 1107 4634 14131 10684 17013 17050 44369 17074 17012 17070 39260 16987 17037 16964 17041 16986 16997 25262 18043 15371 35579 16970 7663 8070 8071 40290 12777 36337 4601 30022 39050 12696 39288 30139 1696 36693 40772 36821 30144 20788 30154 33777 1479 30151 30148 39025 8928 7223 22113 34933 40231 3144 36827 30153 30027 12897 29221 8913 41297 34182 13166 42232 36824 30149 30150 7705 8039 12219 12221 12220 19045 8037 12227 37621 29997 12250 34926 42233 8068 12138 13128 12917 19620 12284 12853 10727 8964 12109 8966 18310 23462 27865 13181 12895 34927 36088 12245 36084 12163 41152 7972
269 30366 18169 12199 32412 39354 24859 31573 5825 37637 23687 12327 6569 29198 7692 6762 6761 34496 6822 35137 27505 1525 34839 6755 40992 18167 18172 23675 28372 1517 8596 23711 25926 24094 6419 12874 6573 29202 14096 1453 27531 18180 12158 7815 17393 23732 16354 4513 17891 7667 18179 18174 18176 23755 18166 1487 1155 29711 25721 3222 29197 26215 34756 6743 23705 10993 7865 16356 28649 6565 6559 17372 4511 18159 40991 6514 3180 18136 1584 6758 25723 35237 37054 29787 25910 3524 24123 18152 24061 34867 6566 40990 6513 28555 7305 1238 28383 6572 27855 1473 29679 29885 37621 29751 24093 18175 29750 29714 29789 27538 30136 24130 29618 19710 13093 1601 18149 14144 36686 29775 36253 42218 39029 35138 29713 22988 1403 29740 12897 1461 8057 12105 12151 18192 18183 29729 29723 8620 30792 35194 18182 29736 6765 19669 27502 6189 29730 12193 19686 28376 8024 27515 27508 27514 27509 28551 28554 28553 12620 1477 6359 16364 16357 36809 6760 27395 29702 29724 28643 24088 24121 4419 6571 27396 10632 6570 19734 27518 23720 7892 16358 18165 16338 11002 25665 21136 1292 27926 4506 4388 34772 16346 1607 24899 8585 1471 29693 4492 28449 6548 4418 23549 7369 23658 23620 1319 12785 27524 4197 23525 23681 18143 5406 23648 28377 7607 17884 8002 23678 29658 29182 38980 26340 23545 23641 12924 34331 17879 6835 1352 36299 29655 4385 27686 27683 17106 10949 28912 944 19247 7854 36455 5059 42097 4132 23626 1412 18939 36465 4317 14551 4359 1178 23616 36504 4372 35360 36291 3935 20471 28118 6357 2608 20049 35075 18942 1371 6736 27385 12154 18940 23633 4570 4555 35103 21121 27679 25664 25653 1080 23627 13314 18941 36560 20457 8010 26345 18162 27528 25921 27510 36435 6753 6326 6739 6748 29659 6551 25919 40895 14105 6745 6737 6740 39005 6821 18145 4007 3645 19935 28990 18160 12914 18333 6515 6754 29354 18148 18146 12804 23548 23721 6750 27110 27109 23546 7878 16341 23584 12929 1230 1179 23701 21180 35668 7606 19908 3497 23587 27503 23695 23604 26339 28790 29183 940 23694 29666 1523 7650 6561 7871 23703 23659 6749 6555 23688 29684 23672 10969 23689 23673 6751 1562 27108 7353 27383 6562 12089 27137 28552 13095 29681 27545 36525 27523 31238 23808 39336 31328 23415 16361 38413 23810 41281 12310 40081 12261 27507 38487 16371 37353 25935 21372 37576 23759 29721 37687 37575 12319 36823 41332 41331 37719 2618 23745 31030 24829 30622 24359 31333 36962 31377 11708 37101 28985 23816 26347 27006 29229 39822 31035 39031 4587 4580 39050 29754 12679 34396 36452 6280 4037 36524 31151 6454 31033 31217 19733 16369 23034 8912 27521 28981 31036 18205 25268 18203 40289 30027 4544 13143 31241 28980 37281 19528 5645 39332 37577 12233 30363 10719 37689 31103 16363 12696 24836 12191 23438 3399 37686 37580 27699 41312 27690 11997 3075 3410 36712 38537 34775 31686 41220 27541 37403 31236 5688 31213 19531 3403 16367 23376 40302 29104 38527 17167 37696 40301 37245 9563 31666 24987 37348 25929 30626 8677 36703 23829 41262 31041 24331 28977 40238 23148 20451 12287 10766 23453 15642 31214 31176 23812 41344 37352 10724 6775 6646 29450 36526 15638 15640 16372 19602 23821 27522 12351 37174 15533 34339 31042 30159 22664 24834 16365 23181 29230 23467 4527 1856 23241 15508 33806 30795 19529 31331 27075 25262 16370 9555 19692 6770 27537 36527 35046 6744 5737 31163 20804 12114 37347 23951 18193 18191 4571 12251 20052 24826 12232 39048 13077 3932 27547 8692 13088 24827 7909 6248 39049 1540 27519 27532 30401 17950 41154 1460 31150 31138 6578 37166 19693 8132 27542 39047 37165 27499 19676 11715 1718 13100 27516 18531 7638 33797 27512 37713 29719 19722 23617 27536 1615 12655 8039 41152 37170 36188 29950 24137 36782 24179 37406 27535 6580 8676 13065 16348 10701 4493 10703 24167 37677 30793 18170 1638 29683 34534 4569 8698 4586 36159 27016 36693 31141 1809 1837 36521 34337 12300 12680 8694 31159 27398 4364 37171 35429 40253 41206 30153 39087 34923 10727 37175 23749 4577 6582 25939 12314 23789 2623 14097 31205 37097 4551 12177 23801 31206 2617 23804 8569 37359 31144 33723 23413 23685 13156 36523 24250 31155 33959 37405 27548 17963 18196 30608 27520 37173 37172 37407 15509 20057 12109 25932 25924 12228 12019 23519 8139 26346 37176 37169 6581 10712 13061 31202 12543 4583 44891 4574 12619 27527 30125 4576 4578 31153 30888 27008 27546 4585 6773 27540 37585 8711 35805 37662 16795 37434 20254 6491 27046 29328 40295 4522 27419 34543 15395 36210 39258 29322 38225 25364 15332 25680 4565 38215 27722 38208 38261 38198 37034 23889 38258 16793 15358 37515 23800 23882 38211 40335 38240 23890 37511 41531 23891 39253 37426 37052 25802 38196 38152 16777 15306 37427 34548 38256 16794 34194 38617 16311 19350 25393 38260 23893 27730 25685 36580 6498 24452 39259 38122 38153 25387 23883 24779 37779 24948 38262 16746 38185 37569 25383 38299 38293 15365 38311 37967 15516 25296 37613 36374 24662 38322 41549 25343 4582 41994 24626 38629 36483 18426 38632 6503 38647 38270 38525 38310 38246 41566 37895 38056 38631 38092 15347 37417 24902 24704 41483 24895 15323 19408 37979 31040 20870 23642 39464 38588 38589 15310 38605 29315 38037 15337 23870 24472 37419 24888 37972 16759 37974 34538 23877 37971 37154 37762 37934 37958 37973 37879 37970 3737 37881 15292 37978 24965 37965 5842 23872 24900 37871 3740 38098 37874 37947 37955 41888 37962 23850 38116 31321 23887 24222 38127 41113 37952 15421 16831 20763 38645 38274 41485 16764 36516 24642 37422 15330 38154 39214 38068 37423 18745 37509 37658 15346 15320 38234 37513 16774 38126 16769 32169 38167 38170 38587 16837 30715 15339 6484 38130 38132 39252 38101 37976 24907 18744 38590 16309 41114 30897 31352 37151 37145 39215 38136 19353 27426 31356 39330 5784 15375 35581 24903 16843 27746 37179 27748 16811 16840 37835 16835 25692 27749 37790 39450 16836 15435 31591 37520 37517 37992 38596 4432 37829 15425 37834 37178 16845 37822 16828 38685 27739 15416 37440 25693 4629 16818 37518 16819 4640 25695 15428 15419 15434 15427 25689 27761 16805 16824 16830 15430 37430 16833 18451 25697 33540 16827 16821 37989 27756 27755 15441 41254 15429 16826 5968 5967 38044 38290 49115 31603 4567 31598 16849 31602 38691 37828 37831 25698 4431 27431 49018 37449 18474 16820 37445 41672 25439 18440 38912 37448 15417 16842 37990 15433 15436 15424 36574 21420 37446 16839 37443 35965 37444 23188 18431 37665 38950 41401 15404 16790 41533 37664 15367 38326 38343 16786 16797 39309 38325 21187 41577 25371 34220 23875 15405 15315 18496 37435 25378 15364 16802 15343 38324 15352 34556 16781 15390 5812 15366 15355 15386 38319 16809 34549 31393 16792 16784 38285 16799 38329 34218 41626 37521 34553 25388 15356 33538 16808 16772 38282 15325 26357 15394 38277 36572 27734 37823 37519 16806 37986 38316 38317 34426 27726 8235 16822 27735 15373 21156 37431 16326 37820 21419 16330 16810 16327 29305 16318 16783 38331 15411 34219 16323 15382 15381 31588 31594 16798 39264 15400 15396 37508 35580 16801 31595 38591 15378 41477 37433 31592 37438 34217 15322 39262 15388 15415 15432 29279 10765 28084 15399 37291 37880 39421 29289 37382 19537 29432 24876 5826 28430 31264 19535 3416 37588 39075 23865 31343 25942 41361 31256 11876 8723 9018 37771 12325 31724 15891 37705 25286 37587 31051 36726 24866 9012 29454 32421 38569 25329 23854 24874 15681 27077 25922 31261 42309 25015 24625 28515 23842 25323 31845 29282 31052 39328 37228 39449 37593 25952 39431 37709 37591 39454 25339 18419 36371 30373 31349 33260 27421 37561 29263 36363 3521 6932 37126 24554 24563 40275 25001 15644 39228 27087 27089 30612 31856 24707 38460 32413 32319 4638 39452 15353 29283 31342 31339 28041 12388 5751 34074 12263 15536 15344 25306 21368 37864 32321 29293 31359 31854 31246 11802 31230 12666 24841 9021 31433 12303 31046 41182 31432 41235 26353 39267 30123 26216 16928 24856 23837 9017 27415 15554 27409 23822 41183 29253 31049 13791 29234 24853 24854 31043 23608 24852 12364 31336 17174 31242 30126 31340 30121 29474 24850 5788 29473 13169 12323 39321 24857 26352 29431 12353 31323 28859 37574 32313 12384 26354 29828 44448 41184 37581 23418 5644 12697 31231 28457 31222 31348 35911 29833 27031 29108 19530 25943 29468 41353 29105 39071 39420 21370 3415 10731 2003 40993 25324 28869 31335 12635 31225 24869 31344 25295 21072 31050 39393 29827 31044 25946 37578 25948 23839 3406 30179 30147 30371 38614 25267 27407 31345 25950 8962 31047 29267 5766 33649 39392 23499 39191 31253 38529 32433 24879 37327 25959 40319 18741 37144 36741 36742 24896 31058 38584 25951 24725 39816 4621 3636 31059 31350 4559 31693 39390 37943 19389 4622 24890 24871 39308 42377 38583 38562 24886 24494 31330 39396 19377 39211 23762 24891 37910 39427 37901 25675 39430 4561 29303 29302 37918 41529 11752 39456 37142 19403 31855 24880 39270 27716 37920 42009 37143 31355 37877 3738 19371 19376 3638 39453 39274 19387 38602 37878 27425 38107 38006 42004 37951 37420 23840 3421 20253 37868 24959 34539 36366 3423 39459 19397 3639 37775 19395 24971 37956 42312 37957 39369 17186 37147 16768 29292 37418 39374 40303 5773 41534 41519 38030 5640 19324 19407 24877 32417 5629 29476 31252 32428 30465 28432 18414 18408 23868 36368 5746 5777 31842 24958 24562 23867 25010 34686 39232 32424 38621 31841 32164 37030 31054 23860 18418 37867 32415 31244 31263 30644 24885 41424 39271 23859 37472 18413 23869 39231 18740 37590 5778 24977 36367 23861 31249 38445 31259 37477 39292 25750 11900 25953 30040 24894 38012 4366 23190 5786 24541 20512 24590 27422 48692 29297 23849 23866 32436 19404 24882 23876 38421 24893 19401 5673 39397 4564 36369 37592 37710 24548 41323 20066 24475 24892 31358 31357 12382 7586 24423 31255 29306 38028 32419 11823 25026 3414 36620 4543 31057 24883 12876 1560 23606 26332 25609 27847 7749 7828 10163 26328 6281 4215 3697 4131 25841 11020 3708 7286 27090 12767 18931 7806 3704 26558 1191 3710 3722 25521 1233 2598 3696 5054 35208 36284 35095 1066 23583 919 3235 3707 11026 31233 4008 4645 4164 25543 26568 10607 27553 6862 26459 3336 22490 22627 9249 34836 248 3872 27595 27593 35509 10244 35390 10649 3418 599 6190 9245 6597 26303 7549 25762 27086 3736 26569 26732 27913 642 6728 6814 3694 19878 8507 39809 17823 10110 4481 26785 2594 5327 25776 23577 3698 25766 3717 34835 35188 3725 10981
270 13624 10612 41955 10584 8988 23524 6888 30443 9794 40252 42013 38815 13005 38425 38834 18997 6931 10359 38816 30469 30472 14382 30470 41956 7358 30059 38823 8291 16529 16537 2988 2982 3634 13665 8887 7437 10795 13220 13238 31669 6332 7389 31661 7314 2975 42031 38837 13240 13644 8314 31670 13559 7339 13215 38828 9796 6911 16535 13245 13253 16536 6918 1065 11914 8296 13582 8293 13556 30468 6899 30424 16518 8287 16538 9570 6334 7193 28565 10750 30460 13075 10748 7294 24616 38824 14764 16515 28426 16873
271 23129 23130 46078 46343 48040 45855 46141 46028 46441 30934 47407 46030 42048 46675 47253 47218 47158 45968 45967 47245 47157 29078 47344 46768 30935 45642 46429 47595 46712 47496 47907 47852 13829 47028 47622 38716 41769 47682 47962 47773 47376 44896 44992 48200 47446 32303 48617 45593 45206 48097 48162 48623
272 22114 40692 13849 13847 22663 40812 22708 40814 36053 30315 13844 22743 27892 40815 22781 10140 28799 40763 28576 14182 22780 22687 22876 29051 28026 28185 9462 13406 44197 43921 28405 22785 44058 44759 29369 4787 43471 43470 43856 29090 13850 15448 43079 28418 40813 235 43948 16256 40663 42602 8046 26361 9925 34687 2672 4747 33815 39853 14239 9743 7528 33856 9721 19836 42580 420 5140 7191 8106 10252 34304 18624 8047 18623 13226 131 13760 2385 9726 16267 9670 33016 42619 20201 9693 14689 22476 9727 2673 25 21270 15025 22436 18620 8045 18619 13024 2880 2383 13756 25465 43346 39708 34320 15465 2382 2302 4878 40045 14867 26270 2714 5179 40534 18649 15565 21152 355 5181 5172 6064 14379 5212 2910 2841 10473 22656 26359 22355 11188 10175 40199 27360 21467 27834 7073 9789 9744 5977 21466 26828 645 431 22525 35702 22657 22679 26572 22032 35686 15054 33171 40559 4039 18644 6677 7750 35703 16384 16385 5259 26663 27883 22707 26678 13773 9779 22595 35727 707 22544 27362 4892 27054 13236 27354 35796 22616 3076 34319 17263 7251 33612 9766 35688 13835 42848 35319 40653 39571 34615 17269 21596 22356 18638 596 9758 27366 35008 27359 16391 34847 7250 22426 35687 25622 22425 14619 9749 22547 27152 8049 22354 340
273 44889 26534 14210 45724 14549 37550 37687 20444 45781 23048 7578 10768 44901 18034 1234 43453 36485 31658 9938 21074 16755 45047 42151 18262 6203 26562 16429 14155 34901 897 14160 34475 35215 18453 44019 748 34564 809 6679 9023 12757 805 26581 26564 26813 4082 44167 42881 22298 22621 37196 43579 45712 43057 28110 40857 20228 10917 14037 46235 36666 42762 22048 31849 32777 34474 42947 18760 46615 44184 44599 37122 46502 34497 43734 45129 34763 9020 42245 37029 18013 37421 44780 18107 38342 34218 45445 43992 2089 20027 41389 31721 8949 35386 11199 34341 42652 11803 5810 39329 11830 42905 44056 24364 46500 41399 28233 23432 37698 46021
274 1996 23424 9799 9301 45943 12943 5611 12992 3202 42503 32299 9276 32123 38677 27941 8450 15991 29396 13335 44316 8460 10865 2891 13381 5303 31305 29032 13326 28602 8604 15990 29830 36437 29890 29088 34670 34671 27931 30118 4880 5534 5276 5317 28821 5311 10145 5405 10549 18216 28240 5312 1421 29031 5310
275 41200 28982 41734 15669 24514 41863 41518 1768 1912 32228 34155 41125 1877 32336 41855 9791 17971 24757 34414 40356 39499 23123 2006 41126 31552 11119 38760 29624 24172 15144 8957 24655 31883 24444 40378 19294 32142 32140 6207 15675 24492 30973 34156 41124 11902 17935 17967 28947 30975 29623 24160 8706 36500 42208 41199 31125 37269 24356 23398 31009 8705 24523 24290 17888 29622 29088 36979 12003 23940 15150 18 6687 17874 29755 7798 169 17962 30853 31521 24279 29482 41288 6688 36980 17889 24078 32381 30546 23984 28946 18036
276 8654 29739 21502 29596 33808 12231 9127 5153 23978 7832 31589 25535 6348 27389 6746 24074 24075 14205 24094 28711 10712 7742 29013 38304 7881 18945 41893 38119 38173 38190 38252 15306 10768 10770 21067 19733 9014 28978 5060 36794 15413 18173 4199 818 4942 27903 7570 1026 36431 3721 4021 34834 519 27997 5048 4995 1346 18250 13338 7852 5231 786 34327 14159 5349 23947 5097 26514 997 27941 18212 16162 17231 5410 9686 36472 23988 1326 40486 1388 18145 4048 23654 5022 18154 1471 6238 6347 20464 1366 7869 23955 23976
277 38749 23284 41170 38897 42035 33871 38411 35435 23305 13877 36182 35305 36184 29111 36181 41499 36144 29110 38721 46845 31625 29109 12827 48068 41728 14609 48146 31619 41931 23266 41497 38748 41431 8756 38859 39489 15529 41470 39493 31622 41430 26921 41629 17647 39517 48386 17548 37365 17651 37370 37369 48246 48262 41642 14115 12863 12662 778 2083 12202 17678 38747 48205 41700 37363 31649 38731 41471 47653 48034 31626 37361 26510 17666 36146 33242 31630 41336 32528 41701 37371 41699 34260 41827 47999 41657 37376 37377 48811 19636 37798 36143 17658 2933 41937 41618 38923 38844 41634 31641 41635 31636 31640 41469 37849 9609 41662 37375 37374 47412 31620 31869 48248 48794 41337 19167 41632 41631 37373 29106 41630 37362 13686 48713 48823 48628 36955
278 10987 45840 44591 33065 43588 28659 23712 36066 43759 43415 28572 43970 46763 45234 44978 47689 46984 48003 48036 47206 44788 46881 44218 46750 44940 45177 44367 45723 46812 45134
279 48056 10273 33281 19358 47038 38231 19350 17628 19346 25680 38268 27724 47593 34236 48245 28855 38292 38186 47932 43390 43530 22641 3801 15649 31616 31568 16377 30336 16375 31502 40984 30568 35115 19355 35392 15192 37039 30791 43899 23246 23203 22575 36528 46492 23178 15183 44428 23562 37047 31901 40255 8954 32739 15188 47285 11280 44650 1559 19959 41008 19365 3485 4256 28911 23252 31877 44138 30993 42565 15201 28779 4529 8756 23228 38880 23333 47627 38663 47723 47668 43314 32471 43980 38863 13378 16415 46849 28770 44164 23213 28935 32465 13098 45728 23258 19903 30098 21905 41112 23245 32254 30991 22787 44054 46623 15115 15514 35488 28763 2422 8228 23025 19373 47461 19348 22362 34201 22360 18920 13933 40058 40066 42469 18928 22306 22250 22390 34465 22186 18911 10467 26168 18906 22393 39983 19027 4437 32838 32759 17129 22007 33075 11625 19342 40460 18915 18921 40063 32945 26284 25888 25887 16032 18926 22278 22391 19473 21147 34098 22329 40064 40065 18917 18916 25891 22398 39942 18875 34104 18820 18924 22361 3817 13800 4192 20654 18786 33036 18861 22199 18770 18811 18775 2293 18805 13500 18868 18834 18876 18816 18789 18845 18831 18832 33044 33045 18791 18842 32937 22165 3908 2250 39936 8467 16380 22176 22175 33616 553 32795 13799 14835 21474 177 33873 11664 20158 13808 22314 33041 18658 15219 8464 33078 39572 21750 7464 13750 33560 6102 1759 38701 8184 48449 641 18457 22754 27748 25688 49040 27758 23778 19039 31312 41939 20809 10110 48338 4525 6819 19152 28745 48985 49058 32490 38079 15255 34689 48110 27721 48445 27991 38095 32487 46210 48067 48096 13825 41886 22433 37009 48019 21912 25686 24952 25896 31927 37861 2342 33282 28096 4248 46160 31079 15863 38299 38873 19356 38373 16556 16035 22423 40452 22309 16557 329 26172 34410 22330 25889 22468 22345 34640 20655 22445 3821 25893 32944 20657 20649 34105 40041 25894 10267 18907 15222 21277 34097 8233 19196 4157 39159 32048 8122 9008 38378 4451 19416 15129 22373 19088 16555 31559 18476 26178 21381 22427 19417 22419 47860 26360 22209 33547 9817 34102 25899 32946 34094 39570 14094 3984 16114 10192 16156 9819 17529 252 8263 7099 40459 33620 33522 282 22435 320 18751 15852 39645 11575 34500 2697 16204 436 20982 42481 262 34441 14589 39775 22311 3997 17976 18017 14715 17145 17138 22204 178 21968 702 33933 3021 22454 34114 22557 33819 4733 26174 22534 35623 13761 34453 16605 16606 22501 10295 137 4548 40003 34305 33030 16125 34133 13764 21279 16124 16073 22556 40599 22341 33027 40600 22489 34457 35704 22425 22533 21282 34455 3660 22443 32948 34472 33026 34413 92 34470 34451 26288 22480 33559 22210 34463 3869 21281 26381 35745 22162 8209 33203 14792 8231 25631 22474 26506 2583 26561 39624 176 10249 21741 17115 22263 524 430 7087 22749 20393 15856 39885 22350 33509 34116 16550 615 21307 7060 22327 16568 16569 26564 22185 16564 15067 655 22369 25654 8234 22084 704 33374 8206 22631 10065 14525 10179 4441 19418 14292 32734 10928 20185 4442 4458 16552 4443 4439 33904 14788 10264 26857 4435 34436 373 18023 13802 13039 1937 18721 33549 18009 19308 32700 8205 20292 10842 165 8168 10193 10102 33987 33581 18729 3462 20406 20943 33170 19963 4025 34557 34435 18753 40040 34127 16588 8232 16572 40069 16591 33711 16586 16583 22450 22295 33029 442 34456 33906 34452 5899 33028 25505 13828 4736 11948 14696 19029 40479 22144 40037 22475 34118 22479 16582 40010 22216 22411 6139 4715 35006 22402 40057 34608 16885 21278 22459 8437 16589 25963 2694 40576 34093 16570 40579 34951 32826 16577 34121 40039 33354 16590 39964 470 5490 22442 21257 19179 40061 608 33109 564 33122 16560 19425 34887 2716 40059 22293 16558 22409 22464 40117 34122 445 40586 22458 42420 2897 5483 1936 40067 34851 34126 16595 16597 34125 34454 22609 16584 33546 22328 21121 23741 34128 34468 34131 34464 17140 22060 34111 34119 16600 34110 16602 22061 34096 19023 8455 34100 10412 34123 34120 22294 42525 22506 34467 34459 26282 34124 22597 27320 21280 34458 34304 34132 40011 22432 22567 13753 40068 42409 19968 40062 22035 22439 22507 22281 22462 26830 22158 22513 26279 13027 42595 22469 16596 33557 11100 40570 34346 17721 22261 16573 22260 22417 22418 22375 34347 33857 26280 42434 27370 22422 34462 32567 22551 2473 39989 33187 16881 33738 33186 20671 34177 5245 22461 39965 22180 16566 44088 25842 12916 4613 22839 29649 40937 44135 29132 44093 40917 13864 34613 22843 13874 16639 28538 40033 16636 14044 29364 42193 43321 40945 4499 29053 16638 40196 13891 44244 13046 22683 44036 29853 21803 44537 5580 376 42194 43612 40928 43443 29119 8223 28097 29410 44089 22699 33408 22214 33684 17761 22833 22055 13861 29338 22849 22851 22850 22862 43682 8217 34147 40794 29099 40136 36646 43995 8211 43951 22756 44109 28224 8881 43247 8221 43190 36057 36056 36055 42524 11018 22819 39991 44008 43533 27662 23001 45175 8212 44634 6181 11963 45170 33814 31078 44324 15652 45336 28794 22056 21526 36485 22773 22723 39682 20937 5655 23153 23079 36333 23012 23045 41166 45523 23082 45265 44189 21150 21148 30762 15149 36078 41138 33534 22973 10919 24944 2452 44551 37195 22939 20874 22947 22830 22989 44493 8229 28227 22105 37084 36142 2448 33564 44308 44716 30224 27814 41018 16640 22920 23066 27813 22331 33155 21146 41033 2763 12089 43852 38995 13863 3983 46050 44995 13376 44719 18755 27383 30516 44883 22996 22971 23023 23706 8225 44140 30494 43628 22982 8208 45032 43232 44720 34044 4150 13765 33634 22509 20336 28089 28444 4354 10036 14595 35114 7048 13798 13042 18404 7421 3960 39976 15651 42758 26182 28560 27646 33375 27833 40672 2450 21726 821 2699 15851 22847 33154 9121 22226 22758 33145 33146 28541 27308 16551 34112 34095 21784 34092 33676 22389 34115 21716 22429 32939 34108 22431 18425 22710 22344 26364 33739 33942 16562 17635 22395 20772 34476 40751 17993 22650 4844 21709 22731 34606 22428 34041 11196 16561 40156 19430 26272 19186 40060 20647 13855 32941 28016 25546 35923 8879 40764 22451 8215 22887 18678 43816 22115 29093 22750 43668 43667 43669 43662 43379 43621 43620 43661 40203 43585 43563 8210 8207 40836 25904 18840 27663 33854 32704 22795 22770 22702 42189 4141 22607 8216 8218 13851 40526 22809 28811 4649 32814 43717 11036 22259 22804 27657 34438 28540 22875 32790 20521 43259 16108 28797 558 27643 20781 16078 15775 15843 26366 45626 43623 43798 43221 22008 2553 33023 32579 8213 25652 43562 32767 4482 13853 42903 18021 23105 39850 2433 40849 18863 21804 9816 21808 14810 14798 39838 39623 13807 16579 17119 11147 40134 18667 18849 12963 25 18904 18864 18823 18824 36586 18812 25890 4476 18804 18860 18825 18787 3654 16099 21703 22282 18841 18855 18828 25726 40451 22150 21774 18908 14611 39982 18903 18889 13735 14878 11616 18821 33046 18784 18890 18846 18810 18778 22207 3561 18790 33985 40036 18817 18826 18844 21377 18847 33032 20648 19174 39891 22352 33106 33107 16025 39879 18882 18897 34176 21096 18792 18819 18856 18912 17990 42462 6042 20922 18773 18822 33033 21485 33108 33104 33038 18800 18777 18839 18859 33105 22100 39967 2402 18895 18719 22217 21436 33039 18902 14755 18892 18857 18881 18901 18833 18843 18909 3787 18814 39900 18797 18796 18879 18858 18872 18850 18877 18771 18866 17493 22348 33986 25855 22358 34205 2428 13740 32601 22238 32566 32744 18671 8470 18001 18896 18880 17760 14717 21740 14870 11762 22283 18878 18899 13801 20616 22322 33663 21870 15220 18853 21539 18873 18887 18801 18884 33042 18891 18883 18809 18815 119 18854 22080 40020 19026 18874 33353 18838 15217 33519 33520 7399 18870 18871 18830 18829
280 27218 1331 4208 23646 36294 8443 40709 28705 20469 26340 17017 6382 23792 685 1546 5064 18201 12902 37284 12216 24192 20440 23793 25553 7861 4942 27391 1340 1468 29196 34746 39990 40973 20447 24274 23636 39033 34812 16884 8016 23651 11674 13114 34690 9742 35393 15070 34833 1035 12539 37303 6210 39094 6435 24998 1177
281 10475 26467 20177 43145 21155 842 20619 22276 1314 1300 26981 21886 14332 40389 22416 40116 43656 7459 3549 21887 6799 11436 11468 11502 44188 7402 7439 6395 4833 20532 20617 16274 13219 11433 16247 11430 16275 42837 2497 11465 11588 28691 11462 22277 9205 11431
282 3325 32795 8314 2777 3907 28343 27367 225 3369 37073 16941 10344 37075 33410 28762 10323 10319 33489 35419 35420 27802 17302 27204 29413 24258 35421 11560 2750 7530 13467 14821 29127 14772 5283 9738 26694 17235 9666 8845 14049 13962 13943 40756 1514 5008 12836 26043 21556 1900 5883 1926 33897 25326 33330 8834 33902 2612 14984 15072 8818 16103 14827 7203 7177 2980 7427 36186 11680 40513 29128 27368 1871 235 17427 32618 17299 4801 13425 44662 14915 2760 28352 17327 26881 40465 29961 26904 33977 12652 20643 15002 2932 19636 12195
283 32308 8889 17745 37385 41803 17177 10797 23450 41210 27961 31751 29398 12410 38439 10752 20765 20769 20110 11915 17183 47091 31400 8892 17377 31114 8582 7777 4127 17302 10350 23993 4342 7292 24214 34012 21674 12896 29509 30401 8581 37381 25312 36988 8922 28864 28757
284 21477 10221 39672 33692 21679 18477 3506 10039 4549 15237 7498 9826 10790 2684 39907 11190 14682 42401 17764 3613 14681 10451 547 14398 10792 17765 20555 19636 21811 19986 2747 22469 7160 2818 40315 27055 33555 2811 42959 20970 33917 8794 2570 42400 26097 21974 2866 367 20076 7159 35927 25600 19963 16373 43733 18606 19394 5678 22138 7110 21505 40175 4643 39643 14890 2035 25340 9636 376 3874 23707 19427 3062 191 829 7592 11689 7082 8302 26408 8357 925 2873 480 10170 20249 43246 11769 345 3019 43343 26127 27785 39763 22607 16036 744 6074 574 21432 7743 16267 2347 4588 3063 14500 3508 19988 16086 18662 20361 7093 8799 2313 196 18544 10279 21433 20912 33689 19210 22496 25599 3985 19027 22308 22540 14486 40708 16106 14422 14223 13911 7717 21749 2407 21730 3596 18673 13817 16099 155 16254 16240 21605 33907 11123 14719 33949 20126 42496 21610 3465 20663 42513 33013 19415 9033 25701 32791 3433 184 22068 32752 39839 16102 21894 39966 21609 21357 2345 16029 7188 8169 10097 5395 14416 5889 17999 113 16030 118 33615 13947 22205 7744 21644 21913 21504 15224 19218 42399 9930 21720 18339 40053 33621 32728 42466 21139 15004 32744 33625 8275 20945 16107 39938 17117 2395 20246 20287 3451 11258 8805 1167 36901 33413 28472 20159 3530 5134 12175 30806 15099 14915 30115 43589 18674 43332 18913 21358 23748 39787 33528 36038 19306 3494 21731 13910 33530 8255 193 12777 29497 17201 5850 3491 15104 21003 28129 37041 1819 44059 36039 8134 8616 30890 2777 16087 16028 20176 16082
285 26077 30565 41076 28229 23018 20901 39067 23138 37401 30537 24055 35635 30560 24005 45019 5500 41475 39685 37002 30805 27255 38911 46082 41023 43841 17735 40132 41086 39206 26064 7671 44988 32614 36108 25917 30102 30783 21788 45782 29072 45298 45239 41142 41224 28960 45046 39055 16414 40308 45827 36647 23095 20553 45245 22123 6008 31577 44868 45649 24259 24033 30378 37616
286 43961 45067 44101 44926 44368 44347 44587 44484 43433 44738 43376 44391 44611 43578 43231 44091 44284 43257 44660 44342 43801 45211 44817 44527 44398 45345 44465 44873 43555 45582 45111 43749 45130 44266 27785 44607 44040 45124 44441 43895 45076 45053 43927 45458 45069 45454 45184 45416 44470 45114 44783 44979 45052 43872 45120 44033 44911 43956 43556 45172 43597 44481 44420 45261 44902 44446 43742 45819 45421 44929 44620 44315
287 31984 17465 31996 41557 5794 15705 30431 29352 5694 30070 39360 30247 5700 30300 1720 10358 11735 12672 30419 8695 17343 32000 28749 25290 38653 28785 17480 41491 15309 31978 11820 28765 15712 30463 25304 28782 31818 17476 39124 6915 2070 30468 15520 12650 3185 39089 40395 17353 6901 5811 2012 12652 26923 40219 24695 25354 41867 31743 1832 1776 30081 26914 25295 37218 38424 5376 30310 7535 8653 1979 30448 2041 28726 26677 13146 1871 12635 25320 8681 25277 2080 19596 13190 24438 23993 26920 5571 30438 8921 23449 5715 1854 25308 23531 7669 1831 3199 12351
288 38766 48478 48470 48256 38080 14079 48910 13396 39378 32403 38713 48147 31891 48512 38767 41736 23295 38792 38752 48629 21251 13507 41385 23306 48548 32021 41478 31507 23113 31900 31898 11118 38704 48126 11377 38700 31503 48788 23111 11344 11289 32456 41807 32518 38755 14086 48847 48475 15956 40370 32288 32455 48761 40358 11406 49143 48977 49081 48622 48477 23325 48497 49031 48785 48515 31295 48348 39188 48716 11261 31493 48835 48717 39529 41814 38661 41674 48438 48762 49077 48770 48281 48729 48592 48805 41274 38803 48776 48817 48820 38287 32144
289 4020 7127 12235 1460 36705 25553 36706 23360 40253 12196 10712 24256 17963 5639 24264 26598 12665 34882 36778 17437 1837 34071 25010 5786 23437 12273 25348 1456 6385 39041 23715 1706 23351 8581 12651 20502 19274 12001 12229 23768 36564 24253 7630 23468 46637 13116 24966 36728 46551 7922 24497 12116 20488 37758 25308 23455 36831 38460 10772 25267 8717 17167 19621 8960 28761 5737 12303 12382 24193 25301 24532 24349 37606 26348 1858 12917 8913 8852 23354 32564 42211 12336 9554 25292 9565 5571 46222 31658 5828 9566 1945 36240 28431 36726 11916 26352 25913 5300 24348 5303 12539 12488 38208 5092 36411 38122 24496 15293 37444 10121 19441 17838 11977 34636 1151 40084 26000 10125 26335 7360 1191 10030 20458 44003 28674 10080 894 10199 1303 23956 400 17064 23947 4167 7560 6283 6591 10165 33225 10860 34834 1370 32691 2635 10117 34837 1140 27980 5282 3948 26016 27932 27996 1234 32695 23641 26605 10118 10071 10059 26010 711 35490 27948 5352 10063 10126 10187 26014 10255 10144 27927 10028 5358 25994 10147 10190 26017 10123 10158 27938 7749 966 5374 4934 6304 26001 44 26027 26330 19104 1147 7834 18251 26015 5386 978 9876 25562 24648 27981 26026 25996 5368 9286 4943 1369 840 26022 6566 28366 5471 8561 20195 26006 27957 35491 5285 10069 25991 5504 27854 10131 912 10026 35485 1155 27943 10072 10073 26846 40591 14547 37267 1238 15316 7567 24652 26843 25993 47582 32417 11832 31362 16774 15312 15313 24875 38151 38230 24761 20470 1491 30536 12164 48616 37897 38810 38226 24779 24520 24610 38247 40709 25978 26553 1526 26342 1328 37789 5561 4307 7872 29707 4171 16991 4363 26337 23652 19910 26008 17875 1383 12935 7583 12833 7698 34820 13283 34757 8550 2607 1199 26341 8548 40590 10134 26852 22570 5326 42427 10119 28013 36701 16203 34857 10120 40806 7620 27137 1181 17007 8094 37058 26512 14280 28299 26343 21518 6357 29704 9874
290 36034 6537 35506 16693 9373 43418 6731 23966 10594 6343 9374 6758 5111 23965 16686 16683 5112 6782 6209 35957 35566 5160 6531 10522 6704 6715 22535 24019 35154 10494 16703 30327 6710 11515 27017 6709 6171 30619 37575 34682 27024 28842 29203 24351 35150 10680 16682 26975 22493 24352 24194 6773 29019 26957 36190 16681 6708 9460 6728 35958 6736 24020 41284 9297 16684 9265 40912 24173 27014 27869 6689 35691 9244 6615 26013 6536 6805 10546 26020 35741 16701 10531 11500 35739 9279 6263 26982 36060 6707 6269 16702 26974 36052 6735 6673 6277 6720 29085 6705 6267 888 40864 26983 6527 27574 26984 6533 16688 16697 35156 35753 6719 40726 10534 34604 25979 16700 6803 6532 6717 35693 35567 6718 35956 35692 35696 6534 6722 9514 26965 35694 35128 9253 35695 10587 9263 35959 35690 6721 26972 6802 35921 6703 11440 26958 40518 16679 35152 34714 40184 666 34637 35509 40698 35515 35565 35507 6714 35714 35713 10488 9229 26964 9227 35510 16205 22566 9210 35518 665 35501 35502 35508 35513 22487 35499 26960 35500 40186 35511 26488 11438 40580 35715 16671 26453 22604 35514 34055 22586 16672 40185 40739 35563 688 22552 35498 22686 22615 26954 35504 40740 22590 4785 5147 42747 6628 35120 461 210 26959 22640 35524 35503 10493 34726 26963 26463 35712 10490 11439 42718 34715 26961 6170 27626 10519 6711 6724 673 4815 34791 16662 26970 34143 34066 6723 26969 689 26962 26956 20624 26968 40577 20965 6192 34790 26980 26966 6530 10031 16680 35522 9190 22581 7433 35517 25970 16667
291 44740 39605 39258 39256 37655 36370 33677 42135 11407 39611 37492 42255 48538 36665 48671 14387 37572 38339 3165 23308 37852 44319 39248 8970 21425 38779 33922 15734 22735 22227 42907 32424 32733 26306 26114 7838 18932 17526 35359 17513 44191 21438 15736 23609 22541 5237 35358 22936 42360 27353 39602 2430 37113 43777 4011 35835 14165 28210 35092 21758 33916 13790 42133 16340 28498 11408 29464 11356 29477 23819 37110 39758 29231 42816 37096 2604 26319 18931 24124 23794 43691 22539 15198 29245 32483 27294 5862 28834 3728 44405 23651 42113 42267 32279 26976 44677 34214 20014 23756 28838 42254 5863 23730 15227 12268
292 18169 16309 6765 12178 35229 12624 6761 29347 18176 34420 40992 28366 7672 7667 6763 1607 12636 37087 12627 6396 6760 7689 20804 36819 7705 17936 15362 19729 8068 39029 12221 12212 1162 42316 26306 38253 38315 15329 37621 12219 15343 29199 8019 24037 18989 26326 18934 2524 23939 18188 1299 35580 39700 23582 17092 17087 12530 17020 12908 7573 39699 5935 35583 30217 16821 15414 16331 16327 16815 13400 37437 38340 36222 38145 15407 29704 17007 15348 15406 15405 1166 36465 6742 17095 6754 18166 6745 29686 12122 36472 18162 1179 18165 6399 17010 26324 12106 18148 6737 17096 36459 16976 6293 17003 17006 36313 29664 36309 6748 29678 29674 18146 28430 34926 24669 38272 48283 38237 38323 38129 13397 37435 42317 38344 37508 48637 39262 1570 31086 41524 38157 37944 38588 38181 38139 15334 38115 5805 12229 6477 38119 41395 38110 37945 29270 38151 36307 38164 37093 42314 38117 37649 15332 38130 39215 31479 27039 36824 29221 13166 37499 8673 12257 30148 37960 27015 23795 36821 42303 30144 30153 30154 30149 30151 30150 27034 30188 37633 29252 37551 15194 42304 13177 39421 12152 37079 30167 18052 18049 30147 39387 29315 15324 24843 38576 38569 41300 37031 24957 11918 12299 9574 24958 37931 37927 37132 23805 21077 38579 38420 39233 39447 29107 30179 30178 11756 12383 41301 34425 39363 41969 38586 37970 29309 37921 38102 37968 37942 37973 37148 39358 38575 41991 37959 3638 15300 34191 3737 39321 31694 1484 12388 30208 29264 39351 39462 25281 38533 15310 30198 15323 31988 15336 21071 16769 15337 38628 15317 15338 30205 21573 30194 30185 31254 23409 37154 25300 25035 5746 31980 30204 25021 38587 5764 25258 31391 18051 25302 31671 25023 23431 30177 12657 15304 27014 38590 12276 41154 34929
293 7303 35098 14697 8845 15681 12745 21490 12578 37270 2777 28853 1336 1988 29912 17449 45113 32079 13552 18635 7669 17251 15704 5257 35031 17260 14938 6975 32795 14653 32375 2096 37221 16927 36865 24363 17480 37301 19482 1514 2308 39477 12660 29966 12201 8610 30459 12681 21536 40821 17337 7413 19690 7112 36040 5242 19913 32060 844 35201 28607 13462 34039 32710 31964 203 5498 38664 2248 25651 37230 27269 17428 12307 8333 30000 18541 19940 14285 12639 16478 32071 3904 30448 28410 24585 7414 12546 8066 13450 19596 1582 3905
294 11371 42079 37104 27862 12365 24375 41522 39889 39186 27863 38735 28165 27872 42052 41215 41490 17767 28154 28171 28164 15973 17778 37715 23197 23124 37852 15952 15175 15173 13909 33402 33404 15953 4415 15174 15972 34434 33403 15943 5642 15954 15969 42351 15172 38771 33853 39835 39378 17775 28162 42350 11361 29174 27871 28163 11386 37414 15967 33396 42124 42212 33592 3519 37027 13112 31718 40372 17741 37416 15913 28181 37853 37410 13507 37854 28170 15950 17746 17744 17742 39834 3147 17726 38770 38852 33406 42328 39242 17740 33544 32474 33400 25954 4665 22989 3156 34603 16067 40373 17768 25931 4704 25894 41214 15946 42216 42200 36918 2102 33905
295 5326 29574 4727 36314 36303 6428 42594 18992 16655 41194 3543 15779 18935 28523 1546 10956 41252 2437 43755 27387 1195 34424 10907 14535 5335 39389 32436 19537 31239 32430 32431 31226 31727 37176 6818 16788 24252 1996 12357 39351 27076 24480 31210 31205 34421 25558 36739 37813 31246 3206 16766 39387 8994 18768 23769 23838 24871 31263 16765 42017 16768 20499 32416 24948
296 44168 45588 44957 45638 45399 43645 45454 45538 45408 46493 46215 45229 46255 46711 45672 44470 45452 45565 45759 45640 45351 45053 42803 45028 45395 43555 42808 44421 46728 45844 44682 46661 46432 47940 48759 47655 44973 48655 47720 46285 44801 43157 48765 46288 45709 46149 46239 45915 46626 46543 46374 45598 45092 46268 43927 45244 44505 44233 45211 45069 43445 43490 44347 44943 42634 45182 45829 44040 43597 46558 36389 42654 44915 44638 45269 44416 43599 25829 44613 22963 42896 36870 45214 29391 44817 9085 45206 45489 42686 45608 45148 43955 42704 45500 44658 42675 43895 45052 45582 17784 45420 44444 44987 45197 43463 45421 44890
297 1711 39675 1712 28839 33493 22798 40367 42183 21507 33207 37723 27786 25340 30025 39181 26219 18480 34233 11315 5748 1309 12739 19862 34223 7243 30830 30489 406 36173 31285 31291 35829 31281 40338 32460 32736 31290 37784 6504 28183 15825 31284 31289 40872 41808 40181 12410 24867 12463 39183 16916 21797 35243 5688 39668 17517 5708 36507 34224 20719 17520 26690
298 17358 5735 24365 31114 462 29963 26117 2077 25266 41186 34025 38491 30015 5602 5686 27215 37200 8936 33903 417 29918 37287 13884 25413 30001 28773 30072 7701 23439 1673 19476 37643 5076 19596 6960 38388 26677 30273 17463 2068 17518 37216 23425 8897 5869 31761 30268 3271 1853 31098 40935 40936 12660 26236 2082 20118 31754 17421 29651 29989 10359 7355 31133 2047 30013 5279 36937 25003 12334 15460 28858 30298 17332 5667 13880 20106 31675 23464 1961 15459 12672 31091 2030 10799 8903 46166 37211 13796 20104 26908 33410 13131 18625 5242 26917 37523 30412 31947 26233 30019 7662 965 27269 12370 17173 26654 12289 11776 1588 32146 3331 15462 37268 17383 30419 17167 28740 29363 28750 31962 17373 26234 40778 17389 12337 24416 32366 5819 17310 19619 1951 40852 19465 35931 13187 17450 27788
299 45770 22116 45729 45577 29754 31104 29937 45755 44757 36811 44821 20554 45636 22117 45319 9421 45010 10215 43595 33086 3936 45322 26516 47884 39911 6005 48623 48659 48809 48153 43569 47276 4703 41927 24514 46244 47059 46859 46398 29784 46390 46028 23398 10136 22859 28581 10138 10004 44269 29092 10205 17830 13337 43815 43821 43708 29487 17834 14427 29657 43331 43537 44426 44785 39200 23090 28655 6180 13336 28605 13288 2853 20080 10659 891 9991 6680 27984 25481 4081 22225 17833 13269 5304 4044 33356 650 26809 5005 26485 27975 22471 13287
300 18308 17401 17243 42329 12602 12515 10330 16629 3963 4857 9594 8388 9763 11314 3007 34533 209 42338 3070 42322 25376 13167 42297 1759 10437 31759 6462 42320 22854 94 41504 49152 810 37045 42388 42441 38078 4126 42263 25349 41093 32701 17313 3254 8296 34612 32588 28352 12540 42392 9733 12465 34611 33276 9757 14557 16139 42114 39868 20431 27240 17511 3992 13031 36557 10338 34609 7303 12577 8841 13443 3829 17506 36207 42324 17374 34915 3368 39967 28656 34202 3132 781 8316 17299 15259
301 36566 35488 30942 4336 42929 5934 25944 18694 18690 11753 32802 18696 25928 33147 36078 4902 21497 13778 29550 18691 31364 8159 7727 20848 11091 28890 30972 18546 11844 5933 21484 13824 41906
302 7667 29206 24037 27387 17071 17007 28470 17033 17057 23999 17022 42303 42304 37629 11140 39789 39699 17012 17050 3831 39700 40266 21063 37576 42232 42233 12688 25262 41206 12282 1540 24826 39100 15933 23357 35255 29735 27410 3823 34921 20470 17100 3812 36572 16316 15413 16326 16821 16318 16820 29305 15416 31600 38687 37991 42319 37437 38314 49135 38317 16998 3725 32772 3704 29697 36434 15385 15388 15404 23487 11242 3820 11125 7143 2582 9855 2807 2841 21442 2751 42182 20701 26098 7102 15344 16798 16804 35580 35577 5624 3824 34555 23835 12357 17088 15349 38294 38871 38632 37563 38127 15314 38157 38274 15346 38105 38161 15303 37419 23152 31983 15310 37951 39277 15312 37658 20761 15332 18744 25342 11267 32845 690 15363 19436 26715 42318 17133 34739 11198 15395 16321 13397 24669 37944 41396 38889 41538 38175 41394 38300 38335 3313 15323 42307 20026 24676 36580 26789 10951 7806 35834 28223 42306 27572 27571 4109 12793 7357 12820 12885 1035 15114 23255 29243 27559 17055 3689 28525 27877 37927 5840 37591 34188 42310 39429 29292 39456 34192 28880 29293 39431 30207 29274 25300 36993 39398 29276 5810
303 38995 36596 36306 42775 1436 38994 5543 43688 4173 26060 35413 20993 33571 38996 24051 46470 36413 42096 39174 10990 40853 36125 20615 29675 19936 19250 26104 22755 4222 10978 42226 28924 7714 29713 26159 32605 7620 5923 42084 35412 11657 26238 39779 5917 3628 15215 2495 8246 42546 100 25504 19797 14004 42087 7839 33789 7077 16435 3236 21001 26239 21767 42195 34330 4165 10945 42083 42181 17848 33696 19228 36118 21375 40855 36021 46656 39000 17771 45808 20932 36115 15453 44624 47710 43545 44810 46910 14350 46821 46510 46225 19291 13354 46203 41950 45811 45169 46276 31118 47234 44282 47076 42746 46061 15585 42085 40321 37037 46962 43408 46620 44026 46053 44349 47664 47170 47397 44906 45772 46344 46221 24641 44023 45999 47176 41083 44327 45906 20980 6458 36072 39030 34763 37531 37530 29563 19691 45340 37050 36554 30885 23057 28461 45137 33123 30799 10686 24119 35361 46181 42841 46101 22691 44214 46134 45424 46137 32134 37467 29063 45606 45676 43896 41177 45974 32796 43223 24090 40989 46720
304 3737 39261 39358 24888 37966 37148 37934 41855 33649 37970 37977 37932 32786 37959 37505 16769 23886 31988 15323 29310 37501 33674 37981 38113 38123 38104 5781 38022 37155 24575 19719 15293 38069 24400 39367 13934 18741 20255 25040 4638 24512 23410 24862 42304 24897 24864 23388 31727 24865 37659 38406 7921 38019 3206 46355 37960 38625 9017 38130 36414 41519 13792 23864 36447 7854 28421 11024 28517 40856 25597 36454 8020 1317 29387 23946 36434 36439 36451 23967 3545 26985 13335 43786 32578 33636 36421 35359 38125 36290 36413 6324 5059 23606 1299 37945 16774 37949 37935 38110 32190 1404 38131 47847 12850 38139 38115 39213 29315 38149 29836 36296 19256 47729 47410 26358 38204 12130 38154 38210 30715 38119 5805 32228 17012 38151 17062 35037 17019 18139 28430 16984 6448 23668 29706 19262 18159 17041 29670 4306 17050 28470 17074 17025 10626 1470 1596 23587 12132 16977 28789 16970 23694 29709 4374 29662 1495 17056 6328 17879 36312 36912 29664 10978 6329 23650 29663 29665 19919 4077 27137 15340 17057 17039 17071 16979 25557 7869 1526 1367 1574 29659 7877 18140 36316 7285 23655 23640 1471 839 36295 16995 12785 36306 36283 23660 17015 16965 23603 12090 29470 1491 38223 36458 28041 15644 24995 25007 31227 24093 10910 19470 36302 36453 5042 23614 36133 21391 36311 23702 5770 7620 26345 23672 23584 1550 34776 34867 36287 23688 23579 37707 29710 13086 14132 19936 36675 11988 12918 1511 20456 6264 29661 19929 6326 29790 17884 19935 34331 35480 6374 7826 29202 36992 12316 37703 7896 24036 4419 23914 19718 24134 7857 24056 29612 29451 29740 18185 29272 12107 11826 37170 23755 34785 36253 19669 34783 29719 8654 7888 36683 29347 4311 7902 12169 29743 23720 8620 14280 12145 27855 23911 18170 23723 36809 24256 6405 5043 28554 36691 12200 23715 11722 23729 9044 12131 23739 24826 29909 38558 29287 13104 13062 45305 8148 37679 37167 40408 39048 18310 1735 1664 41194 1856 23700 39049 13067 7876 14130 12288 45781 16718 23519 37176 24232 8692 37544 41152 21061 37166 6572 24226 30654 44544 12230 39053 45044 10707 20468 36782 16705 13100 37676 37677 12162 30799 23617 29604 23977 45451 23774 23768 9525 12138 23420 28456 1602 37705 12380 31845 3883 8676 39311 24118 23348 24350 13114 46894 23484 38557 9027 31226 25015 25048 24863 30661 25025 23356 23856 39418 34766 31726 38611 12369 24876 29445 36774 23841 27077 23836 17970 31237 39447 11870 11865 31762 3887 8916 19537 28883 11808 36442 39355 23717 23478 41420 23848 30673 1866 7926 34784 25295 18760 29258 37125 29269 18762 29886 14129 38572 24403 32231 12228 24872 39272 44621 44940 993 30657 40990 1584 29564 7887 12154 29529 29205 29771 40992 24067 23686 23677 29773 17525 12161 29688 23950 31164 14140 19678 37060 12199 16351 19681 1629 1619 1382 1608 29789 29762 1575 1525 6477 13087 31222 7883 8645 999 19714 31234 29020 40318 24061 1121 8629 29679 1569 15779 1438 15664 27026 12139 12134 18267 28504 37173 5647 40232 7572 12653 23705 24846 36773 41061 3075 1925 36703 27024 40268 24393 20448 24385 24836 36657 7915 30626 15643 31115 23516 24838 36715 42302 26351 12357 1949 8677 31213 31211 1893 23815 23812 27012 15642 31214 15641 12246 34340 37692 23618 20506 38537 10773 3071 6399 19529 37701 1971 8982 30950 12240 16733 31173 12378 19528 8679 31212 37693 29822 24316 36832 13072 8721 42333 37754 10902 8711 3881 37700 24857 23371 8960 29430 24848 31573 24397 24850 23223 10761 3880 1919 38563 39321 18270 5599 1794 3401 23825 38415 23832 12351 10977 6411 20483 34497 19715 34881 15657 25945 12317 5828 41333 13152 18526 30122 5827 24505 24181 34342 23445 29455 12363 5825 12277 40234 31653 18505 41158 20484 24264 20505 35429 29456 15640 20491 27002 31678 23786 36947 23791 12346 10774 3416 23783 24961 12314 23398 23804 45779 34930 1836 18201 7623 7906 20459 8696 31172 36452 24825 27869 8682 38419 37175 31783 36764 30623 13061 1737 29756 37348 12259 27004 37172 5598 7890 20503 23384 18312 3846 13186 23501 7127 23802 40235 30407 23360 30614 27071 12282 17959 27070 4299 23734 24340 23801 35854 37550 39087 23376 28485 24326 8683 24378 24359 40289 38414 23818 9567 37352 37357 37293 24833 16367 23353 31208 1850 23823 24839 23346 30620 1126 24233 41335 31209 9561 36690 23814 39025 41309 12295 21068 41531 46034 31215 31206 36337 34932 31175 27073 19721 34495 31121 18200 12261 12688 30363 37684 29639 39050 25268 40290 39031 11023 17037 37829 48180 13113 37804 10744 47725 41566 38205 45825 20060 47400 47635 38604 38259 38256 47817 11742 29251 23833 1858 16839 37404 24507 5837 48273 5824 29432 30191 30188 25274 31784 30190 8994 30134 18455 23526 35373 24394 27033 23844 19533 23806 30966 31575 31250 31235 18532 36721 23409 40415 16149 11093 4751 26473 18231 32702 21054 37113 38262 24852 8985 41182 3407 26355 23982 26353 24841 24849 24855 24856 26549 25316 18504 33548 37836 10605 21766 27962 6158 43680 28579 20350 4931 2647 40877 25541 28967 29284 34546 34059 16129 9167 25856 4737 15372 5473 33631 17197 18511 30133 20673 18242 24681 47898 23875 23888 25378 38253 38949 37435 23897 23775 47553 16786 38273 34554 16797 34550 47334 16783 38339 16802 46846 16790 48193 47821 47823 35581 48909 48849 48710 47642 48802 47771 15367 48267 47549 16814 48030 48325 48032 16785 47198 16782 44479 48365 34551 39266 46119 47955 46827 38335 9013 48484 39268 30183 30181 30180 30169 45723 29278 39420 30178 12180 31207 30659 29107 18045 18051 38612 18052 30146 24291 30171 29267 38974 38305 30174 31253 47363 48454 48330 28793 47357 46204 36580 45333 43773 36993 31679 24845 39259 31326 23840 31258 30652 7908 10775 18534 38418 18533 25947 19996
305 32940 10884 32597 22288 39243 20260 39651 39800 13395 22407 22103 29443 21718 20563 19759 22174 21904 13377 39565 16453 14518 27393 39836 15480 40712 29874 22247 21354 21860 39552 30341 34086 19944 29439 1503 39727 29444 39193 16754 7206 18682 16303 33196 33911 581 11092 11098 18681 14687 27053 18687 18549 17989 7207 7278 21480 17131 14426 11089
306 625 7674 33937 38609 37017 26290 32913 8756 23735 28343 19725 1703 9875 6100 9349 20807 7227 5537 7697 29574 11492 8302 1555
307 32389 32407 11363 31885 11341 32452 41016 49164 33468 31579 11379 23173 39181 33464 39182 30772 24374 23171 23172 33467 32491 32143 32406 38868 38865 41414 23332 11366 11368 23293 39524 48070 11369 39519 11344 41951 39502 11390 41812 42038 42339 38761 41821 32516
308 9218 9199 23654 26053 6282 35207 17866 25989 4825 439 33720 4828 7457 9234 9230 40927 26049 2712 14466 5117 13255 17791 623 14463 20382 19652 6787 12137 6608 13258 536 14460 8477 8468 4758 36493 5137 4743 14235 2396 16287 9197 9964 6150 13261 6162 14385 9958 9213 9960 9189 6172 6163 13256 10643 9228 9217 17917 4775 22583 17804 3990 9178 13257 22515 4777 17910 27594 35365 9168 593 3962 13229
309 23518 30190 6591 7632 27879 24998 11803 29955 8889 28728 25301 7992 1556 20058 840 26707 21593 34810 26039 1086 26454 8187 34906 4209 7442 19923 10527 7565 35219 36181 25306 28109 34862 43293 38445 25478 25239 9005 18529 30066 31341 7984 20793 24963 35979 39278 26014 7068 10520 38151 1236 24532 31791 41999 18530 25010 7934 19303 31771 32497 10731 3521 29927 31260 32429 37137 36364 38621 12679 41983 35985 42014 37327 26033 14709 10565 11703 18214 23800 38244 8042 2714 12387 5210 5477 8582 7548 38302 9866 7810 8107 25993 7276 15345 8959 26009 26025 11970 26030 5363 26028 7119 43282 35983 24441 4706 9998 25976 32190 18111 41952 11807 25382 38628 42030 24980 38025 24946 38262 8916 4638 11937 20038 40376 5302 26042 38250 1134 35207 25999 6726 31970 4179 25745 6304 6303 11704 18365 25978 14167
310 39181 42213 27097 27111 17170 27100 27113 33228 27105 27096 39815 27099 35530 27106 33230 27102 27098 41275 35057 35531 27093 35055 27596 35058 35389 27592 27091 35533 27107 46171 34655 27120 36655 35056 42998 33231 2227 27101 27121 31275 41759 41767 27118 33205 33206 41758 36654 27104 5791 31814 31273 2214 27116 27117 34659 27115 34654 34660 34656 13383 31801 31276 28521 28498 42209 35532 31274
311 29592 13036 4719 33338 43549 2890 19513 5343 4360 39200 28624 22504 44835 33342 9073 42994 28606 33343 34862 43161 48394 46994 42773 47781 44427 20905 46999 19034 48310 42851 22371 29514 27977 46383 45956 6321 26901 47221 6364 45942 11590 26900 14342 20421 43965 3074 43237 42821 24542 32678 30970
312 36870 14753 1003 18965 1402 28111 34688 29036 20912 25493 2541 29394 18652 15989 7512 8738 46116 45743 3894 20915 16906 7497 29393 34068 28108 45009 28121 21768 46949 28093 27244 5625 22927 2660 28098 45386 3879 28122 3892 42570 7502 6014 29500 6053 45299 42975 6056 35341 22025 18069 15906 12397
313 1532 48247 38086 46567 45667 38104 12469 32390 38794 13386 36382 7178 37638 1658 19453 37482 12401 23337 31884 41107 41639 27199 16177 30011 18653 45932 36384 20358 8606 13384 15191 30029 28688 8904 13471 30395 14896 40697 18592 7393 38910 30681 34275 27804 30424 30008 29771 30318 31528 30788 30555 5247 37282 41317 38484 39951 45637 5355 9524 31960 29928 5518 29062 44838 30518 29402 29812 30499 46788 40715 36383 20579 40273 30227 29838 29904 39096 29895 29869 17337 10312 41117 20708 43546 45328 43191 2828 39904 13374 45478 21598 9675 36990 22975 10348 3087 21671 30495 27204 12606 44625 36380 6957 32902 36641 18585 5102 29481 37321 96 7511 12583 36828 36185 192 36237 32676 35602 32903 3184 29939 46035 31404 95 23075 13485 26751 38398 462 15052 26886 33973 31567 41111 29643 21675 12640 35966 37017 21589 36381 9639 33008
314 2184 2204 41411 11238 2215 31813 2241 14627 13628 23192 37887 48954 34235 13639 26669 494 2913 35975 11155 15826 30304 37512 35934 48591 16844 38372 15771 2074 30779 35936 22738 49076 15717 41666 49146 47938 48824 40342 48855 35248 41669 42023 35935 41622 30953 35336 35199 37539 49159 44737 40661 41487 33844 36660 32486 32022 17034 27155 32854 41770 44086 40435 14067 23193 28496 17499 37205 42238 5929 20202 20670 20678 20677 42237 13202 18691 42060 1441 40346 8932 18690 30772 5829 12348 28085 38508 23446 10789 3008 11925 30024 24619 2005 6201 24996 5329 5831 38641 37092 5558 41546 23334 48871 5825
315 13274 26564 26518 4712 992 1275 27904 35205 4655 25647 10027 7545 3375 460 14016 39883 27902 34665 7546 34849 4083 33904 43805 40480 221 14057 35558 3209 14153 7066 5271 17991 5463 5307 26510 4806 6178 18664 14164 27963 28894 17289 27990 8545 3167 34745 8832 27574 4346 4369 13338 6228 35418 26807 19810 4332 3219 40885 34833 40673 10090 27300 36201 4100 7076 14155 7057 884 26551 3095 35560 19869 34295 11698 16137 25529 25848 32685 27955 7055 26541 953 28192 3169 4807 17306 16299 6836 4119 26581 858 18040 26583 27986 25648 5309 26576 35559 40589 13344 26575 3055 26540 16201 14154 25524 27552 7786 4787 16297 14158 977 16002 27303 33063 26566 27555 4950 6154 26498 7804 4866 26450 27934 26012 26579 621 27670 5266 14171 360 27853 942 2876 27561 34828 17846 25525 4219 7988 36103 28196 5360 12771 19653 6819 26815 28256 27901 26738 4273 27564 9757 3309 34829 17296 36200 3014 2696 4003 3942 5410 1109 8514 14175 17301 28305 1301 26529 26514 3249 42731 27560 18538 35215 3920 14166 34567 692 26796 34692 33222 43665 4211 25514 25523 13328 976 5281 42395 872 7420 10961 27601 32914 28191 6851 25646 1991 25833 32638 691 9270 5338 16300 27973 35555 833 10958 7726 7566 6260 26447 43233 1005 4012 12433 7788 4202 3922 8118 27571 741 16298 7841 4875 32690 27997 36199 16005 15920 27563 34746 18038 14187 34288 13330 35561 7738 16015 28234 4200 4982 3232 36094 10526 25497 1281 7859 1786 1869 31838 15034 35943 4378 15994 1652 44438 19286 12350 36209 8197 36621 39506 1996 36622 3015 1968 3927 30960 37754 15696 37701 24408 31716 32115 11211 16004 13306 14232 34800 15655 18120 32100 48750 30456 24208 32074 708 36212 24808 5501 3166 4026 5880 25644 25643 25509 9142 2176 7940 4154 32106 15762 32053 10866 32111 23421 2787 12171 24218 14582 1882 7890 36353 1829 24270 1691 12290 27236 20745 11999 8063 17436 23472 24102 48498 7489 144 3145 485 13116 30887 313 25553 1327 29543 31690 1896 40316 20447 31896 34886 24429 5592 17450 1833 7634 28254 19899 19705 30914 23526 36208 24260 8729 34883 14720 490 32096 27586 6870 29639 48222 22045 48124 1197 37946 41801 10785 36601 24986 30976 15337 31020 38139 32095 32099 32097 48099 21068 10763 30215 47850 32072 41907 47868 32091 32102 15336 5646 32076 31368 24447 41768 8199 25058 2107 11900 41928 17441 17487 17484 2064 24490 37500 18314 7087 32094 9366 30943 11843 8945 32085 31006 41514 24599 32057 8194 32101 32232 15681 11880 39075 36721 11863 11850 17367 27589 3138 38461 27590 31781 4258 1998 3072 32059 24441 34713 4292 11838 32050 4268 27591 1994 15678 1943 12322 2682 17412 8147 29831 24069 36710 41423 17489 3160 17488 17486 19299 31001 11833 9793 24489 8723 41853 26235 31008 32051 28158 32083 45655 12344 8718 22087 27422 36672 12369 6322 32069 3069 25041 1350 7658 29537 4356 29548 19257 23615 28910 4390 1496 25535 36350 26659 23605 29066 40677 23562 35634 17737 4877 7877 25636 44501 24039 46041 27581 4303 18125 44564 1326 44442 17370 8608 29727 22047 36203 1245 4403 7461 33082 11611 34873 8499 3933 7764 40926 35416 32081 796 44416 17399 43039 20733 29829 29819 17733 29020 36204 19746 28957 1575 5508 1644 1641 19678 44643 27668 14193 34815 8595 20469 28608 44021 32148 16302 8192 7938 7920 4802 28241 28615 27966 44037 13635 36599 4424 14444 28891 1340 7851 36202 29773 35556 36215 25567 10396 13413 44096 7341 7330 2681 36322 7338 2336 8563 29547 19885 1471 10417 8128 14205 28135 36911 16978 29418 28908 24018 26563 36133 36095 42582 19916 40394 39857 3178 36871 1295 28137 7612 32915 36635 29414 23601 1425 1106 17080 1440 4185 4183 10395 1429 5323 33084 29530 29553 36205 34785 35955 36781 1580 10880 9236 13094 36607 1564 30865 27584 1657 19744 41957 36605 29510 34334 1589 30117 19273 24130 29417 24109 44993 13089 32910 25569 29884 29627 29618 11702 35794 36608 19728 24128 785 739 11987 14198 7894 20426 8134 6439 13310 5284 8113 35417 419 33346 15686 32075 32104 41577 26528 48270 16739 48170 38042 32116 32086 32090 6502 32058 48288 35577 38321 4020 9168 469 29521 16016 14119 7905 8630 37283 28644 29640 30870 32682 12192 6179 27306 25828 8497 14036 36078 19684
316 15681 28728 8330 13149 778 10357 30449 20275 29994 32356 8302 12469 5820 12618 29931 31096 9564 38427 7931 19596 41620 8845 38714 8939 17412 283 41733 2162 26245 26677 13551 42008 31945 31777 31372 12499 30305 7314 7778 42013 30030 6406 28784 17102 31114 13393 28847 13192 31776 32181 40336
317 23533 19816 8618 4951 36174 5433 30088 34391 35015 29926 8813 28361 30035 933 7368 17250 14789 29975 12217 11770 27470 17023 29973 35240 7320 8623 12683 4823 17280 17386 12545 40398 24289 30396 33174 32883 20090 32885 30242 1637 34627 34229 16986 14279 17425 13174 12622 15752 11739 12601 15761 12714 13144 19584 15765 28116 15756 221 15763 8062 15755 27147 6944 26879 35610 35217 42600 29687 17420 15750 29935 17403 17248 11778 23997 26659 26866 18607 28282 29943 14900 26890 17468 33752 19812 1092 41073 3326 17410 2902 1701 15235 8414 40716 15764 19835 17391 10347 43902 15757 19597 28852 19828 20123 5019 11773 2903 1738 28862 13158 6950 5533 32636 17399 28360 2324 23116 13142 28735 32648 6884 26655 13159 35605 19822 3187 8778 33323 1507 1742 1741 30829 5548 19464 5510 9593 12055 5449 462 6885 8690 32880 2778 17442 40969 28388 5613 128 20747 6990 8765 5258 28355 28743 17438 20086 3183 2405 29997 7337 7287 8818 32901 15245 8633 16950 28471 26188 40867 2971 24371 34036 35216 14424 28725 37199 19598 12748 13141 6935 6880 29990 27257 17345 17446 17382 39957 8697 30033 34393 32366 20705 41259 28754 1926 32907 17413 5721 29965 12625 33778 39112 31743 7340 11740 23464 23151 17479 12315 19461 36839 40019 12937 17469 258 6964 37182 46043 26200 26169 37082 36898 19930 32592 38440 39664 13190 17344 37204 8909 19834 19504 28762 19913 17419 9899 1871 34624 24312 35204 29912 17478 37280 30031 12307 37470 17432 39956 35612 981 35118 35245 6882 32634 17417 28342 12654 22392 12915 20113 35177 33774 17388 14823 32898 1047 29771 20119 1478 40271 12101 990 6970 30835 34228 12738 35193 33176 45605 31424 34392 35223 34230 12337 26651 30013 37379 37299 32900 17377 29360 14861 27178 27233 30607 28265 27258 28359 7702 30012 31696 1779 27477 12254 30347 12056 12198 46049 19945 8607 40779 39110 11781 17453 36897 14273 10400 39663 26066 17397 36942 26892 32632 17315 1755 14862 23428 19941 34035 28294 39111 26898 12121 29355 17364 220 2332 18587 6998 14116 27259 14654 26870 21323 37279 19617 19503 14146 5540 33749 23078 10799 20115 33306 11785 9571 14137 17380 12932 29972 20742 29361 12238 13949 7675 6984 30828 6892 19605 7261 29906 28759 30037 6893 26714 1814 13136 34630 19877 16963 11543 35552 11552 12072 12064 30832 17483 37217 8802 8674 37215 26886 7669 28356 35186 9745 8588 8610 8833 19879 5732 8701 15208 12639 26897 32593 3341 33007 30826 37203 35601 37213 41090 14913 5665 19548 37378 29744 24044 5557 344 30268 19495 19596 38434 2938 37202
318 36628 48577 48674 48495 24767 24637 41901 32147 24773 48462 41915 24650 13722 48418 24594 24774 13670 13573 48543 13721 2213 48874 48933 48689 42020 48264 24598 38840 13701 48864 13656 13661 48753 48724 42070 48841 20436 7939 47908 39380 47637 38193 47516 24597 38820 2109 24402 48102 41982 7940 29024 31781 47850 41974 39533 38813 41920 8727 30480 47238 11900 29551 48159 30964 38145 47654 47451 28343 6348 7383 31834 13723 41671 41981 31786 48904 37846 48990 38070 13714 2229 49001 48982 13589 24686 41925 13713 41976 24816 41922 32175 36520 48981 44889 13726 41924 13716 80 38361 38842 13572
319 25564 19807 12899 9623 2336 13483 9622 14733 4853 13430 10442 45742 39562 42495 20530 4031 14402 15729 37909 3844 40819 3833 7180 519 14641 34326 5936 43502 7148 11696 26518 3526 2626 2363 13369 4277 17219 7072 7171 9922 25446 17044 2254 19188 28897 6869 3968
320 3385 39068 1789 9070 844 14873 18579 3052 9511 59 24255 18519 18708 910 16085 25572 26601 7627 30496 24077 13010 4945 1494 21537 24142 1616 28629 42455 14325 19640 1617 10057 43056 34955 32255 43523 28922 13570 15681 44663 10601 1030 16407 1226 304 1508 4335 8185 29550 39239 10068 24220 46196 40353 18507 2505 7142 44553 5362 43985 19249 7151 4318 28801 18509 4000 26338 14035 44451 584 12881 42586 18499 18659 44701 44006 43147 44523 36448 14770 6109 7853 10204 13048 5142 18510 9159 33093 32709 7059 43071 7795 712 25659 42936 23928 12825 34819 18506 32600 4925 1231 1122 4074 22252 23954 7150 44336 9802 27530 10499 17159 21662 36235 6044 9290 29380 9371 9285 40524 4978 43915 44752 19857 26144 19261 23038 43888 18501 6155 18518 19657 21659 4781 43784 9266 18502 10676 23718 18091 3939 19659 16261 7858 5132 21658 19714 19656 21663 19643 21656 19663 6116 14443
321 28513 35718 26677 25318 30198 30203 30200 25334 30987 44526 39321 39354 7925 29436 520 9433 6390 9025 30465 29252 15332 15312 38099 41366 30202 10632 15349 15337 37960 18742 15303 38431 25011 41395 13934 37031 29308 29302 23980 7872 18132 13328 7788 12500 38187 5455 15326 28605 7134 28631 10280 960 5586 16690 1433 16721 4266 40954 500 25552 3988 16659 9389 11985 27941 39294 4935 20458 4819 6600 3041 16664 7759 4766 26458 16196 4757 1379 4144 15390 10506 41531 36767 13549 30918 29562 10701 16882 38330 14078 25261
322 33978 2746 3907 16892 8289 18633 2307 17337 5101 3259 8775 27237 26804 15206 44190 14826 2972 7175 4946 3295 11766 3278 3 8239 17508 15237 2820 230 199 17781 16989 26812 4189 4417 14357 14295 9684 5914 26853 29689 14290 20357 8295 13833 3890 7225 26742 5026 6004 1081 26637 32731 33316 7479 8290 777 3891 14825 4320 4800 33774 3892 11705 3893 5508 27836 17217 35226 6809 7612 39617 3896 3894 5432 257 28350 32730 43568 26660 8397 43016 17338 15033 42603 33755 15042 14110 26141 44338 7368 31308 36045 9784 27358 40659 2933 14924 6985 17316 19822 14964 4801 33245 30846 33980 4404 3610 43100 27179 40254 33310 4963 7227 9768 5505 34138 21491 30112 5238 17360 410
323 40139 3085 14454 3052 14240 26593 3048 6070 26115 4062 43022 33702 3483 8403 22340 3251 40016 3961 35820 21385 19832 3518 43202 19826 292 8478 14970 189 14416 14802 42501 6092 8151 10837 2721 10310 2708 10052 6063 16862 9053 8283 18959 33447 2500 347 616
324 45521 45844 46733 47185 47066 47138 47144 44276 47416 46714 44441 45723 45087 45351 44659 45454 46030 44806 46808 44069 46424 44348 47618 44943 43961 44682 46870 45829 47179 45975 46728 45826 46804 46485 45582 47142 44147 47304 44978 45988 46357 44382 47481 45793 47536 47898 48292 48032 46379 48584 47797 48078 48370 48559 48608 48466 48166 48819 48726 48711 48743 47010 48135 47043 47838 48433 47773 48430 46846 48324 47154 46580 46133 48200 47558 47438 47985 47725 46750 43590 47978 48203 47731 43597 44039 48454 47021 46255 48055 47168 48426 46432 48239
325 20412 19750 9311 29535 16620 24940 45226 40983 30892 29213 26283 26586 7109 21464 19433 7095 13848 14069 14660 44410 16617 32715 14537 39012 21871 35412 6140 47051 13591 3154 2451 18567 4370 40982 41771 27371 3139 3868 43918 32368 39134 14590 2614 24262 8084 22178 40732 3447 10752 43004
326 1821 28143 26719 36820 12725 4597 2369 1284 42576 39419 17518 1294 33936 1014 26691 21191 14348 3290 19591 26277 15206 28716 2316 14134 4321 18982 21892 39177 39658 28415 20954 17363 1037 32916 28854 28343 17290 26620 21188 1583 988 15010 21893 27440 10326 18918 2783 19763 16382 794 8340 19006 31681 28035 36531 27454 19020 28281 27463 1762 27450 32973 29940 27460 8847 15272 12483 2364 10868 16381 27471 13459 27465 15797 7284 27455 21858 33493 1581
327 18330 19037 19101 17659 19162 18411 17614 40873 25144 38722 25877 35078 27776 17537 17550 27777 35858 17547 35079 13873 35080 30219 30225 25879 19038 17556 47737 25114 19127 25245 25119 17667 13532 17657 35065 25244 18412 19119 17666 11926 35665 20817 17551 47663 25118 17686 38034 6706 41368 37946 25240 18427 47776 4542 12027 17675 25116 41240 25105 6806 17552 12020 17570 17567 27775 26420 19049 19042 17589 6626 25867 25885 19036 17584 6653 35667 6771 41067 27781 25873 4519 31547 25881 6652 38581 17564 17559 30334 15505 6807 6808 36634 6795 36328 17545 17546 17563 4490 41127 25117 29840 23083 6810 45217 6811 45101 6651 17566 26433 41205 29738 44904 30549 25165 27045 20818 25091 25235 25121 25233 4546 25099 41528 19147 37373 25161 41228 38041 48606 25230 25098 41695 20825 41251 25064 25158 17611 25228 17691 25236 19155 25092 17709 32196 25103 25238 41681 17658 19172 25169 20821 19170 25162 30603 17700 19150 25167 25102 18449 25234 48984 37375 25166 20828 17714 25100 41680 27048 4545 25154 25084 48136 25128 17610 6625 17672 25125 4507 32195 25120 25122 17656 47948 26401 17699 17674 17680 17673 20823 30672 27050 25123 47839 25097 27732 17705 25227 19094 18459 25096 27047 38039 38356 25057 27051 25056 25250 41227 20820 25086 17701 17694 18442 24675 38506 18448 11927 8964 27770 25101 6654 25110 18405 17643 4541 47037 17625 30584 38768 25111 12022 25141 15538 25113 25210 17621 17664 4538 19118 38031 19054 18410 35685 23276 15722 17650 25139 19086 19067 30593 17620 17604 21532 29416 18398 30586 17581 12028 1905 6686 19090 18407 25211 46842 17647 19095 19074 37883 18402 15551 4533 46892 23212 17605 38520 4536 25143 37884 30756 19133 25177 41229 37803 25229 25189 48748 25196 25185 48999 17704 25190 25176 19173 18462 25193 41287 13681 18464 25194 17590 49170 25191 49052 17713 30741 17655 19132 4531 6685 18426 12299 19073 25062 19116 19138 38573 19135 25181 25104 25179 4547 41285 25237 19149 25108 41668 17698 18450 17624 23523 17607 15498 19060 6684 19052 6692 37338 4558 25882 38633 17548 30589 19065 17594 38511 15541 15539 19055 17572 17571 15530 15874 19064 37719 35675 23219 19051 17560 17592 13119 41069 26443 15497 30581 15511 35683 25137 36633 35676 6794 6650 15512 41042 26442 19053 19043 4516 19078 30577 15524 19059 6656 4520 15503 17603 17599 23220 6642 41778 4532 27769 15549 1686 6645 27771 15540 19066 17644 25868 15536 30583 15554 35684 38516 17595 38515 1904 15552 15548 30590 23185 6637 1903 17623 15531 4518 15525 47045 30585 12021 17708 12026 15492 4243 15550 38509 19076 26610 35682 4517 17622 1902 23198
328 15310 26937 39460 15292 15338 15715 41971 2169 39370 28777 12273 15709 12152 25011 32423 39361 25374 31968 30028 13934 42004 30322 30312 31763 31660 5849 30050 30299 17373 37216 31754 30071 6891 31698 31585 15708 39120 24981 2094 30321 24497 8901 12673 8897 24478 17490
329 12988 6947 8740 32559 9935 20375 2782 5 8045 133 278 2793 2291 2786 6982 14816 15014 21582 3293 2842 9833 2901 1203 2295 7482 2737 15255 7210 3265 188 32990 2308 19776 18598 19549 7206 3281 7959 8767 14263 7017 15032 14288 20120 2792 15251 14848 17232 12994 33965 14958 33158 3273 7023 9855 2303 8399 9573 3246 14827 14929 17208 19554 14842 8316 90 14900 8754 20595 227 17223 2803 22305 32795 19560 6957 17214 9931 6934 17228 13962 8354 7186 7429 2405 224 21962 20197 8800 9909 32991 2757 15047 15256 18588 9576 14836 107 14874 14953 14996 14921 13424 13494 8781 2302 34064 17242 15029 9863 8784 15050 14293 15021 6981 11176 2385 14246 2730 13487 9851 8413 8785 7414 8408 13927 3264 8424 14950 7962 34375 8358 17215 2297 2748 5878 7190 2281 16933 13911 7019 9929 14891 3210 9663 2267 3211 18628 3212 14828 2752 12985 359 12037 3245 15075 205 15261 9601 40419 87 3257 14890 33861 14269 14782 14793 3025 8394 11570 6073 14918 7483 2390 14976 9896 7020 3290 3372 2728 14397 11621 13477 15253 8383 11763 11758 14945 13415 2847 7185 9689 7202 116 2758 7422 14919 8321 2259 6942 9954 2387 14877 7532 15007 15236 2755 2744 12987 13967 9908 14941 9861 14624 7187 14970 3365 2759 14954 8771 21599 7169 14270 15076 3395 14906 7406 2386 13434 14936 14398 6890 7536 8303 8345 2318 2289 14940 14295 9919 14625 8409 3910 19639 9587 8792 20199 14829 14400 8317 86 3026 14952 14237 18596 199 14893 8355 8752 2285 21672 19475 236 2275 212 8407 3261 2284 14999 14271 17241 9899 2279 8374 2844 2266 14664 18618 3251 14042 14858 142 2315 289 3362 7204 14815 18593 2826 14110 33961 29996 206 20898 17222 14959 8357 1062 26743 35203 5368 8829 7327 19563 7265 19589 12481 20357 2406 7343 35606 17305 19437 40807 16943 33761 5286 13843 880 33972 33757 20222 20225 36170 17272 20242 12756 20229 36163 12459 32890 7328 35206 20223 27441 12405 35215 863 26617 17271 12735 33319 6971 1106 36171 17328 35193 19448 27178 35601 35220 15022 4264 35224 42298 8848 33760 19499 7986 16952 12740 35212 1012 12440 20736 7273 26641 32627 20108 19874 6999 17342 22671 14994 17337 26790 12503 7270 915 12824 17012 12476 7296 12830 15456 20224 35197 34381 6985 8826 14033 697 472 27168 9719 27177 26696 787 12392 19866 16897 19481 26767 14152 667 766 20103 34257 26704 21590 746 19851 32621 17238 5293 14103 19579 26623 26666 25966 8831 33172 12434 26788 17288 35185 26663 16988 19870 22707 14049 34619 34384 5428 12442 12406 32894 8827 32622 26772 7302 27439 433 26695 656 25982 34620 26680 35982 35221 12758 16942 14055 33305 20218 17282 12736 6926 7985 26734 33315 19581 17309 5265 19858 33314 26693 5253 35464 17276 1013 28250 2015 23264 32906 10734 25010 2017 2029 25024 24720 24401 14642 2111 24524 31822 2052 30051 20757 32078 20758 32889 20749 23536 7374 32656 1530 19803 37216 126 33410 32653 5596 31423 31980 31428 28758 31676 33533 36891 15768 40817 32306 38830 25437 26944 11861 20766 6905 2173 38179 8835 15767 2196 32068 41520 32077 32117 13546 25396 32056 8891 20764 24603 13645 24815 39061 26953 25382 13657 24738 16745 11813 11821 11854 32654 38822 32103 5884 34634 2152 13555 17188 25296 19507 38847 2133 32084 32110 13548 32055 32657 26812 17385 12898 35803 22823 17350 41088 28377 35337 12565 5508 12454 7365 27449 12588 19850 32635 17351 5436 28356 19902 8845 12888 35186 9724 34033 5439 26886 17335 26874 17333 1353 7356 20221 19494 24632 8834 1634 35214 19500 34390 26733 32613 28142 19604 15765 28269 33762 28739 34626 21677 35244 19458 1018 22824 11713 1722 37202 13145 39090 35236 34631 40403 24384 30032 26902 17448 5540 13925 30008 1446 19632 12449 17369 21676 19627 23043 40820 7699 14139 17411 1514 11732 32646 34625 8068 41089 2299 35457 37198 19496 3291 12370 12211 36612 14951 14910 17244 7522 2819 17284 14995 7222 18625 110 3301 7015 7196 17240 6955 6993 213 2850 6988 6991 9903 8783 8739 2277 40420 12074 33159 7403 7182 14965 8779 18591 18615 9646 20198 2843 9739 33868 8417 22026 89 25633 8788 233 19799 8762 33979 413 39998 15073 3272 17261 9727 17207 15006 19824 15003 7226 14931 6983 17256 33968 3283 15066 14012 17435 14880 18622 40560 9681 19818 9650 18641 33967 18647 16967 13964 18635 9695 9634 237 2805 2356 7011 40432 13924 12038 7964 13961 20708 8412 13966 3339 37210 8043 7199 229 14247 7016 13433 13936 9632 6987 9600 19775 14990 15204 9590 14607 2264 14985 13914 19558 8445 2389 35167 3307 228 9677 8778 17254 6953 9669 7963 6968 254 2761 18963 11760 15046 255 9678 15027 14986 2269 13484 18623 19555 18956 9913 3294 35168 14895 5464 2686 9685 13416 14470 13916 2753 2733 12033 9676 14296 85 14023 17205 17211 8044 14902 15026 3258 9748 6986 15025 17267 20720 6979 40556 7260 6961 5252 19477 13982 19827 700 7256 27148 15009 3324 35187 8820 9582 3329 9664 40127 12387 7217 7253 35448 6941 5246 27152 35011 35449 35175 19567 5480 14253 35181 5254 3332 11793 17273 27159 18604 8815 19570 40091 20209 21367 14016 8814 20234 19840 2954 26227 14259 27149 15024 35166 405 33747 26699 6937 1632 3322 8821 3327 8398 7255 437 4803 6916 19833 20230 3323 8795 19493 6972 20096 4805 8812 17249 8807 447 664 34022 13978 6949 7237 13979 13992 8787 7246 499 427 27171 9674 17245 14052 35178 19806 11787 14007 20712 7973 7239 3315 214 521 26632 7969 5357 15037 26625 7004 14032 7960 9712 40701 13998 18636 35174 399 672 40423 7388 9684 15060 13995 13986 40573 15069 300 26657 19829 5920 14979 13987 11774 40561 7232 332 2848 34379 26642 3356 26631 17915 25965 19814 26107 13973 9754 33756 7254 9718 649 2945 17801 20717 9592 15055 19568 7970 6996 20386 6962 26778 9735 5378 7003 6959 19839 7968 6980 13950 21366 26618 20299 17266 15064 14249 7971
330 35202 16867 16472 3934 3302 10195 26727 11697 26579 20425 27963 26750 845 12403 25819 35335 43134 26759 33886 8745 34430 7022 9897 2377 26678 22399 32558 12044 3039 7973 9674 34703 9633 27152 639 21847 13836 34854 33497 34701 34702 25830 35622 25282 34704 31203 15660 11005 12270 23098 12363 24858 23828 41244 29274 5865 27280 36993 24461 25041 21846 20277 25366 38621 31796 11917 20061 8176 42014 15701 17832 33319 12832 12855 23573 28095 12780 18993 31204 34707 3487 39008 2609 21839 1698 12137 17016 23662 23687 29187 1428 1451 6251 27583 1647
331 44928 48703 48906 14088 48774 19304 46186 22941 45410 46873 46782 46756 42049 38741 47155 46529 23259 41204 38864 32282 47417 43905 47025 47323 47217 47173 45868 41786 47325 29124 46139 31921 45673 45881 45737 32271 46530 37036 46178 23313 38698 46360 48490 32394 41048 23184 23128 32521 41302 46063 32137 46506 48491 32292 48063 47209 48408 48422 38630 48492 37911 48431 41659 45895 41799 41795 46585 46324 46408 47603 47514 38693 23278 48342 41829 23183 48352 23289 45746 48122 45687 47862 47899 47507
332 27423 13072 24257 7391 3846 23757 20268 30365 28861 13095 12287 36921 21777 23751 28372 18073 8022 12799 7435 39004 16291 6396 29188 23697 30325 28470 1382 26533 34183 17049 16047 36423 2609 39028 11249 17015 867 26676 18127 38972 6395 27123 34430 7595 42240 26300 16045 18238 26795 948 4076 36831 25554 38982 37264 39009
333 8286 6856 30919 7916 5714 23476 6310 1974 1424 3127 9554 9553 1476 5757 13385 5864 34870 24444 32370 24172 2884 1787 41862 4719 11908 24446 26938 15516 41879 41876 31002 19846 35497 1935 6827 775 34848 5275 985 20239 11983 12575 6878 35195 7609 3870 18575 6315 7625 18489 27452 14196 6226 6840 5323 33351 25557 3221 34916 13329 1421 6015 4144 6830
334 48213 46766 45735 46052 47292 46908 46463 47338 47589 46695 45585 47367 47808 44908 47609 46560 49037 48784 48983 44363 48875 47456 44354 33369 49085 46553 48801 48986 48955 48889 47151 46223 44086 48795 45355 48738 48153 48455 48212 48328 48273 48429 48555 36398 47750 46390 44821 45636 44195 43180 47188 43415 42906 45192 43588 45319 44280 31464 44939 44688 45755 48837 43962
335 11305 32386 39522 38792 11367 23206 27716 23324 39338 11382 38866 23299 39495 23297 41791 38785 31543 41738 41823 41847 41342 31580 32241 38772 39496 41938 37256 38738 38800 23205 37400 11313 32464 16847 23070 38857 37241 37434 38642 41566 48919 37819 36495 32244 47935 32270 15410 37657 34556 38101 31611 11381 31411 32389 23194 41793 41815 11332 38605 38935 34541
336 13544 39089 26949 31826 11857 32101 31282 27272 27486 27479 30230 30288 37768 31265 11910 27484 39060 32107 2126 41239 17481 30287 31817 26934 15272 27487 34927 47159 36653 45018 1057 2861 26143 36379 37791 39125 37787 27426 15420 29352 15415 17178 30310 45503 26722 39587 15770 37767 46759 5808 38807 13648 16855 5573 13510 25430 38811 6506 41621 25420 27790 31761 24371 26933 38670 44962 2965 25287 17330 46941 29295 34633 9921 15796 26931 31813 7006 46816 11893 25425 5793 15714 28769 38601 27482 11935 38835 42177 32078 31819 41492 44425 30468 17963 38494 8936 33769 31824 39150 29262 31963 8065 14052 37573 27483 23347 5794 19596 46957 42172 15703 1636 32067 42178 30286 10705 42173 31982 31430 25708 39371 27480 25791 38666 1926 6229 47422 39586 38667 5786 42176 5852 42174 37076 38665 2047 7381 25369 36866 36617 25271 5066 34627 446 8868 13170 15147 41071 41317 26928
337 23347 31039 17466 36896 30067 30982 25331 2287 15681 9771 30299 1576 30039 37383 8062 26912 25272 1884 9601 2004 24497 25308 1925 2019 30454 39116 5966 5715 36355 36359 12280 28987 28733 7347 20440 40528 12652 11935 18635 26232 909 25416 31384 26899 23535 19596 39142 27369 17465 19630 20423 19636 26918 7087 24591 8884 24986 2094 29958 5600 10784 30925 30004 4046 15672 26043 20433 12673 16907 21725 17485 33784 30074 8889 22579 5965 6257 18618 1845 12335 6891 17321 1832 17964 4842 9563 2021 20759 28381 8671 30302 25273 35338 12775
338 30836 38429 25435 37334 29185 8845 31977 25422 25434 6930 9759 26260 18996 28250 8764 29771 9609 14903 19603 48518 17304 28358 12329 41946 7535 13585 38001 28750 6471 25367 26677 48356 37387 28306 30139 19554 32363 48806 745 2942 11938 16627 32356 41583 34240 3743 38899 15577 8927 16622 12331 19596 17102 48023 1590 25307 965 250 2933 30165 30310 32345 2162 38843 38817 1918 12716 16882 38371
339 8196 37384 38678 19596 8092 49183 38654 11852 38855 38498 36503 39967 48626 23262 30825 38000 38376 28169 12673 41996 33960 25696 19166 31574 23199 31811 31803 13706 32135 2128 30480 15681 13547 13575 24604 29920 30468 41276 34532 4049 25411 49043 13818 32226 5590 37667 28168 14435 48006 13394
340 10436 4260 42773 2409 179 45201 33567 40177 2670 42953 14759 28893 46461 6151 11104 34196 8262 6034 8082 34195 10068 4027 14754 32913 14751 21450 26137 22530 21449 6367 13797 42461 21352 21509 22077 14596 19769 26290 21825 7510 19783 46023 47015 34949 34950 44352 6206 14524 33623 43996 42892 16168 46706 19786 33133 34948 16167 14538 47307 46187 47097 45664 45241 29898 43630 46747 45475 3806 22021 46918 46479 46930 21826 47067 44234 44933 6081 20259 46721 43362 2415 46778 47017 47001 8247 46959 46907 44900 12996 22224 44591 21814 21776 29490 21715 21868 33990 33997 36491
341 45476 19596 2998 45263 26253 41058 45732 41238 19491 27119 2301 653 12674 12589 31890 41258 9897 45145 18387 44314 2766 10329 2959 8797 14107 36443 17808 3266 44082 26684 18072 45398 35918 8293 9734 3907 45029 12036 7267 2284 3380 7029 20396 34284
342 4416 3537 46501 36284 19241 35845 5000 34910 40268 34760 46586 4870 6340 23397 3884 8756 48004 4915 4413 929 4236 1179 38998 23641 16996 23609 4393 23659 4226 4287 17105 17091 6323 19914 4011 6412 891 28650 6940 30130 35793 2578 27069 25588 25545 831 686 3701 32685 35317 4787 3937 19900 14352 1017 37544 7089 26557 4176 39010 23911 28555 11984 35970 4111 12301 4364 40289
343 14177 13821 17162 1468 32792 28698 21896 21041 45258 32512 45210 8782 32806 33843 28427 7044 43488 16904 28061 17121 40696 1071 28099 34140 43402 35437 32810 17126 44593 28056 22062 11099 21855 43498 43139 14809 20321 14716 29591 8252 13588 27292 11472 30900 32729 28060 23847 44951 45224 15966 20585 38839 13514 44494 48416 526 38802 35264 33638 38468 48336 4422 9207 36756 33298 18301 35809 32805 22163 7141 9811 19039 21064 26092 11106 40595 26095 42588
344 46174 48383 46904 45586 48367 47887 46198 44840 45800 47630 39181 43626 45779 46305 48471 48930 46058 45801 46937 47806 48639 48743 47886 45761 47444 46646 48731 47442 47305 46867 47099 46097 45971 46642 45182 47512 47011 46725 46719 46807 46541 45902 46245 46109 46446 39345 45211 46691 43595 46271 44070 47647 46165 47824 47073 48160 47894 47780 47659 47922 47408 47908 47539 47361 47809 47569 47658 48241 47802 46885
345 19401 42305 27719 18419 20056 33672 39231 24978 37901 41167 27711 27707 31378 11912 11917 15523 31056 31054 11820 38521 25958 38624 37976 18401 31745 4621 40571 25040 5747 24541 25022 38618 25020 32423 24522 24495 37916 24958 10732 12299 25026 20753 11858 23036 32409 1573 8713 201 12168 24615 6910 25035
346 10902 15367 38149 23892 16795 38249 38231 38130 38248 37922 24296 37972 12152 29306 37117 25318 35718 10783 18489 35853 40298 16783 22545 29210 16769 30211 27411 21070 32913 21067 10184 10087 37834 15366 16828 37518 442 35840 22737 37552 16784 28094 36791 31421 16755 37000 33201 38255 38226 37562 37829 16815 16814 15411 34546 16786 37020 38348
347 45890 45582 44566 45215 44898 44168 44505 46674 45151 45351 46426 44348 47215 46377 48323 46661 32444 46789 45053 43555 45759 43597 48125 45915 47536 46384 46138 46323 44978 46714 45150 46472 44943 44800 44940 47523 44346 46332 48092 47139 44076 44146 45852 45793 47706
348 17160 20810 15869 42753 19182 9464 9303 9457 9291 27950 37458 33991 29193 21350 35159 14948 15861 35586 5485 42470 22239 5156 5213 35422 30491 13210 33277 19516 15260 9196 2896 15842 23272 37259 19970 39849 4609 19959 20832 9480 17636 40667 35398 39280 20003 19192 44057 28059 2443 29872 35801 21119 36903 36841
349 8035 18209 1731 23538 24334 5605 30280 29993 8886 35045 8862 19610 30283 6586 16918 30297 30263 1689 30278 30284 24301 26892 23221 41292 41339 17141 12144 24284 24303 8861 1798 23462 41261 19605 1825 5616 9773 7669 30257 30251 30264 30252 6583 6582 11713 36156 27269 23529 30259 12343 30286 20961 29955 2960 29084 37673 25412 24335 23530 17953 27468 27469 1803 1921 23436 24526 15703 38443 24285 29941 30295 31673 10362 1977 12377 31694 24500 30270 2058 36856 24513 24330 32498 30310 25286 32061 23430 31975 28328 15706 24521 25419 25418 31769 38671 31957 5712 30064 8040 30303 29975 30287 30258 25278 38444 23253 31697 30073 23447 41354 23229 35999 5668 6587 25276 11735 37272 37674 27267 12364 8895 31748 30298 30267 30003 17412 12153 8893 30233 24449 31695 8888 23537 30271 43472 19894 23461 30062 30068 30248 24132 30261 43778 12461 40391 40390 19586 35200 28285 19439 26823 1153 18756 15927 27823 5438 22878 1142 1213 26819 35991 5344 26752 28287 11704 7238 28261 28651 35022 27217 860 28310 5325 12517 35930 22884 12498 26155 5070 35025 8003 28251 19445 1046 1009 14058 12501 5351 1022 5291 26861 35471 975 1087 1186 28298 28263 12533 8849 28312 19483 7990 27209 1236 12427 13857 5492 43744 19442 43745 6999 8858 8864 11710 19450 1115 26034 26056 35988 4972 1173 35028 34386 12511 6977 17334 22659 19600 22828 28288 12812 13859 28283 8013 43747 1133 8859 7995 7991 9671 12495 17281 27229 8825 5435 26048 27982 28314 764 1042 6546 35209 35026 7326 5450 26645 28257 812 28542 43450 4980 27936 35476 813 1060 35435 1114 11703 35980 12444 7988 31667 12493 26782 12474 29911 12473 35983 974 14866 5327 1038 26775 1077 26768 16059 1056 926 4979 12431 18247 26820 12505 35977 8842 19577 26791 4718 26817 12489 12424 35475 901 6543 2915 1130 29087 5322 12488 1136 28800 40143 34450 26781 35474 19884 26029 12506 35478 40138 40137 865 27225 35987 26729 35015 8833 28284 5448 26146 28258 4842 5418 8613 26814 26154 26800 6539 24201 6007 29054 2992 17303 7009 12808 28252 35466 11701 35465 35473 1131 5094 8840 12810 12534 737 1092 27196 1097 42442 1543 35035 1703 28299 27274 19592 8016 28260 971 12569 694 8029 1585 1649 24200 1651 29914 8057 12593 18183 30569 1635 8650 1592 4328 37007 1715 30229 11707 8631 16496 24136 28376 22998 6573 37005 6575 27270 12457 17947 19912 37003 5532 29924 941 27251 27275 8039 29969 19622 19623 5710 28271 19943 30250 1765 8659 30236 7700 39182 29923 6585 12686 30269 15145 13164 11726 39181 12607 40950 12251 41247 35986 41248 28313 29912 27245 14135 10727 26055 12614 17952 30255 11727 1677 8581 11738 29913 29598 1615 7682 1106 1353 28318 6576 7665 5411 20351 7310 5452 12512 1171 27235 1149 28278 22806 1185 23942 9696 19451 14190 5098 28331 40392 28349 1273 12842 12504 5434 1351 22829 12516 5074 27214 35996 10313 12862 35992 8023 27228 1224 35029 1100 12526 22791 19448 1399 1044 11709 19452 28332 40393 28352 28338 12548 28307 28348 35482 14126 36930 40959 17165 11994 27256 5585 37004 1196 37001 35034 6943 35230 3007 30572 26818 28340 1668 8865 12600 36844 29341 40961 1058 6925 28280 35030 8855 5394 1048 15939 26058 6565
350 26148 26122 4087 21424 11031 16900 10039 26121 26094 28070 19340 1296 33920 13057 12523 14519 14885 16526 8845 29028 19596 39972 33421 30316 44482 11583 34902 16523 40943 34045 21362 3117 24021 42064 42063 30858 17166 19636 45526 39545 22042 31451 40021 40366 6633 3780 17400 21843 46036 200
351 32063 30407 28362 1830 28363 16131 5650 32594 32620 18096 47 10755 7873 17855 40249 36270 10343 12603 17854 9231 26884 12681 30834 30925 34724 11872 43166 3285 45 29552 2075 209 31773 3061 1727 30286 19603 20455 9203 44679 30906 634 20462 9221 5500 27902 10720 12339 30043 14440 30239 25420 10789 31956 46370 1997 30455 12845 9383 5811 31836 30971 30310 9251 30649 42057 42056 1252 31011 29970 44579 17304 45175 9423 30493 30530 44570 43549 2914 3338 19918 42643 29006 45294 14134 611 36702 8473 363 29343 30326 43596 12368 24692 30400 24821 19868 22600 29834 2740 1191 32052 44622 20437 9458 1553 3429 3312 24166 43395 9193 13108 12439 17065 17102 24242 43125 2032 29708 29550 18386 4984 14056 7293 7412 28395 1745 44312 42053 42054 28353 23076 7268 31922 46161 212 42055 28392 23355 29774 25564 8285 7538 1757 41053 36763 38087 31098 42492 24800 42726 38353 14517 48808 41296 1250 45499 19950 45823 32170 44439 32177 44314 11447 49106 48258 45695 38083 30529 41620 37792 43248 24776 48042 2236 45073 38074 45777 45595 13653 15796 32121 12982 24954 32082 29917 44653 47495 5859 31520 32803 31662 12531 31987 2051 45815 5512 41483 30701 47667 2062 9483 9482 31994 41081 23135 13687 30877 21666 49086 18272 24386 25338 9293 48843 25335 4948 5775 30706 37184 24546 2151 27157 30699 9359 38047 2159 1624 42419 43963 35222 1897 9466 5075 24622 20440 2225 17409 12482 2072 2119 43244 39507 9207 31834 6671 22091 18628 15681 12577 6635 24596 12642 6518 23350 12684 1749 6519 12676 12677 1875 35465 24715 6663
352 49148 48726 48098 48837 48430 48603 48799 48875 48763 45586 43048 48403 49071 48831 47716 45810 48889 48366 46454 49130 43167 48882 49057 46391 48928 45735 31379 46435 46390 37311 47264 47260 46576 46912 46052 46727 47023 46762 47188 47506 47847 48149 47504 46976 46571 46984 47062 46903 47499
353 9505 29039 28600 32819 28211 21199 45071 3077 39674 2491 39621 15986 7156 33504 22111 19726 13920 19566 16727 45297 39551 6894 19335 42630 3800 22219 11713 15947 13254 8238 3796 3450 39769 13273 27978 10725 14846 21198 35355 36862 48850 28574 10164 37207 24265 17277 21197 3195 45857 32754 19259 47364 42074 39376 47917 46818 47402 46663 43712 31596 27138 42661 11648 46428 3405 6425 45890 3843 3461 46189 30804 6089 29399 9036 3480 45990 39324 8279
354 38471 39122 46654 9828 23065 6246 30235 41338 3975 2996 6245 30917 24698 41079 47502 39147 25796 31778 46124 24918 45923 29633 45799 32520 25799 31782 36626 17836 23175 47078 30119 24344
355 10713 60 20882 36783 13520 10621 30740 30700 30711 29910 16666 14093 32584 31123 9544 31118 21884 30721 11456 11455 13668 8652 30660 11460 23103 9601 2271 26670 37048 9500 26720 26643 12100 9376 26249 21885 44022 35947 17350 35193 2514 27935 28818 9396 27230 36158 10591 39676
356 29697 14422 14605 33759 18730 2962 2268 17086 17088 14981 16972 8281 12939 17028 17014 34385 23645 29696 17754 10429 34580 5023 27572 20955 33948 34053 42485 34649 14719 16998 17001 29691 32932 32773 33114 33357 35354 28213 33111 2407 12511 43946 34158 42827 12847 13491 27576 34489 39971 27684 1035 22440 27083 25774 33880 27568 10268 5251 27574 29215 34650 34928 12624 36498 36497 37170 16993 12219 30331 8391 32999 14587 17070 17012 7389 29186 12221 18812 25474 6083 2531 9114 10208 32866 29706 17062 16986 13359 17013 28557 26196 20921 23097 21975 21724 22248 12422 18342 18574 18068 42390 33283 18720 17019 16984 16992 17033 7046 13355 39049 34651 12637 628 7163 10262 21604 13356 34614 33000 2879 7418 20628 20629 20910 13357
357 25013 1996 25492 34409 12279 6444 14735 4914 36033 16531 11647 7918 5384 27269 18454 26254 23960 7728 10984 5521 36981 27058 33367 35060 3146 7036 37473 31774 41246 40941 29538 36128 7894 1707 41139 30551 20174 14328 37538 7947 23365 32694 41193 31403 6443 20407 12311 10453 1781 6351 5258 8921
358 20536 21873 38131 13021 35581 40434 22213 626 28869 37103 34148 39225 38407 26354 29273 37599 37511 34192 28041 37924 37655 34540 37828 34585 16820 16831 37658 38234 38163 39233 37825 35589 33834 35286 34547 3704 34214 34762 26854 3527 3427 24864 20322 38984 26749 37659 28198 27848 42245 14510 25597 35260 40927 12106 7599 17011 27389 4614 23666 12936 12908 23570 17056 12789
359 25511 10836 49015 4696 609 10835 16879 2879 11951 3215 9961 10242 33531 7539 10846 7064 10095 10364 14091 3981 7157 3811 9137 17496 10224 26829 33743 35301 10230 14830 8256 170 22202 319 3216 7542 10188 11672 14395 26363 26521 747 13045 26649 3526 33085 34 6211 13242 5255 22244 34844 26855 13767 10494 805 768 4709 40090 22268 7554 34847 40511 10267 25522 7052 17497 22516 13991 13315 658 26842 16195 42435 7768 10476 7061 7120 16214 11061 9846 243 7123 14581 175 7477 42453 33675 5912 560 14745 5132 7441 4716 33624 10269 17901 10473 10228 17903 10392 16081 20363 14750 19524 4695 4668 20364 7420 20374 568 239 11475 9109 32977 19661 14746 571 5183 16215 10443 10374 186 14573 13228 10379 19523 40431 5326 5680 5679 11466 7098 1934 8469 21220 7730 10385 21731 10222 3242 20381 7526 7478 14558 10231 34867 23950 7879 24123 27389 1520 24094 28599 1526 24008 28669 8057 36770 7877 34815 43671 29658 20666 28675 36275 9481 1027 36530 29646 4298 22105 7816 28930 1675 29619 37720 20462 29599 7914 23520 29222 1980 10712 47515 20445 32351 13690 31781 23160 25018 43965 24036 24130 1456 814 25852 45014 1544 24221 18183 34873 45002 1547 40903 24050 7885 37283 29382 45577 45501 7817 27959 7738 17832 13757 750 43566 11605 25574 4083 13037 1127 43178 711 9349 8515 22869 4216 27938 7742 34667 13371 34404 1201 26673 22628 16228 6306 14168 35306 10159 40902 35007 5363 13038 5015 32775 3940 17880 1150 1319 27845 27941 40945 6338 10138 23935 28695 3237 5010 5130 22520 1274 27562 36425 43680 42728 1345 1215 22757 25501 42819 22820 4144 27574 26609 3962 43371 15923 26584 10860 27846 40814
360 22258 24252 6437 3410 33198 3467 11133 39323 43950 12155 3444 19243 20211 18097 27392 30383 41566 30841 16366 15897 42287 16339 42281 42289 22051 37297 39334 36159 24197 12242 3730 45573 1595 12286 33161 22079 25914 8157 42293 1498 3502 15896 5406 4293 7840 42275 34717 4102 4151 42291 13029 22280 4675 7487 3620 42824 36248 10969 9810 9484 3860 36973 42277 34518 22724 36968 20556 32837 25918 20603 30525 40868 11693 35847 41535 42597 1493 39403 31360 24906 31060 39462 29466 39129 20059 29460 5774 10955 33673 25027 23733 27419 20572 5835 29856 31684 31361 20573 39307 14767 38115 44294 23552 3420 14506 8199 10896 43149 45980 12296 27839 4308 3632 42709 38438 42280 5676 42765 21793 44633 1123 28438 36735 3414 39452 14501 29855 6876 31349 22052 41361 18951 4281 29857 15103 7928 21368 14089 42374 40202 42759 10778 20785 42288 42278 25951 10920 11137 370 20893 7101 21903 42284 43295 28691 35330 35329 43133 14389 35331 35052 35884 23917 28019 42568 37479 42871 7923 24951 32316 25029 42276 15108 13505 25407 49002 31363 20520 15905 34826 11670 97 9824 11135 35388 22089 21412 3749 42285 10600 42282 15092 20552 3081 19232 3659 10887 43261 43123 39987 28578 13373 3999 29130 33553 21902 39776 42273 21153 9054 21400 42428 25542 11681 11270 6872 18952 21854 20779 13629 15080 10873 770 39714 19864 12075 3238 676 33270 11677 34430 26308 535 21985 11666 10872 42836 42432 2883 244 16187 20144 4693 5802 34515 13702 19231 11667 2424 42569 42898 3819 5661 11296 30868 20548 32219 32983 32439 14505 2217 31399 13625 37811 24710 5034 31712 15107 30504 21225 20561 11690 4774 3770 35834 23681 28662 23678 42279 42272 4713 34075 20908 42941 44223 25500 3633 19854 42505 3658
361 13839 38905 29878 8079 29344 29345 39310 13769 20784 10112 36983 7742 11668 39691 31542 30228 32296 21238 15985 25859 42156 30908 20625 3512 42152 42158 37454 30524 20626 9862 10287 40018 43252 21404 46111 22588 39894 13345 39948 28186 3504 42154 28817 22269 7746 34898 25460 30113 3505 11055 21949 29835 33594 33189 32938 22608 21729 15091
362 38856 25676 28484 42239 32266 32291 41780 11376 10762 31918 38764 41527 38895 32240 47314 32440 49156 13590 36910 48973 48893 39058 49105 31881 28837 48274 24620 42266 30771 39319 23285 38732 46758 32035 37985 23318 11400 42362 38909 48752 27861 32237 23166 23191 15172 28492 31879 31617 27342 31923 28494 37193 31612 39186
363 2690 38683 15015 19501 2854 42046 14141 13795 25293 12989 32246 1097 8297 13019 22023 7263 21574 22022 20366 34243 2777 17728 11241 13413 21568 2856 5279 16470 2853 28563 18927 45270 12385 11176 41277 23218 27603 36854 12035 23164 31936 23004 43959 10311 44159 14106 47431 10320 28343 18991 36587
364 9569 44494 46834 45159 44521 44621 32026 43048 45481 45803 47066 45907 44566 45902 44400 35273 43315 34210 44310 44043 44071 44878 44879 45050 45098 45964 45138 45850 44381 47080 47847 47750 46738 46929 46684 47062 48463 47462 47354 47023 47781 46183 44047 45936 46571 47634 47819 47367 46725 47448 46674 47161 46435 46286 46477 46576 45965
365 25457 8612 19596 4984 16112 34880 3133 24048 19934 3950 4312 11717 20485 8126 42670 42642 29538 20434 24032 1819 5671 3931 8190 44724 29522 7749 16698 10276 43327 4379 43435 43020 3086 5520 12883 4882 25552 44311 7576 23355 5349 677 7556 20416 16260 10567 27921 7738 14161 8621 20407 4083 7557 397 4888 7563 3044 13793 6144 14594 26580 4164 10167 7142 4040 7577 16408 5359 10854 9870 398 22194 25465 450 10482 25621 9881 9871 7948
366 27062 4131 36478 19587 25774 17856 35646 12801 5347 27568 34906 37992 22713 25571 10645 5327 12765 35548 3710 41486 34030 32783 44015 8916 36448 37969 36370 37592 16510 25796 3882 5842 37494 41325 33461 39225 34603 9271 37593 16821 11262 1302 1353 33540 37437 37657 34546 37664 37491 5862 39262 36537 16779 24676 38125 18495 40916 38226 37069 44127 1206 36020 36000 17736 36001 36003 36496 3017 28112 8020 5044 36300 1080 28113
367 32587 14154 16895 35319 10932 32750 428 561 11281 25913 3389 36737 12882 36314 1329 40200 36677 25472 15981 18973 27309 26572 38998 24172 28431 36797 25945 38158 5769 13365 1837 18527 5077 8683 39032 24286 37513 38211 38285 37780 16786 16790 16814 16318 6406 37836 16797 14072 1665 23725 1525 32685 27130 4937 34322 35859 12818 27310 44355 10187 43240 23361 23772 8640 4421 31163 24046 42630 28690 8654 6223 25908 26730 17766 1189 5313 1192 4214 3270 18976 20332 891 822 5063 4167 33221 1201 28607 34329 4708 948 34834 32691 4115 22622 37935 1180
368 23430 26487 10723 31001 2107 11863 2100 31025 38542 46933 41151 31094 11710 2001 24344 34915 34693 17966 41995 41730 47163 42015 8400 36618 47475 40337 45540 42076 47861 36835 35709 48087 39492 48083 48091 38694 48018 31710 41972 5703 6828 11814 13326 23321 47567 46435 47811 2084 38908 47880 24592 30878 12700 43006 23504 18632 5714 7918 30297 2297 11713 2298 6330 8648 24357 2970 36157 35538 32442 32294 20451 477 36154 7907 41207 2299 17956 47241 30293 1347 41179 23398 25268 28330 24048 36661 9734 3032 28919 47303 36606 37540 48268 25282 28267 13156 5635 36845 19266 37529 17352 26646 2290 33425 47857 20627 4145 44416 23537 8581 3188 41162 8366 32996 2291 39442 18373 30889 13152 23054 3890 1913 32447 19596 2777 40775 23507 18093 23247 25782 46326 40294 46535 36481 33423 35550 8845 1653 31706 36081 41489 41403 23489 37535 36542 24379 23364 35225 41180 1683 24449 27598 12471 37481 31727 1996 41410 36534 49150 49147 41707 24417 31815 12326 48279 36890 25778 39163 48646 48913 49019 39103 22981 38953 48656 6072 49169 39439 40371 13689 49173 13726 37818 49178 48965 48753 49079 39441 38964 39536 48975 48204 48389 2087 32002 41406 13401 18715 41512 39158 48297 48915 45511 24733 48211 13888 48341 48859 38886 41551 30468 41656 41558 48076 48694 48168
369 30854 39883 42425 14328 42422 34251 314 2445 2715 40194 28622 19773 27223 42756 30249 36067 41757 3762 23009 27134 34041 25901 12995 4286 15121 46657 30898 11000 37040 32585 10466 5546 36558 22300 34221 42391 22477 1938 42437 23488 3776 36076 3733 26296 35059 39808 39774 30908 39520
370 25932 24096 15744 24278 1693 34875 39048 24295 26088 23518 20503 26998 34333 31068 114 8698 23469 34874 6413 18491 22812 17169 18515 29727 8015 23345 43595 43598 43391 39020 29349 29620 30800 8984 29675 35138 6437 20309 36321 1528 27542 10701 29793 24074 39031 38990 1868 12807 12372 20450 24309 3881 39224 37699 23820 23403 27000 30057 43117 18006 23392 29249 19719 5690 39321 23371 6740 8960 34497 18203 30014 28980 23525 6432 36698 21180 18207 1570 3144 30620 34940 31176 23148 24382 18531 13080 8982 7572 33717 36406 9031 15671 39370 31843 31796 37327 37123 11913 38620 42014 38619 41511 1843 32230 25153 31722 16760 39392 38014 29271 37706 38557 28516 31390 1740 3887 29241 39232 23188 38016 36953 39056 18279 43991 38627 38312 48185 24681 38236 39437 24652 6477 31848 24949 48387 15419 38345 31435 41407 33649 8200 21181 31178 18314 31688 32187 11808 16822 26973 11911 9234 26490 10507 7776 17821 33716 19338 39781 10530 6263 9882 5124 40843 27984 4994 4142 4868 35519 4818 29105 3234 34784 5789 41359 34185 3888 37328 30642 9025 34525 20964 11797 7115 9756 31556 13785 5774 11272 15667 38969 7800 13194 9967 34248 22599 6076
371 5769 23660 3929 33913 36120 6202 6152 5939 5407 36415 16352 263 32920 28022 10471 11415 25585 11017 10013 23857 36118 1112 3475 35394 8236 10887 10002 11054 18932 28647 4257 19976 14192 43605 25012 38529 2644 21072 39759 37134 10862 25556 43627 39207 39235 15090 30965 39390 24889 18314 3478 27076 39455 44871 4389 19211 3832 4419 11266 45762 19720 13067 45683 4364 23589 12864 28419 40282 23810 14201 14489 37879 17823 25518 45107 16774 15694 38259 36130 38219 6039 2565 24907 46917 48133
372 19725 30860 10258 20043 29743 35494 6374 28916 25572 34569 29088 5108 14785 12831 29726 6310 12159 8559 7826 5373 19269 28930 9814 14327 29885 8683 7817 29013 41372 19726 29512 24246 23398 45973 36951 17794 11493 4854 7874 31450 34151 28932 8667 29630 8707 8641 29604 23058 8655 12001 30881 28573 24104 10260 28946 31126 35138 47178 41266 24139 16096 10801 41850 37707 2516 8957 21159 31160 24690 37891 23240 15119 39063 15676 41369 41853 38014 30996 3157 2063 1976 38611 12285 1859 19296 31093 28947 41370 7754 37701 23013 5550 29861 41279 1975 23059 8668 30995 1646 34154 23275 38562 32229 32160 28929 46107 5743 9027 31001 1768 41412 45313 5648 23982 12380 6452 15677 27453 12004 30946 31710 13902 31099 43277 47721 39486 32029 38894 31146 6382 41863 38744 16100 47611 14868 15177 41977 29423 37335 44034 23042 32526 7723 41565 46373 39437 29511 68 28952 32343 36484 39541 24636 13568 48354 19302 31370 7941 26212 5806 31100 9520 47361 32200 24581 10288 32208 30687 47618 5107 28636 19329 10138 6337 8591 28695 22879 6309 8592 3950 44524 33699 36438 5314 1551 8561 7846 1491 41222 5388 14600 8087 13774 8185 21528 1421 3112 29713 24198 10157 19237 27918 14545 42951 11841 8544 31009 32207 7931 2127 16458 10098 47883 8553 28637 43283 8560 8542 1180 20472 1191 41914 27566 7827 36421 684
373 21002 21036 30880 27350 21032 33810 21031 21035 21025 33795 21030 21014 21026 33809 15870 26942 21033 21034 27352 34477 36757 34007 21011 26924 30951 34175 20997 20988 21017 21235 39284 20999 4052 21020 20992 26907 4101 4231 39748 21021 21022 26915 39286 2055 21013 20244 36808 21018 21027 21233 20991 26896 29550 24339 30392 21019 21015 21009
374 37729 46597 41806 46701 46427 46578 45870 46740 31303 37728 46665 41943 41427 32525 43905 46496 32514 46634 45983 44882 46837 46838 47169 46392 41428 32462 46790 46990 41219 38750 46985 46761 46966 46621 46454 32517 46822 46973 47156 41846 15116 48026 47519 23283 41304 38878 47226 41539 47214 46651 46787 46767 47736 32289 38804 27357 47227 23211 31540 47365 42069 46982 47293 47425 31453 23120 31407 31459 47375 37339 47761 30706 47800 47584 47765 45733 47406 36106 47262 47218 47336 46741 36998 47225 23158 41041 48025 48024 48001 47840 37963 23300 47789 47625 38045 42042 42071 47680 47726 23281 38707 47631 47641 23270 31454 46537 32281 31446 41310 48885 47885 48953 41648 48644 48844 41647 46813 41698 48740 31319 48744 48734 48699 48737 48658 47912 48601 48525 37812 47596 41676 37817 47669 47738 48648 48903 48487 49186 48588 49185 48687 49166 49034 49070 49027 49116 49107 41678 49158 49072 49096 48936 47711 41650 41651 48995 48854 41677 48861 49044 44120 41652 49032 41260 48754 48480 13096 7609 29902 44703 45842 38903 41095 31572 31576 9483 45951 32020 13104 32130 32236 46231 45955 46248 48011 47905 48469 47924 48189 31316 47837 48528 38084 41645 38920 41673 48420 48397 45948 41644 41646 48421 48407 48504 48321 31320 48344 48207 47918 48237 47131 31317 47986 48318 48242 41643 48061
375 38983 20346 6065 21721 16069 582 16868 5580 11308 33264 39181 39182 3542 35219 3182 44321 22245 44746 12117 18340 43734 34604 18977 10990 35164 37088 26323 32716 33094 4112 26325 3330 28095 26157 14050 4792 40710 22820 22168 7772 35093 20331 21051 11082 33289 11127 38975 11081 896 35157 35311 39813 31796 31072 44977 45004 14097 30501 37108 11162 19709 28869 3205 20577 39229 36369 39420 12353 39351 23371 39397 23397 21069 42235 39049 33486 37234 311 31455 11354 11352 31506 33808 37089 33484 3784 42910 45389 45372 45448 27869 44301 39218 23803 37542 36748
376 38467 19754 38907 42978 27429 112 13887 2276 27150 42566 13885 8747 33943 15778 10922 12962 22270 39940 21805 39893 44183 8766 31605 5138 43361 14937 30348 1362 20778 15011 18135 29571 40112 33017 18640 13070 28413 19025 27201 27202 30963 10714 10695 32453 7774 15738 6961 9891
377 25732 18032 25768 34652 34675 25772 43319 25764 19241 2587 25757 25767 18049 8110 22763 22613 16292 6816 35791 20127 22753 21569 27130 26788 32874 4869 34415 9772 25776 25746 21250 40711 15650 26789 27373 32995 25740 25751 22614 21667 10941 40078 14536 849 40744 39076 43839 40541 17494 17509 11003 21398 40535 25753 8103 8171 25760 33529 16289 25754 25742 20220 10963 43868 43889 43880 43869 43085 40743 25730 19823 40745 25773 314 22725 40746 25744 43854 43843 43825 32998 42161 43883 43853 18348 33003 43877 43842 18346 40182 43867 10931 22108 40555 15988 10813 20237 23624 12880 25777 14349 2609 14550 44209 18754 42217 34622 25755 10439 41174 12011 3392 33595 21166 36015 28709 40239 24240 34871 39994 485 7595 14518
378 45489 11361 45936 45953 14934 45903 46215 44946 45549 46373 45844 45505 43788 15041 43465 44905 44853 45436 42662 45500 45177 45312 45277 46354 28475 48968 45266 44505 45555 48615 48158 48479 48456 44938 44989 47177 48266 47503 46127 45125 48045 47464 47370 47527 47611 48153 47333 45474 47630 44698 46971 48559 47700 47702 46058 46611 45816 47385 46309 47150 46341 46310 46423 46376 9027 43468 46566 46117 46818 45147 47257 46983 47090 47258 47197 46555 47184 47031 46060
379 13871 27982 29336 43389 1048 5542 8014 36673 8020 5327 27572 1130 1383 6552 28113 7369 28112 23666 1386 32546 407 12765 12396 43234 2939 26771 28331 3350 900 9643 28288 28020 6554 1061 19592 25450 1084 8006 7344 28287 26056 1280 35988 29701 24048 4989 6580 1415 34911 28376 8072 8061 26868 24277 1698 13186 13128 30878 29974 29221 23529 38480 12265 34942 6570 31517 28299 12137 1556 36326 1447 8019 5585 43730 11702 5102 1420 39007 1451 28380 1703 1426 12208 1155 1603 28320 29909
380 30329 8250 21453 11642 3483 3664 569 2423 11651 17725 15098 15451 20637 15084 23315 19511 15486 19752 39927 15083 3795 19515 3460 3674 48069 21531 23752 3492 15446 31513 42450 21264 40322 36963 20633 19979 39340 34193 20787 20570 3677 3631 31858 35963 3679 39382 20660 4694 42264 20634 20640 23099 38695 20854 11414 38917 20851 42353 3799 15560 10918 33698 20515 11419 31334 40089 42146 3755 30223 42326 23261 26611 27332 11663 11637 15089 31606 11646 39635 19971 20527 20636 3468 20853 20632 11633 23286 23307 3837 19755 39501 3657 38708 28507 28500 28473 28458 31800 16046 37725 33287 16041 27602 8162 3813 39992 16042 3412 20568 35961 21451 20631 5948 41787 29645
381 6461 25436 48041 36112 18271 30704 32193 5861 23328 28927 32327 48172 21747 28569 42411 38607 9557 7941 13627 5816 30727 13543 24584 29167 5817 41868 32344 31760 48573 41987 38506 41986 38067 25251 5815 13536 27141 13519 34616 42405 30743 25090 42413 6929 19707 7979 30912 21834 34617 21817 27143 13594 24579 15635 2226 24755 32342 25173 40858 24557 13609 24740 48510 13533 48476 48688 2188 41660 37856 32211 8728 42412 18769 32339 24726 26948 29568 18439 8715 16533 1753 25398 31807 31802 13571 25401 32004 24929 32325 24580 25806 15680 25814 38934 36059 21816 39201 24422 29725 18111 31731 11900 41871 5814 27140 42024 13635 5760 2098 13527 31574 31401 24671 2157 13574 9028 41561 27485 25332 41663 2216 13659 38500 13530 10741 13631 41895 37038 42215 31833 2183 13633 30304 5761 24647 19635 13561 31709 41896
382 47556 48702 47733 48255 48265 41873 47990 38379 38260 16318 37978 48376 45864 45533 39153 49028 49017 48974 48988 44543 48818 48908 48797 49127 47340 47573 46847 46531 41831 41825 46848 46993 23248 41525 41735 46771 23290 48957 41824 47481 47359 41221 47318 38763 47304 47401 47068 38742 46715 47123 38874
383 29667 20477 23613 17015 17072 26133 27169 21077 37966 15778 12908 25545 36280 25446 26315 26839 7142 18041 7391 8002 4133 36270 648 3204 3148 29222 34877 26503 40895 26342 28377 9640 27074 3071 36337 4378 31725 37612 31221 31655 26808 17946 12661 31784 23610 35311 27128 36128 28532 37275 10886 7128 24167 36790 26130 30205 11114 20326 9755 20203 32580 38978 4885 39918 34430 18986 868 8109 7448 26730 43026 39576 39015 8203 35046 26313 16115 26314 26309 20331 35833 26305 5559 14347 19578 16549 9684 18631 34921 26093 756 18984 5271 34562 11105 3456 39967 16578 33889
384 12290 30808 24342 5733 32305 5719 24311 5638 15698 1830 39410 38469 37769 32372 1968 24340 13616 2295 17871 49049 15659 1752 32330 24583 2031 2165 47895 38697 2153 41995 15658 15696 3146 31104 29733 13655 2150 6839 34808 8193 2064 2221 14075 24808 5593 3382 18118 5776 13652 11929 42016 47994 5898 7643 41975 9017 31870 13636 13689 41026 41902 41904 13598 31367
385 36928 24645 44927 13630 32351 48465 48704 24652 24734 38600 38085 31465 41024 36927 28788 36989 25426 19297 24682 13554 48749 13601 15974 24783 41908 24402 24673 47656 24793 47850 49133 24817 13724 2198 39469 13688 47618 48059 24688 15970 40099 40832 22653 21525 31157 40355 47876 47116 13109 46729 32454 39342 37782 41529 36926 24476 39515 39297 47286 9003 24254 39343 45849
386 18409 40376 24441 6590 24625 27019 8714 31843 12344 37864 29279 41423 32164 24614 41424 38576 38580 29301 38578 38575 38581 38573 38579 25045 38584 34540 34542 31294 38583 19325 38582 6469 27010 29270 31701 5766 16768 30642 29284 24856 24841 9025 39191 15701 24989 12376 30187 39456 38577 2099 1727 8916 24304 27036 25784 28645 27029 27030 5810 39321 27009 27021 29431 29247 27025 9016 25006 30706 3738 16020 6515 6775 5633 25263 11997 27028 23502 28946 30164 29242 19733 1732 11344 34938 15899 7678 31544 22962 31934 41549 31725 16323 27428 27432 27940 9868 19324 25371 10701 14065 38229 31920 41893 6403 37310 46066 37962 29642 27022 27020 11805 28932 16308 28147 29328 15326 38268 15340 36516 36517 38056 27046 36529 37505 5780 5745 3737 30664 37871 32149 11792 3739 31828 37156 29310
387 13553 36241 38375 31979 13526 11517 1819 10332 1625 1557 21190 41165 9087 32353 1004 26634 31102 11999 20357 26792 11299 41962 31107 12579 26777 7910 1871 4923 1966 31092 29187 31487 13525 12646 32755 22024 7434 11699 17234
388 2576 25820 43675 16919 27063 34043 14234 14040 34826 323 33632 727 39969 14245 25644 3942 20404 16282 15696 9009 40178 5410 4897 36834 3140 22460 3923 4369 7578 1855 44264 25553 31174 20499 16886 23500 20322 22596 21859 13654 41930 41919 37765 32718 16291 32770 38608 6873 20469 20439 29191 29301 4088 20492 15681 41530 41409 13597 28172 34343 32169 39509 31689 12805 24122 29186 33419 1835 20253 41110 830 17244 21077 281 1395 40276 21226 27379 4373 25552 23663 19772 31729 36833 16344 23690 13363 41664 44894 34884 29115 39413 32696 7595
389 45298 5507 8997 46243 46455 36648 26991 44867 5614 45174 35706 44526 44804 5574 36391 5615 13081 16723 46773 24372 48958 47851 35397 49129 49117 15971 49165 38383 47485 47174 30477 46749 34536 33536 46645 49174 40953 17881 16708 43922 26051 22846 26052 44242 10822 26036 36584 36878 22840 16715 6813 17157 35371 26987 21173 41002 16704 28684 5500 6292 36402 41047 26041 21211 21174 12553 11505 6551 26988 17931
390 26732 20731 35209 12768 759 3351 22382 34416 3445 33930 8166 6713 14717 21293 19485 900 17749 2036 35471 2979 3443 1114 12782 2924 12776 6540 20516 3336 12780 26810 19587 26218 920 35984 6529 389 17842 11435 6538 33909 20968 10430 4689 32879 7045 39985 21606 16068 32735 4705 9113 33284 22134 7469 21809 6099 33430 14502 17758 14577 39895 562 20620 32572 20621 7718 7473 6648 9805 20967 32574 11432 39986 22220 32989 4697 1130 6798 17339 43587 40001 35636 6555 43711 30109 44402 3172 39244 22410 36387 10142 12741 12124 6562 33098 12806 6545 16268 35987 12796 12767 1236 8574 29095 3173 28800 10638 6544 35609 12790 19897 6543 22222 42987 6526 42826 12355 15948 36145 1672 6088 6647 6523 10086 542 6522 8013 11483 1048 25254 49008 47787 16112 32828 45752 15665 46300 38725 3781 18543 22872 12783 44028 30682 6528 48075 47970 47538
391 9257 44700 8645 9141 20217 11494 9254 11464 8519 1088 29045 5313 43305 43306 5276 26462 43313 28916 45850 8530 44231 47985 43826 46722 43774 45243 44269 45391 39386 46415 46373 46083 45926 32247 13244 45982 7789 8516 6401 6452 45006 44761 46436 20373 10229 43416 10257 1228 28930 7874 6450 4352 10256 45400 35032 1539 26112 45420 34862 43265 43461 28579 43832 28588 44797 43486 11501 26113 27946 33860 29365 26102 36789 26509
392 30406 46816 25790 31992 5756 3192 3737 37761 3013 31662 3739 41247 39457 17973 37930 5687 38100 2147 36623 47276 29431 41484 5854 12303 33863 39472 47989 5413 6239 6839 23529 14797 48814 25395 13709 5415 39692 46262 8072 48567 38819 38066 28400 24586 2046 38064 76 3194 2265 35993 6469 24575 31989 15349 2026 1736 46964 25353 47151 45371 41753 5663 27035 2202 30884 24737 2087 2143 13649 24624 41930 1788 35996 24450 2193 2053 24613 47051 30446 32203 24358 24749 1858 24314 41619 2178 24659 1940 26644 31786 46473 36888 31852 24600 1756 3128 16445 24709 18275 2201 2024 5440 2189 13635 2027 29999 27122 5441 41507 70 47745 38235 6763 12272 1870 11871 6485 2023 2194 16447 31693 31701 31750 30889 5565 24618 32202 40946 29435 31739 25059 2085 2190 45199 19707 1998 1594 18116 24470 31014 2223 1989 57 36845 36846 36860 45576 66 36856 30821 30445 24706 5511 11918 2174 41968 2182 25823 2170 2123 391 40407 25377 24540 46048 48521 31844 31830 29316 3190 30471 24086 41855 5752 1973 5842 1323 15681 37614 17952 13956 35122 16448 32358 44427 31710 35038 32508 2139 32004 5587 38485 41145 39344 38486 16743 10727 25358 1941 24801 11952 10730 32213 1775 2069 41901 2176 13728 24653 24568 2110 1906 1733 1864 48643 1451 45404 24645 2039 24570 43280 32011 326 11921 11904 11903 23975 41893 31767 13614 11805 32183 30239 1841 15697 41872 31848 24698 18288 1981 24380 1656 18461 25339 46542 24802 48462 41911 14520 1876 15658 1763 48345 11792 18131 35041 24073 30083 31948 24728 25414 8582 47920 37153 1992 34803 18113 31695 30026 47602 31711 24812 43663 30513 2097 2236 37841 41637 43333 44090 44139 29491 13718 26250 48347 39530 41761 18287 25405 13733 25429 24743 13172 38070 49108 46330 22889 30086 38821 41760 36681 38024 14688 14087 2138 24649 40340 49163 30679 28612 2168 31064 26893 22965 30726 26076 8708 24135 44243 44826 45359 43875 41218 44696 31491 1237 48804 41923 1910 37271 36640 293 26905 28300 23983 34941 10362 1466 15202 140 24485 4266 24300 10723 5828 1896 1792 37302 22967 16333 41765 1731 28370 5150 23507 37329 1963 1553 1922 4098 5759 13529 39534 21177 24454 30758 41763 41762 37844 2237 30753 41766 24621 37872 44027 18206 31838 30396 29776 38352 25313 1784 39993 13656 45498 8017 31847 8540 2107 31951 28529 40375 42001 13589 1757 24277 24955 27972 5586 1568 19323 31006 2121 31785 30254 10742 24354 29612 1567 17110 41754 24334 1990 24972 19299 24271 41991 11579 10735 10732 40517 25136 24572 38561 20088 38618 24335 41851 30255 42004 20438 24539 23202 39456 32501 41249 9510 39430 37901 2210 18767 11881 9563 24166 19450 30978 28326 17965 7329 5400 1964 29962 18141 18137 18213 31090 24551 1948 1817 18265 30240 32224 33506 31706 28301 11710 1818 17939 30936 17940 13183 16503 1168 1770 29381 8913 24176 30238 18195 1806 13069 24368 44937 5461 23201 5699 23398 25053 1472 5789 5462 25781 24205 17920 36611 1605 1566 30924 2018 48052 24389 1207 34698 1208 29922
393 3397 4118 4254 2372 20524 10764 42262 5288 25639 39078 26230 2511 28673 19287 37293 41579 30922 3394 19472 3153 37528 28653 29636 36659 19967 7100 3102 49069 38363 7118 40339 41560 39873 7517 26540 19285 41087 31365 38072 32145 31872 31431 19278 37326 14553 25463 7113 3866 5050 11654 14578 21151 8271 41516 48796 20256 3854 41877 35121 34598 3953 19328 34800 17996 4234 3130 36829 2687 34618 7765 13321 34528 20145 14341 19751 34847 4898 10803 4355 19974 19519 3115 890 33182 8144 24211 40838 40073 7140 4692 17154 10541 7078 4900 20904 36541 21524 33570 4050
394 10405 29330 5619 40795 44004 44067 43767 43417 4981 5989 22870 28018 43857 27934 6344 8276 4810 23983 16198 16252 28367 2284 25534 20029 8016 14326 43572 4261 34880 2985 3942 27231 1808 3808 4228 1998 24459 29593 28483 9605 10533 6335 10552 29528 16193 753 21183 27935 39181 14617 27922 15996 33092 3966 7955 6440 36033 6009 24065 7737 13034 28606 30020 7266 44430 497 4876
395 22651 19637 18648 3051 33935 915 23945 2315 13550 1153 20535 554 22668 47431 6191 21243 20095 15077 14090 21755 4138 2776 20974 5340 4408 27900 14876 8370 487 8313 19540 2790 34377 14882 5922 2741 14374 566 22860 9580 34821 20689 2794 8298 42562 33390 7147 2785 8367 1203 19834 6976 8765 34376 39871 39792 19776 13946 13431 21247 10434 19966 11695 15244 15248 10268 7499 9951 15238 9946 9948 14400 20973 2261 16109 2845 9893 13955 35082 34286 8311 2368 2256 16164 21759 8875 16891 21259 35726 21664 13481 3828 8750 16019 14026 3548 2804 19807 19805 39115 7511 42782 7412 13469 13409 10186 33325 13454 24156 7249 29985 26231 15909 36264 25785 12681 39628 17312 12727 2953 12388 8810 19547 20235 2977 14929 14974 16945 15269 10331 30827 15263 15265 8828 8809 42498 28735 28302 14015 26187 30606 13140 24266 13581 12560 38956 20777 2115 26910 47220 30076 13126 28648 21888 4963 23444 26624 15488 111 12683 2789 42976 17235 9902 25982 21584 1549 21924 9904 8372 8368 14846 8369 7460 11624 7288 17292 2959 20081 36176 17350 10338 26812 14827 9660 2255 26635 26779 29928 12452 14836 16941 14636 28394 6912 13367 1018 26198 21723 26656 15039 27621 35611 20085 8818 3000 35351 17366 2943 7235 14891 27261
396 46245 45641 46762 45896 46025 46802 46123 46397 44521 45970 46402 46425 45818 46109 44264 45921 44347 16241 44632 5985 40100 42888 44877 44913 15901 44584 45013 45391 44986 43503 45061 45139 47750 39537 45309 47616 47649 47917 46850 47618 11357 46707 47941 49139 46909 46974 46898 47312 46887 45516 45394 47019 44071 46334 46724 46301 46779 46815 46566 47223 45012
397 5194 5216 14401 606 14330 20385 10373 5190 5189 9117 9059 12997 9060 604 37936 16498 21565 9118 9097 9748 9603 9071 5195 6024 5180 5198 10455 6127 7753 19642 10220 16279 10017 11479 10219 465 42926 9076 9116 10460 11460 11459 11458 11457 11456 6041 11455 9068 11453 10210 11450 11449 11451 11477 5123 5192 6051 602 9075 11472 10462 9065 10023 5185 9072 9067 10454 14320 5197 2662 7432 10025 11482 9115 11481 5188 25612 9061 34325 25448 4874 18121 26600 16499 16507 16500 16508 5039 20930 25466 6288 25539 9294 11487 9255 9179 4872 43539 14510 9200 9080 4010 7067 4032 5381 4015 18245 5056 3937 1033 5103 25457 9112 5397 17885 40851 7062 11454 25611 10664 9111 10667 16266 42847 42843 4251 5088 9258 25776 9274 6184 16666 9992 42960 3955 949 4130 16699 1189 984 9998 14467 983 12822 458 274 275 43903 26570 14457 9088 34363 9198 25615 25591 8519 34280 1161 36430 9149 32599 8554 13330 13016 26542 1198 22200 953 27915 12984 13058 4868 7053 4839 6241 4940 4873 4771 5151 10657 10640 15224 733 805 18027 5227 10637 4779 10652 5921 5895 5893 5248 5178 5894 4838 5184 17831 17904 5182 9130 15481 31795 43055 4755 10126 4846 10651 42696 1024 435 13200 26480 8274 9994 9247 4089 10658 26477 9996 16396 763 7574 10012 6027 6175 575 538 7111 34322 26517 7742 627 2885 3033 42935 4896 4889 4890 4140 8107 13320 14168 703 4722 40870 732 543 13313 40364 26592 9134 29763 44448 6252 34356 7974 24321 9106 5199 31116 20083 29137 9565 28961 6386 6604 9558 1287 44966 44968 4871 26264 4944 24014 6602 9997 34359 34365 36461 26268 43794 717 972 19668 24249 29754 23490 15930 40253 29726 5827 35374 409 15922 6385 4364 16226 4829 20401 38125 44714 43716 43715 13339 45062 47194 47866 13543 28605 48221 37805 38919 47889 37033 32313 43288 4821 25239 30966 31167 24444 39394 10775 12325 36831 23484 29275 41424 5770 31390 5751 1867 10562 33673 4865 24129 10670 43070 38981 24034 26338 9415 43168 4122 6297 6296 6254 13252 9174 44419 8718 6255 43427 9413 1488 5089 20403 38980 23958 9145 4250 9216 43336 10514 10524 9192 9284 9362 10367 44078 34817 44106 10577 25635 36433 3946 1304 44224 10528 9123 6295 42840 42436 23564 9234 9237 9239 19646 9250 9402 36434 34911 44969 1664 23750 4808 44964 24165 3965 8054 1449 44970 1456 6429 6310 24051 6371 3122 44965 10414 36310 40954 168 43040 10626 6294 9186 42807 23706 8466 8475 43594 10625 7583 9393 25634 16485 9246 8496 23654 12977 14333 5120 62 12999 14334 42452 9437 16091 2680 2503 14394 14423 14414 10383 14441 26470 14432 23959 10646 20906 14450 6456 6016 5222 10835 5209 12991 5205 14469 26469 14473 14453 14390 14465 11569 5204 16239 6017 14383 6043 15282 9183 607 18572 5193 6129 14384 14380 14230 531 14415 42449 19649 6022 16288 605 16245 10426 10212 10386 9058 42700 10018 594 42579 12980 34063 16561 6047 2272 603 16258 13026 14367 16593 10233 5208 5159 39638 19654 4804 10197 14040 10209 10216 12976 10253 5201 5191 10225 35363 16190 13090 38970 42964 3078 3047 2878 2725 2712 11964 12981 10240 2707 2693 21275 11585 13290 5228 17913 26489 6054 5157 7472 10389 6061 14329 5619 14417 14377 9136 39637 9241 9892 40688 10055 4742 14458 10005 4812 10241 14312 10218 33348 19648 5171 8095 14316 11574 34054 10259 14412 34419 7145 14386 14311 14413 14391 14433 14378 6035 16406 33710 10051 7428 10049 39463 10054
398 11219 23382 33838 37659 26909 33946 33833 33836 15229 11016 10980 21645 28049 33830 11154 20665 21306 35571 21651 17751 21648 18485 21649 18486 39615 33831 19817 15471 15475 39607 33837 32847 11274 11309 11151 35576 20662 36105 18302 21647 35620 40899 33832 21045 32918 33845 10960 32846 21652 33828 33851 35614 39609 33835 28051 11300 36494 23581 11283 28060 8872 32849 33701 39848 32761 21396 32844 20679 19771 32850 7394 32842 35818 36395 39181 35573 28066 33840 33876 32851 18922 35570
399 45619 36284 43714 31070 45597 43107 43431 43116 43807 46062 42808 46180 43429 46125 15443 44025 43024 42632 43548 44416 43650 7850 46235 44121 40141 44500 45723 46825 45850 16457 9156 43495 43049 27566 4976 502 4856 4035 13343 5059 4120 43296 43496 36271 20461 43325 4305 4297 14739 43677 8437 9804 13942 5031 43763 43780 7107 4264 5944 9140
400 654 11245 20192 36814 11610 11304 19188 44536 14357 14605 28699 1106 33829 20486 23962 4684 43090 27941 48678 5762 36202 14590 31570 3914 28138 8756 4377 39608 7792 42447 40083 8242 39604 27644 18481 432 34747 28675 33834 13926 12720 27645 20178 3032 34294 2890 7585 4837 27977 11712 10939 21910 39610 35384
401 4457 8016 10711 3741 6339 24355 520 4445 30428 28950 4450 30407 10736 14559 17637 5099 29794 39846 48315 10695 26491 58 6183 19177 6450 40349 10042 30988 2095 32377 39540 29572 9262 4029 40162 11744 48693 24787 48736 40344 9813 42080 2150 4259 4938 31839 19702 31089 39415 1981 29000 5228 1006 455 39414 41981 11864 10420 31835 71 61 16171 28990 28927 29550 50 698 21736 19989 28629 5877 6100 24163 17534 43882 9818 2877 4727 7654 2671 12973 31306 4854 5693 5220 9883 6434 9453 36616 43746 39036 5976 20428 9822 29004 28644 28905 31067 10569 10479 11989 9829 43845 5900 7244 9848 34402 4028 9840 28664 4340 10376 6362 43886 40563 9850 1365 27934 4953 33129 4047 9830 9801 44614 10045 36644 2851 6380 3123 10523 17535 17540 14963 10047 49 9857 26466 45725 10105 31904 9847 25876 33583 17638 8280 39698 9162 35015
402 43115 48194 45668 48334 48289 47418 48272 11828 44971 14122 43206 13593 41697 43373 3325 46961 7409 5258 6936 28707 6966 26686 44104 43320 28343 48722 48927 37215 48464 8756 17947 48405 48221 43465 42834 43522 35240 44274 7184 17349 21880 45956 43382 1145 21877 43106 14892 4284 202 42954 47466 47768 47580 47710 20751 47983 41146 43200 44522 46309 8737 46180
403 36664 14710 21908 42830 33976 25813 20814 36872 43616 21828 21827 34142 28731 36984 16294 22189 3608 35113 23497 14738 20545 41883 21205 42467 21195 31185 33280 42541 1174 26180 48683 37600 15866 20866 30353 28895 15862 35116 26271 22003 28190 28896 43316 33524 699 18539 30533 19927 37008 27585 14354 24630 19672 35146 21800 40414 21461 42560 7766 15566 17629 21706 14719 10877 36505 16135 4590 7744 42943 21829 4156 21707 20146 40656 25500 20546 378 20606 20152 21743 20782 21359 20594 28236 21435 22130 21742 600 21830 4093 20155 34731 21437 33251 33252 36812 42917 21316 40047 40048 20040 21745 34461 21472 40478 21853 34481 30534 28194 20976 43351 20001 37721 18082 29457 20593 31691 21799 20865 20149 29814 13897 31181 27779 36261 22228 23159 4394 242 22240 34673 34888 33249 18536 33248 40477 20147 21760 28195 11982 39595 13903 11867 29017 40831 37010 19341 40007 20154 21838 44513
404 21114 23165 1171 19208 36575 1901 20864 21546 21693 21696 21697 4484 19190 21543 4523 13274 19178 2898 3066 13981 43017 7134 15490 1384 43272 21544 4239 42969 21542 5398 21690 30111 19194 21691 5287 15489 18054 7048 19193 14529 18053 30110 37336 37337 43925 43397 36959 5451 39778 31531 30803 37269 38394 36800 28991 21527 36749 7117 21794 32519 30997 22598 21553 36747
405 17717 19175 33226 21705 20938 19040 18327 19200 22771 19361 21429 21501 40695 21470 21469 5457 43637 2265 39616 39877 32926 34266 21883 32878 14521 33515 14624 19428 3396 19214 21392 25657 35908 11587 4614 33014 19953 21428 16487 33653 26177 35526 35737 15288 20935 11237 19180 19181 41268 28727
